scenario,rep,seed,runId,fnv1a64,shortShare
scenarios/p1-goss-1989/fig2a-r1.json,0,2312232598447777568,597724ebf2349626,419db900c06c4e25,0.008
scenarios/p1-goss-1989/fig2a-r1.json,1,15653994942345168839,5331f230831e7529,4bc3ab635ae73b11,0.95
scenarios/p1-goss-1989/fig2a-r1.json,2,9596903935995777997,64785458311c7e5d,9af5df3e04a186bd,0.926
scenarios/p1-goss-1989/fig2a-r1.json,3,7078676886350541996,24997c809f3aedcc,7bd04f9892eddb20,0.882
scenarios/p1-goss-1989/fig2a-r1.json,4,170989759658648613,2689d9622719ac6a,86c3d6472e0bcc2f,0.278
scenarios/p1-goss-1989/fig2a-r1.json,5,8201127223909263803,7e3780192bbdbfb4,6d726ad43fbf1d73,0.79
scenarios/p1-goss-1989/fig2a-r1.json,6,17505188272115051029,dd52cf32cc6e66d9,3a173de2e98826f0,0.95
scenarios/p1-goss-1989/fig2a-r1.json,7,4272468721311353696,9a7d3af8d40a8541,8d333eeff8fd9566,0.37
scenarios/p1-goss-1989/fig2a-r1.json,8,14931757519008990707,5265269513e99be6,0df50090d5c74c62,0.1
scenarios/p1-goss-1989/fig2a-r1.json,9,11277827921250650417,5d34f1a0d8786e57,880c2c2abdccdc1c,0.804
scenarios/p1-goss-1989/fig2a-r1.json,10,7700330946237103817,520bfd244ecb13bf,0ce4eead53d5970f,0.936
scenarios/p1-goss-1989/fig2a-r1.json,11,17298998565975910602,4ba50907e0f4a37a,3e2e8ad8cf7083a1,0.996
scenarios/p1-goss-1989/fig2a-r1.json,12,15810890023484535677,d12ddc6c1ac402b9,271bc5dbbc6edfca,0.098
scenarios/p1-goss-1989/fig2a-r1.json,13,12898607194113248800,a3b66ee897637ba9,756fd9255d8a812e,0.726
scenarios/p1-goss-1989/fig2a-r1.json,14,16533926923968681179,e9e4f33c9e49d2d2,f89b5994e2fbd0fd,0.94
scenarios/p1-goss-1989/fig2a-r1.json,15,4532724931508244292,8519ca6ebd827b91,f58d622dbbdbdd3c,0.97
scenarios/p1-goss-1989/fig2a-r1.json,16,9433489479735812974,c0b8b2e202b54499,837753ca5c629bea,0.174
scenarios/p1-goss-1989/fig2a-r1.json,17,16485247924827510236,63b23d7d95948e74,b62471f33592b845,0.21
scenarios/p1-goss-1989/fig2a-r1.json,18,7867767668706415785,9bf7cd1ed77f613d,c2ad871b3ae7d714,0.646
scenarios/p1-goss-1989/fig2a-r1.json,19,653521437974342673,6fd8a63b5ef0155a,8663619b9080fabd,0.11
scenarios/p1-goss-1989/fig2a-r1.json,20,1689725022865817711,fc21b7c95dbede75,786b5e171f010c9b,0.956
scenarios/p1-goss-1989/fig2a-r1.json,21,12312427977806730813,c3c929c8bf9ae206,ded8caff9e38978d,0.848
scenarios/p1-goss-1989/fig2a-r1.json,22,14839093230899689871,3461acef36c150b0,1902f4b84f3fa7f4,0.792
scenarios/p1-goss-1989/fig2a-r1.json,23,12145290006479282829,17a43b4a403d8a8c,92511fc3055ff90e,0.144
scenarios/p1-goss-1989/fig2a-r1.json,24,2537130104717291839,9deaa189ca509068,774c92fe4db06b1d,0.634
scenarios/p1-goss-1989/fig2a-r1.json,25,5173128522816980245,e517fce22a0a19e3,6eddee7681c05a09,0.898
scenarios/p1-goss-1989/fig2a-r1.json,26,4243627225019564048,18956a13b6398705,4b88baedc69a27f6,0.422
scenarios/p1-goss-1989/fig2a-r1.json,27,10759214440570370028,400da4d45e3d3780,196f3cfdb697d6cd,0.276
scenarios/p1-goss-1989/fig2a-r1.json,28,5915447391374511788,a7c221996007df59,39156e1279e47ead,0.026
scenarios/p1-goss-1989/fig2a-r1.json,29,16724569915268478280,8c294fba1ca86c4f,7c98cdd86f551484,0.714
scenarios/p1-goss-1989/fig2a-r1.json,30,8837745983296110486,93849e4a998ec28c,5614455c42cbccf2,0.26
scenarios/p1-goss-1989/fig2a-r1.json,31,15189778981770887987,3e42319a1776d36a,13fee2a1379ade6f,0.014
scenarios/p1-goss-1989/fig2a-r1.json,32,6397928650887029530,237daf20675b288d,f2e9a8f214f6442b,0.036
scenarios/p1-goss-1989/fig2a-r1.json,33,18234481081998190613,3685cf9d88d5e658,2ad4070623a2bd74,0.208
scenarios/p1-goss-1989/fig2a-r1.json,34,13533421467462501828,26b21cbb00b2b66f,cdd0b31374a1fd85,0.226
scenarios/p1-goss-1989/fig2a-r1.json,35,2958600667225992917,d8df5d329d3054f0,07099c95c42d30d9,0.298
scenarios/p1-goss-1989/fig2a-r1.json,36,2601991791433794887,db13d49f7bbe1885,aa3485b091a09832,0.092
scenarios/p1-goss-1989/fig2a-r1.json,37,4995155608599055625,c9eeda8d3acdf9e9,9cc5c8d349de6f12,0.764
scenarios/p1-goss-1989/fig2a-r1.json,38,2779853719803583546,eb2b4a0cda111e16,7d25db3a3bf58e12,0.99
scenarios/p1-goss-1989/fig2a-r1.json,39,2064715646288655225,39e9a62b7d115813,a347947b36315c07,0.062
scenarios/p1-goss-1989/fig2a-r1.json,40,1250266473155769398,bf0c33582b822f2c,ed60835e4791c234,0.876
scenarios/p1-goss-1989/fig2a-r1.json,41,9657321665400391173,84b34208f5d63ab6,e85b9b73a1fbd1ca,0.102
scenarios/p1-goss-1989/fig2a-r1.json,42,15964998580891258615,59cf6f8117dd8bf8,de35f61ad41118e6,0.222
scenarios/p1-goss-1989/fig2a-r1.json,43,1158713627277205365,4c9a576ce03b27d5,1db330e09740c210,0.346
scenarios/p1-goss-1989/fig2a-r1.json,44,13953732997769682872,9ce0d7a449a241bf,60a9ff453a6e1f9e,0.988
scenarios/p1-goss-1989/fig2a-r1.json,45,3848722601877013537,bed1c4a8ccfa9c87,0185168c56d2c462,0.066
scenarios/p1-goss-1989/fig2a-r1.json,46,2068894743022182750,75a5562255ccd909,b36f296ccbd50506,0.926
scenarios/p1-goss-1989/fig2a-r1.json,47,17862703533844283328,93c5c304fd960c00,c48727f810eceeb6,0.046
scenarios/p1-goss-1989/fig2a-r1.json,48,14676686317410202745,151f205f3e0c2dbb,2ad6558bfef0f131,0.888
scenarios/p1-goss-1989/fig2a-r1.json,49,3849981628784763824,7f6ada887f28ff5e,ff2947adb9655e3e,0.954
scenarios/p1-goss-1989/fig2a-r1.json,50,7856915119419190994,913ba3f20d8da35f,61e12e737bb5dd9d,0.01
scenarios/p1-goss-1989/fig2a-r1.json,51,3510132482616396378,7639f49e4a151856,b37ee2605e7b69ea,0.838
scenarios/p1-goss-1989/fig2a-r1.json,52,16306956819789573112,864d5206f798a288,c2ba7fe233ad64f2,0.044
scenarios/p1-goss-1989/fig2a-r1.json,53,3929927865625333432,11bfd049206b5b51,20d55809ed9b641d,0.3
scenarios/p1-goss-1989/fig2a-r1.json,54,15183311577406331587,ceb9ede7f4db5a16,deda8055d3299a37,0.138
scenarios/p1-goss-1989/fig2a-r1.json,55,13815135673470888175,4a74e8d375ec6933,5b1c81e857443014,0.968
scenarios/p1-goss-1989/fig2a-r1.json,56,11339095010151092137,d70f49785aaf4bad,581a8b5a48b9bbe2,0.874
scenarios/p1-goss-1989/fig2a-r1.json,57,4160251198332160760,651823007dc870e3,ae3a5833788633d9,0.952
scenarios/p1-goss-1989/fig2a-r1.json,58,12865259278233705565,538c5412b76b6305,574cfe87c1adce6d,0.984
scenarios/p1-goss-1989/fig2a-r1.json,59,3096258646799035543,78bd7eb69afe272f,a5088d5d591cc57c,0.254
scenarios/p1-goss-1989/fig2a-r1.json,60,16134708649641836731,b45020decef9e23c,7a4a4a9e5091c0e7,0.214
scenarios/p1-goss-1989/fig2a-r1.json,61,1881576063995011526,e3f3a0d8ff3a5c8a,2170892e4686ec14,0.392
scenarios/p1-goss-1989/fig2a-r1.json,62,16869214714927047087,607725fe9e8e46f7,8a5880c84130349d,0.042
scenarios/p1-goss-1989/fig2a-r1.json,63,12974300046392203920,53417067e6b0b150,630f7c7be3a4225c,0.07
scenarios/p1-goss-1989/fig2a-r1.json,64,16840307046705801632,b660d38f35e815a8,987409f83b7e7fe2,0.826
scenarios/p1-goss-1989/fig2a-r1.json,65,14301739102254030271,c89f3879c2db0163,e933b72ebf1b3016,0.958
scenarios/p1-goss-1989/fig2a-r1.json,66,8185263141772040973,1b8acb7207527663,f3253d368fb51060,0.138
scenarios/p1-goss-1989/fig2a-r1.json,67,390576457991593546,3c8c20d7c1090863,367e7106a9595450,0.448
scenarios/p1-goss-1989/fig2a-r1.json,68,17502075571660240275,e855ddb55369d9aa,2ed354af2b499e1c,0.994
scenarios/p1-goss-1989/fig2a-r1.json,69,619922720691056118,7101a92a11c36e93,acad5dc6dfe01406,0.784
scenarios/p1-goss-1989/fig2a-r1.json,70,4117071611822184276,b0813687b57d6b2e,aaf081fb48a33963,0.962
scenarios/p1-goss-1989/fig2a-r1.json,71,2171100820832051441,59a6aad3ce8018e7,b92d11b514be2d92,0.81
scenarios/p1-goss-1989/fig2a-r1.json,72,2305137998873851315,9e5a54e0b09e45cc,259d7adebb1bae16,0.898
scenarios/p1-goss-1989/fig2a-r1.json,73,9485721318436679964,86013b993826c631,a14844d4d31a5d34,0.924
scenarios/p1-goss-1989/fig2a-r1.json,74,4802528511065036525,fd204a89735e7696,0cc4521bd6cdd668,0.032
scenarios/p1-goss-1989/fig2a-r1.json,75,5575698165263819890,d006abe14a7716d4,25ebd0ddacef4d7f,0.026
scenarios/p1-goss-1989/fig2a-r1.json,76,6152072689291748697,ed81895fcc2f39c3,14dbc27d13238b93,0.02
scenarios/p1-goss-1989/fig2a-r1.json,77,7485725966479355773,5fb5a3ff14c741c9,0386f73eed06ae40,0.47
scenarios/p1-goss-1989/fig2a-r1.json,78,11662907796003396924,7d456ee69b8c0f9e,c8534227e8e6bf62,0.118
scenarios/p1-goss-1989/fig2a-r1.json,79,16356950734180135708,c89b90c3fbf9ca73,45fbd554e554e374,0.996
scenarios/p1-goss-1989/fig2a-r1.json,80,11650255679334069948,4224466c3a781846,50eff2e863be87f7,0.226
scenarios/p1-goss-1989/fig2a-r1.json,81,3668829241100015794,5797b7a1405076f7,20569108d51bad74,0.042
scenarios/p1-goss-1989/fig2a-r1.json,82,5966446575339052814,667be9d45b61bed8,f81067ca8c628ba1,0.912
scenarios/p1-goss-1989/fig2a-r1.json,83,3466966395745851907,8e1bfeb2fc0436bd,df3ee797f465a33f,0.402
scenarios/p1-goss-1989/fig2a-r1.json,84,9330340534142791083,41904b50256287e7,4f49e8aef09fd073,0.032
scenarios/p1-goss-1989/fig2a-r1.json,85,11886220580376995073,88b0f8dd195f5d0f,17bdbe8d0df5fe9d,0.714
scenarios/p1-goss-1989/fig2a-r1.json,86,9734976546010131974,5dd11131e4b8ba4a,9a49e998a2e68541,0.396
scenarios/p1-goss-1989/fig2a-r1.json,87,16706011882654227658,5aa119901c4eda87,f33381bfe557ba7c,0.014
scenarios/p1-goss-1989/fig2a-r1.json,88,9576761637437516202,69c29c097f2b2033,5efccff225e39c4e,0.132
scenarios/p1-goss-1989/fig2a-r1.json,89,1483599618115705344,f9505877cf36e390,4c389a419c13ed6e,0.038
scenarios/p1-goss-1989/fig2a-r1.json,90,3669258679378165220,8efe522f0679fd16,617b2b1e79d7abb0,0.964
scenarios/p1-goss-1989/fig2a-r1.json,91,1073415830604114415,81d3c8a87f544c7f,77faa178d4b7dc33,0.18
scenarios/p1-goss-1989/fig2a-r1.json,92,15620802328590456091,81c06d4ccc1b6aba,7c00b75b4ce7003b,0.01
scenarios/p1-goss-1989/fig2a-r1.json,93,9151361430868834820,ab901ce4a160753a,40dc8558c42d6dde,0.484
scenarios/p1-goss-1989/fig2a-r1.json,94,13739411058415706725,45b82fce9e31db8c,034280a73e015e13,0.636
scenarios/p1-goss-1989/fig2a-r1.json,95,9077827114146119006,0c0a84f5fc1e2772,68b9a6e1dc84ebc9,0.766
scenarios/p1-goss-1989/fig2a-r1.json,96,10524504638344154604,e8909d9eaea2d21d,6062bff5981d1978,0.134
scenarios/p1-goss-1989/fig2a-r1.json,97,10973171997039007670,9215292017134ff5,3b5dd7276a83485d,0.008
scenarios/p1-goss-1989/fig2a-r1.json,98,9335086522734269547,d14a5d6107a885f5,062672418ca29458,0.97
scenarios/p1-goss-1989/fig2a-r1.json,99,365814994024046891,2a9fca4cf54853f2,fbf039a71a359471,0.3
scenarios/p1-goss-1989/fig2a-r1.json,100,1274400054344764145,418e5f3efb5e1595,2ee7d104cb28a235,0.264
scenarios/p1-goss-1989/fig2a-r1.json,101,10598588151481301670,a0e8036cbb186b3a,3cde87951ecb5da5,0.014
scenarios/p1-goss-1989/fig2a-r1.json,102,13310652224613486134,f08ed982ef4d67a4,91fbe3d68a55b5bd,0.33
scenarios/p1-goss-1989/fig2a-r1.json,103,12547922475732906376,921584fa81d20f5a,148ecd7ad4466d6e,0.956
scenarios/p1-goss-1989/fig2a-r1.json,104,13128927776872787898,0e68551eebade73e,144d80a82b768d24,0.994
scenarios/p1-goss-1989/fig2a-r1.json,105,16391044752752962707,58a98d8382434be6,cf33c75e0bb555d9,0.974
scenarios/p1-goss-1989/fig2a-r1.json,106,13867819914775245572,b90f222689cc2401,361d3bfcd83f05b8,0.104
scenarios/p1-goss-1989/fig2a-r1.json,107,13657258623271652834,bcfc91b20a11ee71,dd75f393e69882ef,0.756
scenarios/p1-goss-1989/fig2a-r1.json,108,14564028529157239574,6354f5a8f7e12408,fdeda886606d3961,0.012
scenarios/p1-goss-1989/fig2a-r1.json,109,18236068050663904582,78a72c4261c80100,65a3d62f08d74524,0.056
scenarios/p1-goss-1989/fig2a-r1.json,110,169171821244688281,6b99ff624f328fba,5937e61081dda116,0.984
scenarios/p1-goss-1989/fig2a-r1.json,111,3755855303383881792,76838f18f3c8e16b,0b41865e30041e32,0.982
scenarios/p1-goss-1989/fig2a-r1.json,112,3072663277253963221,02776467d94db031,86b2655e52271ab9,0.984
scenarios/p1-goss-1989/fig2a-r1.json,113,2177972754394895330,4b4f6a5adf4c8f8b,615eb0f9ce4a122c,0.728
scenarios/p1-goss-1989/fig2a-r1.json,114,17323226053394039213,b6b5b37cb7f0dd28,4af6ea02c90f7c5f,0.438
scenarios/p1-goss-1989/fig2a-r1.json,115,794109224630541382,6e520db9431ad7f7,943634cbfddf0676,0.024
scenarios/p1-goss-1989/fig2a-r1.json,116,12501323156285742873,84a290f7a98cf068,c0a895086c68044f,0.438
scenarios/p1-goss-1989/fig2a-r1.json,117,2268176957758891543,962eee2c07a71738,0ebb5e58f8623d60,0.828
scenarios/p1-goss-1989/fig2a-r1.json,118,17753077454236465505,630d0335c680de62,28b59a8199861fd9,0.974
scenarios/p1-goss-1989/fig2a-r1.json,119,9094440947023503343,484a0d28dd18f229,ca5471b59129be7c,0
scenarios/p1-goss-1989/fig2a-r1.json,120,16787020675681032506,17cbab72c922b356,ed4ba405277e8799,0.944
scenarios/p1-goss-1989/fig2a-r1.json,121,6961434795154426118,e833bc0e9145762a,62e7ca2a9178f186,0.068
scenarios/p1-goss-1989/fig2a-r1.json,122,8667062417118034638,a4eb303b13e8fd97,f349006fe7c37118,0.152
scenarios/p1-goss-1989/fig2a-r1.json,123,6527443942529065832,bffaefb001fc6375,2cdee549329c6ac5,0.982
scenarios/p1-goss-1989/fig2a-r1.json,124,16339764878897269369,1e6c5f16e4e60f55,3a1b63fe50f7eed2,0.988
scenarios/p1-goss-1989/fig2a-r1.json,125,7103502258189894001,10a74d6cfa4c5756,36c93088fbfafad8,0.01
scenarios/p1-goss-1989/fig2a-r1.json,126,14077784156878122741,de05b374b9991198,9d5c912639aaca28,0.988
scenarios/p1-goss-1989/fig2a-r1.json,127,14862363530783621587,93f523664a49ea2a,41f4419b46bb486a,0.944
scenarios/p1-goss-1989/fig2a-r1.json,128,5001533555009238615,abb08c9476cc3872,61b7862274233a3b,0.954
scenarios/p1-goss-1989/fig2a-r1.json,129,8328107005787908510,a8fa74f2616303c1,679335446b887ccf,0.688
scenarios/p1-goss-1989/fig2a-r1.json,130,13243585475359655570,f7d13ac637e831a1,b9732f826c574c42,0.896
scenarios/p1-goss-1989/fig2a-r1.json,131,9729475541610062697,be1c29c0e2080416,5cd8acbe1c6f72d4,0.984
scenarios/p1-goss-1989/fig2a-r1.json,132,8363144109688865052,793326c49757a9ee,4073d8590304ceb8,0.956
scenarios/p1-goss-1989/fig2a-r1.json,133,17885211775883297769,45e6463a4c7197b2,3426257b9e9641cf,0.19
scenarios/p1-goss-1989/fig2a-r1.json,134,13354348117226576684,76f1d919ee681d67,9fce5c4bfb9efdc6,0.958
scenarios/p1-goss-1989/fig2a-r1.json,135,6680682182240456724,f9dfb3e10a6a5a95,e8c08b1d736513b4,0.204
scenarios/p1-goss-1989/fig2a-r1.json,136,15697382810820431688,0b68226696fd5d8f,5d0a91ecb040253b,0.566
scenarios/p1-goss-1989/fig2a-r1.json,137,15083088417582796100,53c47ca03de7e052,df5f398a5301c770,0.478
scenarios/p1-goss-1989/fig2a-r1.json,138,17796974847817185319,7eebe62001be47f1,892209cb9a76624e,0.148
scenarios/p1-goss-1989/fig2a-r1.json,139,4650815521886171044,fd08063c9ef7ab5f,49d9082395679efb,0.846
scenarios/p1-goss-1989/fig2a-r1.json,140,11511878596856664513,12e194e8a5b70cc1,3c96c0ce5083ec18,0.038
scenarios/p1-goss-1989/fig2a-r1.json,141,16458676533422183569,aab2b535fe13648e,39e17a78742bb00e,0.702
scenarios/p1-goss-1989/fig2a-r1.json,142,7228720067491178906,68422cb4191f5c3c,8fd9be60bbd1369f,0.774
scenarios/p1-goss-1989/fig2a-r1.json,143,7377343314172677154,f254f61bb48b0851,963febd5ea773abb,0.012
scenarios/p1-goss-1989/fig2a-r1.json,144,14403978440963647420,6e9d4c8305f5bab4,c837c913d2481d05,0.98
scenarios/p1-goss-1989/fig2a-r1.json,145,8700813535252913918,2679e57042b3abff,516079f20287c253,0.934
scenarios/p1-goss-1989/fig2a-r1.json,146,10040314125540388153,41e66ce4385017ac,a927dc63bd1412ac,0.844
scenarios/p1-goss-1989/fig2a-r1.json,147,10368976297108997486,00e3a93fbe820d1c,5637cd0ae107484e,0.942
scenarios/p1-goss-1989/fig2a-r1.json,148,10234502203672889105,c922ad9297ac88e2,f2a19e02544cc2e5,0.132
scenarios/p1-goss-1989/fig2a-r1.json,149,8404633974095767702,c6855c5594740f61,e34cdb18a384ff34,0.066
scenarios/p1-goss-1989/fig2a-r1.json,150,472084668321007914,83865277a0748aa3,6e9372fc928daf10,0.858
scenarios/p1-goss-1989/fig2a-r1.json,151,9385748516157255480,025a3a4ad4a09c89,534fe4d64a269937,0.134
scenarios/p1-goss-1989/fig2a-r1.json,152,15589917410569812248,47905f731232ef00,2f6effbb3c5bc2b0,0.958
scenarios/p1-goss-1989/fig2a-r1.json,153,4415649350764811266,4f617404c0948038,83117be7ea594752,0.278
scenarios/p1-goss-1989/fig2a-r1.json,154,1075911781260749161,7f66929cc7a4ac64,674ce4b1d101e699,0.714
scenarios/p1-goss-1989/fig2a-r1.json,155,17489185040967656438,5e8d15d263d69db7,4f166b1bfdc0affc,0.434
scenarios/p1-goss-1989/fig2a-r1.json,156,290277677498772381,c024fb6fbc230a18,0ee222bdd45dbd79,0.912
scenarios/p1-goss-1989/fig2a-r1.json,157,13400583766445338897,968fe212a0a2a762,ca9d04dce9b01d46,0.922
scenarios/p1-goss-1989/fig2a-r1.json,158,3836936303846335644,9c1eb2962942ee0e,ca49f1cd1f273e3d,0.794
scenarios/p1-goss-1989/fig2a-r1.json,159,12250630477502871850,30e2a1dcd1bbff8b,e619b0c9f3d85cdf,0.762
scenarios/p1-goss-1989/fig2a-r1.json,160,13088224759555842235,253e2a83db6c4797,ef212f1ec2b8f6d3,0.932
scenarios/p1-goss-1989/fig2a-r1.json,161,17854029889294857015,699655968d58b9cd,df73a36c863bd176,0.968
scenarios/p1-goss-1989/fig2a-r1.json,162,13389161783424250076,4bac43aee92df3f3,4f685d22b12e6ac7,0.098
scenarios/p1-goss-1989/fig2a-r1.json,163,3053852329097606027,0a96c3e03318fceb,b57cd463a4cb6899,0.04
scenarios/p1-goss-1989/fig2a-r1.json,164,13380993004544769164,3f87f4358485e5b9,a6f98127a1714d5f,0.884
scenarios/p1-goss-1989/fig2a-r1.json,165,2399890851411590524,325e02dd9f85bc03,c9a0a6f049023f3c,0.936
scenarios/p1-goss-1989/fig2a-r1.json,166,9239259095029466894,74ebfd8231631b8f,dba50321adfb679a,0.026
scenarios/p1-goss-1989/fig2a-r1.json,167,4464143445847748851,7e59d112d7a26890,296e87a115ba670b,0.99
scenarios/p1-goss-1989/fig2a-r1.json,168,18344487674825816056,f105612608624255,02e7b7afbb7c615c,0.1
scenarios/p1-goss-1989/fig2a-r1.json,169,17577845502808444346,493b812a8dd0d790,dbc26a723805b109,0.018
scenarios/p1-goss-1989/fig2a-r1.json,170,14602487345536141069,3544a59539e207f2,0113357becdcd821,0.15
scenarios/p1-goss-1989/fig2a-r1.json,171,12079892299822295313,063e82dbc313b440,47730fe8a696c649,0.144
scenarios/p1-goss-1989/fig2a-r1.json,172,16862478652346725746,a848149fb4eb62ba,bef58e6274eddd05,0.01
scenarios/p1-goss-1989/fig2a-r1.json,173,15128038848495459634,e2577c6b938fd265,54a94772741fb25d,0.048
scenarios/p1-goss-1989/fig2a-r1.json,174,10109810457230413523,e1d61a425991a74a,ac7319e4c3194b67,0.022
scenarios/p1-goss-1989/fig2a-r1.json,175,9538240684618037175,62bb26957484a0db,11e47730eca16d10,0.824
scenarios/p1-goss-1989/fig2a-r1.json,176,15732001066006261878,0b705032d5af0265,426295d4c76fcf3b,0.962
scenarios/p1-goss-1989/fig2a-r1.json,177,5842101348168745632,a811331455a4087f,7d91894cb61860e6,0.928
scenarios/p1-goss-1989/fig2a-r1.json,178,16122969384773228831,522d9ff842456a9c,9d607b1bbf5be792,0.33
scenarios/p1-goss-1989/fig2a-r1.json,179,3037582321425317614,ed93e1f93d5c8114,f4a58103460d4426,0.268
scenarios/p1-goss-1989/fig2a-r1.json,180,3512833517200585005,369a253b58892e57,ea3559dc8e146326,0.956
scenarios/p1-goss-1989/fig2a-r1.json,181,7874014227790601689,5cc515720d4efa2b,93d8a1f6b89a0c1d,0.046
scenarios/p1-goss-1989/fig2a-r1.json,182,3914509596465815403,730514fe29d7cb51,23e5ac8e945c746a,0.108
scenarios/p1-goss-1989/fig2a-r1.json,183,11190770747610771544,b179092d7d583c0e,6c2b1c3c42df340e,0.018
scenarios/p1-goss-1989/fig2a-r1.json,184,5920858895788178707,3688c3bcb8d15222,3f4793f248bfda06,0.828
scenarios/p1-goss-1989/fig2a-r1.json,185,11226886976076611872,e238185f6491450e,94da4f1ccf03bd92,0.564
scenarios/p1-goss-1989/fig2a-r1.json,186,18201814585227705171,72cbc49df6888423,469cfa9553288e90,0.02
scenarios/p1-goss-1989/fig2a-r1.json,187,1713379881907570646,dfa8d52ca156cc7d,03b29697ce3c3035,0.654
scenarios/p1-goss-1989/fig2a-r1.json,188,10940657684656895923,205536feefab0bf1,831414163005ea4c,0.044
scenarios/p1-goss-1989/fig2a-r1.json,189,17063481638482255334,b044a7e4c9149bac,30b92d694d2bd512,0.978
scenarios/p1-goss-1989/fig2a-r1.json,190,13686980511748083580,fbedba7ede7709f0,e7ab407c9d91769e,0.024
scenarios/p1-goss-1989/fig2a-r1.json,191,4041042053375224752,9f7580f24f4e6d02,f215c16d806b698a,0.988
scenarios/p1-goss-1989/fig2a-r1.json,192,16372480322295801864,efa0bfca6c086cf9,d327e314e1a5b251,0.04
scenarios/p1-goss-1989/fig2a-r1.json,193,14354101912867541510,307f60cfd3773049,c363c9c052dc6b88,0.954
scenarios/p1-goss-1989/fig2a-r1.json,194,6279291512986344417,819a42f9e1ecda29,62fac8123900e489,0.704
scenarios/p1-goss-1989/fig2a-r1.json,195,18192914999494887945,0b859dccb257c2f6,2da305fd563b9f09,0.98
scenarios/p1-goss-1989/fig2a-r1.json,196,7374812685752877094,ec1052e979da2876,a87d85663803d540,0.856
scenarios/p1-goss-1989/fig2a-r1.json,197,3204649578069208091,f558934dba5fab25,b009aab9b95b1621,0.006
scenarios/p1-goss-1989/fig2a-r1.json,198,17192303119930095853,507b4c343d4188c0,16266440aca954ac,0.982
scenarios/p1-goss-1989/fig2a-r1.json,199,14458802002011178770,8f94eb27ea2ec1e4,babd335fd8e8676f,0.618
scenarios/p1-goss-1989/fig2a-r1.json,200,2367151956573363713,ce21b16672628390,a65403e6cfc2d2f7,0.564
scenarios/p1-goss-1989/fig2a-r1.json,201,5222527525952580054,5e11d0716dcf50bb,587e0a0b319e34ce,0.95
scenarios/p1-goss-1989/fig2a-r1.json,202,17856448817520721834,5c2ba312b7f5f0b8,cde83532fd0e7f2e,0.86
scenarios/p1-goss-1989/fig2a-r1.json,203,2698397095464329396,1a276ac1348ef246,a9a691d891f3a200,0.102
scenarios/p1-goss-1989/fig2a-r1.json,204,12432959634109802448,7de372988c5e3d33,f5ee87f6830da585,0.716
scenarios/p1-goss-1989/fig2a-r1.json,205,12305442593558267348,e8148ec4e3f5c493,98c325eba46b354f,0.044
scenarios/p1-goss-1989/fig2a-r1.json,206,5680518192526910559,69713785c425be0e,ff011874838a0a5d,0.944
scenarios/p1-goss-1989/fig2a-r1.json,207,7177815410501151316,fba7c386ab11fa8d,2b404656550fa684,0.976
scenarios/p1-goss-1989/fig2a-r1.json,208,1891260441997581325,982648872f735a68,b6f9573bd5a898e2,0.982
scenarios/p1-goss-1989/fig2a-r1.json,209,18206317620537848773,27ad7c9e9c2c247e,88c604f56e9601cf,0.088
scenarios/p1-goss-1989/fig2a-r1.json,210,1938222870403302410,821e1c73f5a7174e,afeadba92ef226e3,0.956
scenarios/p1-goss-1989/fig2a-r1.json,211,7857084480958756675,1374c6195123e5ad,626f8b3e3b89f7e3,0.932
scenarios/p1-goss-1989/fig2a-r1.json,212,10788865458059243910,2729962384d347d4,71cf359fdc832726,0.426
scenarios/p1-goss-1989/fig2a-r1.json,213,16031802161144836941,0b38869216a192ba,eebd9389b95cb1fe,0.906
scenarios/p1-goss-1989/fig2a-r1.json,214,14596130474006622494,87f36978cb3ccae5,61a7f83bcffcafd6,0.274
scenarios/p1-goss-1989/fig2a-r1.json,215,15164731225407909192,44a0dc5aa3e1e81b,8110814c9948ab62,0.966
scenarios/p1-goss-1989/fig2a-r1.json,216,325475999064002257,e294dc8ef53220fa,16b0e16274fd68d8,0.38
scenarios/p1-goss-1989/fig2a-r1.json,217,17702986552976319254,bf562061df60f674,aba5ab9636d27294,0.142
scenarios/p1-goss-1989/fig2a-r1.json,218,16267265406890263107,af19a8c15745d325,5abeb7792d986eb3,0.962
scenarios/p1-goss-1989/fig2a-r1.json,219,6784423080290416658,8779952cb1919934,ce606ffb41dca31e,0.97
scenarios/p1-goss-1989/fig2a-r1.json,220,8176869311746504309,c6a95b8ed4f9f254,8e6e46818905d18e,0.018
scenarios/p1-goss-1989/fig2a-r1.json,221,3831578152513418200,69f9d73ef477d697,459c5e67938b0248,0.072
scenarios/p1-goss-1989/fig2a-r1.json,222,6184760540625525542,edf4a3a6f4721d54,6f50ec938372002b,0.12
scenarios/p1-goss-1989/fig2a-r1.json,223,11278244174335034537,0301b93b9b612f59,c932ac4c1269f565,0.994
scenarios/p1-goss-1989/fig2a-r1.json,224,17751840049998882070,0f3ed1fd02efeef8,c126888cdf034c5d,0.028
scenarios/p1-goss-1989/fig2a-r1.json,225,15337352328261722091,8159746dc4a28d77,66b3c0f9b423f2da,0.974
scenarios/p1-goss-1989/fig2a-r1.json,226,2937043208724458528,2263c2d3d5432ee0,3558f02c2f8f2cee,0.654
scenarios/p1-goss-1989/fig2a-r1.json,227,435970416698058401,6030d399120b2ff2,9e65e5989b68a46e,0.838
scenarios/p1-goss-1989/fig2a-r1.json,228,2736365790002868370,77fa0caffffa9f9f,a01b9dcf3a13144c,0.11
scenarios/p1-goss-1989/fig2a-r1.json,229,5519983976346618719,bbf32c63146bc5dd,c86d6e697fef97ed,0.984
scenarios/p1-goss-1989/fig2a-r1.json,230,5129313237803670729,6154a20096af4417,c995d29300efb0d6,0.966
scenarios/p1-goss-1989/fig2a-r1.json,231,6649577911592843861,e2175f68b217ac9a,0d0a3bdaee9d52da,0.96
scenarios/p1-goss-1989/fig2a-r1.json,232,35354831327719438,660f501de537780d,e2849f91227d5880,0.876
scenarios/p1-goss-1989/fig2a-r1.json,233,16650205089512530209,a67a02da2141dbde,d1a1a4b0e35dea2a,0.576
scenarios/p1-goss-1989/fig2a-r1.json,234,9565383657084042439,9c41cd3fb36e5d24,5165f1b765fbb938,0.914
scenarios/p1-goss-1989/fig2a-r1.json,235,3140680493000903593,ff3c33c32ad6efcf,a30f40b6a4240a4a,0.948
scenarios/p1-goss-1989/fig2a-r1.json,236,4239875697886588526,2efc425a82cbb383,73331619d5b3dc8f,0.086
scenarios/p1-goss-1989/fig2a-r1.json,237,7959156467661915964,6b8fafbc93f0cf2c,86f19bc9f6b7df83,0.006
scenarios/p1-goss-1989/fig2a-r1.json,238,15223658093483982548,3d958a551b2eced9,1b88d63e2b3d4cd1,0.036
scenarios/p1-goss-1989/fig2a-r1.json,239,4864969738782736706,1f169c9e0dd3f2d5,db483be8aa6bcbe6,0.472
scenarios/p1-goss-1989/fig2a-r1.json,240,9125329981053168614,239580ca93ad54e0,644a8a08b3feca97,0.068
scenarios/p1-goss-1989/fig2a-r1.json,241,16938978077405446465,e445664215b12637,38382619f897395a,0.826
scenarios/p1-goss-1989/fig2a-r1.json,242,10432156791865564773,587aab5cf3aa3f6f,f0abcc61623bc711,0.236
scenarios/p1-goss-1989/fig2a-r1.json,243,15563480564936413703,09e837de109b1fea,5353fc96f466d8fc,0.78
scenarios/p1-goss-1989/fig2a-r1.json,244,1073647006675900625,15d6784c1a3b7ce0,03b7395316d140e2,0.938
scenarios/p1-goss-1989/fig2a-r1.json,245,10505157426672262376,9c2ccd7bc2b672d5,b6ed5c348f5866b6,0.074
scenarios/p1-goss-1989/fig2a-r1.json,246,2524762235089194709,aeb9c24069a1e6a4,fe82d236e30643a4,0.034
scenarios/p1-goss-1989/fig2a-r1.json,247,7675223155612650610,87fff4d365a45dab,54a7225e83355dc2,0.072
scenarios/p1-goss-1989/fig2a-r1.json,248,3947941658022234923,e4e60ded0b0f537a,7accb3447002524a,0.876
scenarios/p1-goss-1989/fig2a-r1.json,249,9177054087288787586,946c99d3474e8094,f01579e63169a0d9,0.906
scenarios/p1-goss-1989/fig2a-r1.json,250,6158383683732431974,2f15d57f714bc4f6,e3b0fb48a1ddda30,0.152
scenarios/p1-goss-1989/fig2a-r1.json,251,9294134809095734492,cea6a74aa662a651,07538e86bc22729b,0.284
scenarios/p1-goss-1989/fig2a-r1.json,252,8039719206036176721,de0703a93154bd17,83681383934dcf63,0.708
scenarios/p1-goss-1989/fig2a-r1.json,253,11301239924066776506,865f5bee89fdbb9a,b2c9cb65464cd547,0.448
scenarios/p1-goss-1989/fig2a-r1.json,254,8394560606067800842,ca76c24ec38322f4,1e54156e3b51dfd9,0.222
scenarios/p1-goss-1989/fig2a-r1.json,255,12026044336688163114,43037d3602123244,7a70d6a803dbefe2,0.976
scenarios/p1-goss-1989/fig2a-r1.json,256,16083958500854278418,61a15ae3c676c2a3,96dd7f137df2f5eb,0.548
scenarios/p1-goss-1989/fig2a-r1.json,257,6427104328673362200,5e47471ec8eaee75,47cf5894ac03af1c,0.052
scenarios/p1-goss-1989/fig2a-r1.json,258,8168372319099564874,47d67686625359bd,ca80cc0b8ff7baf8,0.972
scenarios/p1-goss-1989/fig2a-r1.json,259,15871483609971263128,2b67fd7ae8ad3718,117f0dddcadf27ce,0.036
scenarios/p1-goss-1989/fig2a-r1.json,260,3583981775250814132,baff84bfb35f2bf8,44ced9f3e020197d,0.778
scenarios/p1-goss-1989/fig2a-r1.json,261,3962757609684815712,b6d1f87b9169df11,eef57f238e01b03d,0.008
scenarios/p1-goss-1989/fig2a-r1.json,262,42577034994449789,b0ad33bbe35b9f26,f5ee099e5dd3f505,0.954
scenarios/p1-goss-1989/fig2a-r1.json,263,3313396280337688949,519a3e691e4811e6,5b6493b06b931236,0.196
scenarios/p1-goss-1989/fig2a-r1.json,264,10315636641320007264,7f37eda76e892d97,e0403420f4fea075,0.99
scenarios/p1-goss-1989/fig2a-r1.json,265,9502870748545681045,c39cdeff3e7d2579,5618ae6769ce58ca,0.056
scenarios/p1-goss-1989/fig2a-r1.json,266,5662240076481479939,79ce19409857fcd1,1de2708592871019,0.008
scenarios/p1-goss-1989/fig2a-r1.json,267,13964538915306525643,1d816da1194e41ab,9e0df4c89f4efdf5,0.048
scenarios/p1-goss-1989/fig2a-r1.json,268,11660188779049755045,a44dcfbf55c45f73,a7d84123bb3929dd,0.264
scenarios/p1-goss-1989/fig2a-r1.json,269,5194881412513278469,515a2423d3b88994,1ba6602ef56e9d87,0.944
scenarios/p1-goss-1989/fig2a-r1.json,270,2251042827821293102,63537d3a5db56140,7b3c99b44ff7728a,0.836
scenarios/p1-goss-1989/fig2a-r1.json,271,13263420802847100237,3570aa6203b9d6c8,c2406136a759f411,0.028
scenarios/p1-goss-1989/fig2a-r1.json,272,18316375738372510818,8826d15dc8ae33c1,1498ecf079b365be,0.008
scenarios/p1-goss-1989/fig2a-r1.json,273,2449309990111994272,86641f280e404996,7cee86e65ae59bb5,0.982
scenarios/p1-goss-1989/fig2a-r1.json,274,9671000739064823823,d347889bcdfa3717,9767acc006d7a6cd,0.82
scenarios/p1-goss-1989/fig2a-r1.json,275,17124531888348997507,5f9a37d1bbd47929,a2c87c847fdfb92c,0.1
scenarios/p1-goss-1989/fig2a-r1.json,276,15463885626478291387,f2aa95a625bc9014,4887183fe5ac6752,0.974
scenarios/p1-goss-1989/fig2a-r1.json,277,4794348072485890117,d8c909ff31df6e30,728224db0c33227d,0.602
scenarios/p1-goss-1989/fig2a-r1.json,278,17350113389311791719,24dba44b609de5b9,5f823a8bd4a4efe5,0.944
scenarios/p1-goss-1989/fig2a-r1.json,279,10591701987402755700,7e38dd0928387aae,216e7c729b42c593,0.148
scenarios/p1-goss-1989/fig2a-r1.json,280,390281836049980513,c7ea42afbdaff820,f3d72dd835a3c85f,0.928
scenarios/p1-goss-1989/fig2a-r1.json,281,18081015477113750963,8323010c66c3e0ff,bf0a8b1d9bd6c18a,0.722
scenarios/p1-goss-1989/fig2a-r1.json,282,4797763543524029321,66406a997aa014f1,07a0f98316d05c51,0.01
scenarios/p1-goss-1989/fig2a-r1.json,283,2709864388719974034,3940afd7c41221f8,08018886973fc54e,0.01
scenarios/p1-goss-1989/fig2a-r1.json,284,12140024887508527524,f2d66184e39395fd,26d9cd8a75393888,0.016
scenarios/p1-goss-1989/fig2a-r1.json,285,2866169676947330676,e95f2ccebb2cc86f,90da99026e04d6be,0.94
scenarios/p1-goss-1989/fig2a-r1.json,286,1213546098817697099,08f5a769147f5974,a5157f808aaaae65,0.654
scenarios/p1-goss-1989/fig2a-r1.json,287,15214881063459395430,d3be564abf4abe6d,06b687ac5cdfa4bd,0.012
scenarios/p1-goss-1989/fig2a-r1.json,288,15400029556474535828,06f9c98d3e5cb314,728e7c062a37a6e7,0.798
scenarios/p1-goss-1989/fig2a-r1.json,289,8580860910498385170,e24d6994a4cd4e93,60e2761d2a0896f1,0.632
scenarios/p1-goss-1989/fig2a-r1.json,290,17967361435285128172,775fd50e3f8ae0ec,2d52f3e3c536c532,0.894
scenarios/p1-goss-1989/fig2a-r1.json,291,11624658219638192696,abaf32a3ab9d1c05,28c767146af75fac,0.032
scenarios/p1-goss-1989/fig2a-r1.json,292,7393887601266713054,4cc91e6d1a7e268a,4a355d90115867a3,0.072
scenarios/p1-goss-1989/fig2a-r1.json,293,8787602026929917081,ae0b6d411878ccbb,06a223716a0b56cb,0.918
scenarios/p1-goss-1989/fig2a-r1.json,294,9879405553251403734,11b7d6fe92d00d15,74a9583a09f1867d,0.916
scenarios/p1-goss-1989/fig2a-r1.json,295,291501255167932907,11f5e2eeaa95fa32,a717ec7d9544c85c,0.372
scenarios/p1-goss-1989/fig2a-r1.json,296,11324407991693731410,85ab76060670562d,3b2d68cdeafa19c8,0.95
scenarios/p1-goss-1989/fig2a-r1.json,297,7266273368520927566,6cd93046b2e3439e,a9261b2695a6cdbf,0.232
scenarios/p1-goss-1989/fig2a-r1.json,298,7851425493981058065,cd533dc8e2270f46,177b6221aa4f6997,0.43
scenarios/p1-goss-1989/fig2a-r1.json,299,3418713978962426443,a7cba9e5374e5385,9894538056ba70d8,0.514
scenarios/p1-goss-1989/fig2a-r1.json,300,16740418718730448837,1160ed15312f98ff,a7fa534414745d9d,0.012
scenarios/p1-goss-1989/fig2a-r1.json,301,11303163536876254107,edf2684b9093164d,39e3ad5033367231,0.976
scenarios/p1-goss-1989/fig2a-r1.json,302,6597229041662644026,da7456f0ffa20bd4,7756de54d120125e,0.076
scenarios/p1-goss-1989/fig2a-r1.json,303,10119540480723383480,f75d26079c2f47ee,29248bb0853f8cc9,0.012
scenarios/p1-goss-1989/fig2a-r1.json,304,16872412910770131512,c1c51df024433bb0,2835121d32475274,0.03
scenarios/p1-goss-1989/fig2a-r1.json,305,235739967791489829,01d34973931a9443,b59287cb3bc54266,0.422
scenarios/p1-goss-1989/fig2a-r1.json,306,4676552581925313556,30b615d895d1d7bf,6ea59174574199eb,0.504
scenarios/p1-goss-1989/fig2a-r1.json,307,10928743980245167211,fa50487189a1b1ff,0f6307c188e3b6e8,0.098
scenarios/p1-goss-1989/fig2a-r1.json,308,13456942685272251458,fffaadbbefa62651,2766b92160a60d48,0.176
scenarios/p1-goss-1989/fig2a-r1.json,309,5010279127312674498,a7d06f6902238283,daafadea22408436,0.02
scenarios/p1-goss-1989/fig2a-r1.json,310,18186691819659631999,7672a9a76c2f64de,a6404163a764314e,0.988
scenarios/p1-goss-1989/fig2a-r1.json,311,7458708181227431686,e6d4d658e31e7bb6,e785cb4411ad64d2,0.956
scenarios/p1-goss-1989/fig2a-r1.json,312,4612685760829663784,2cee4df5ba04ee80,60f43a8e2c7586c8,0.072
scenarios/p1-goss-1989/fig2a-r1.json,313,8399948996752217050,b8731be5c9fb6111,6482eea80e03ff78,0.928
scenarios/p1-goss-1989/fig2a-r1.json,314,2077434075618830868,72891f0eeb50f404,a81aa16acded0c8f,0.086
scenarios/p1-goss-1989/fig2a-r1.json,315,5136552069400539276,8a35025e92395b58,6929f788d77d38f2,0.92
scenarios/p1-goss-1989/fig2a-r1.json,316,6107277544116302715,cfec03aa7f335999,0b5e2fbdf1e149d8,0.994
scenarios/p1-goss-1989/fig2a-r1.json,317,4049614881694975355,e8ce28bf1707aa59,878a3a303711a5bf,0.698
scenarios/p1-goss-1989/fig2a-r1.json,318,2038306845949262483,cbde0638614ed97d,f5b4eabd07a10653,0.234
scenarios/p1-goss-1989/fig2a-r1.json,319,220382068158457546,021374d7f981d3ee,77d74c26d82a20af,0.944
scenarios/p1-goss-1989/fig2a-r1.json,320,15356087352737011187,ad19bb272e0d5177,87f75afc7e417b87,0.208
scenarios/p1-goss-1989/fig2a-r1.json,321,859743386615565405,082a0095e733573e,e3ad8745c68d4705,0.884
scenarios/p1-goss-1989/fig2a-r1.json,322,14088290045057923833,41799ed058efb593,a158333422c20c00,0.96
scenarios/p1-goss-1989/fig2a-r1.json,323,13079663343729502643,55582dba8e498b42,f3d942bfb09c7148,0.99
scenarios/p1-goss-1989/fig2a-r1.json,324,15025433247231076186,9f489a561ef3b49d,2e60f1d488abbdf2,0.786
scenarios/p1-goss-1989/fig2a-r1.json,325,11871527556491456258,0af7b870d7e962d4,ffe4b77aebe7998a,0.944
scenarios/p1-goss-1989/fig2a-r1.json,326,465952369347412771,dc8e20e4aa4fd82f,c569b36055231b9a,0.632
scenarios/p1-goss-1989/fig2a-r1.json,327,8434415874693934611,e05d489086fe2a4e,c8be1f24612e7486,0
scenarios/p1-goss-1989/fig2a-r1.json,328,7525215856489999539,90f46715e1c1d56e,db9081a461036077,0.954
scenarios/p1-goss-1989/fig2a-r1.json,329,3165416093517834191,bc462a0591747d25,d268d357c8a68fe4,0.052
scenarios/p1-goss-1989/fig2a-r1.json,330,173864332558575128,b1386a82b0c0c1f5,3214ffc6b649ef4a,0.904
scenarios/p1-goss-1989/fig2a-r1.json,331,7295100987295016457,0f334da9703ab779,46b59404e146f654,0.568
scenarios/p1-goss-1989/fig2a-r1.json,332,320845832934265875,4d92109ddccd29ef,0a56dee3f6848d4c,0.932
scenarios/p1-goss-1989/fig2a-r1.json,333,2604691859929427806,4f5abb62ffe343f8,722bc0b776e6e893,0.86
scenarios/p1-goss-1989/fig2a-r1.json,334,13844970462036691030,b4e3eaf24571c519,c59e137fded3b866,0.016
scenarios/p1-goss-1989/fig2a-r1.json,335,17329325645289349136,ed1afdb725ee7582,f99b7ae2fbf6dc58,0.91
scenarios/p1-goss-1989/fig2a-r1.json,336,8936874744438303009,b2c77f845f9d20ba,5d971f046f9b3e44,0.794
scenarios/p1-goss-1989/fig2a-r1.json,337,11193390822460377030,a6c7b49282ea4076,abc1cf6c4ff47e03,0.918
scenarios/p1-goss-1989/fig2a-r1.json,338,15072188115749042581,1b072ccd030319c3,80358593a056a9b1,0.07
scenarios/p1-goss-1989/fig2a-r1.json,339,10926063512941285611,a4941c9d40335425,f41f576de0874084,0.906
scenarios/p1-goss-1989/fig2a-r1.json,340,17559148951172404155,c713ce1a23fdb1fd,7ce1308589ddec67,0.106
scenarios/p1-goss-1989/fig2a-r1.json,341,2721255368980732858,0e278eb33be6b7e7,6951f1b5b828ac98,0.062
scenarios/p1-goss-1989/fig2a-r1.json,342,2060190063987510414,81574da29a7a995c,317c3f47ebe0bb96,0.004
scenarios/p1-goss-1989/fig2a-r1.json,343,15799253839459132230,3f4e38ef82fe02df,f1525d364bf33545,0.878
scenarios/p1-goss-1989/fig2a-r1.json,344,9510476100472582922,8944691acc23258c,15a59eb4733332b0,0.14
scenarios/p1-goss-1989/fig2a-r1.json,345,11574913969897324531,39b7d403398d7fdf,33f9713271c3d5be,0.032
scenarios/p1-goss-1989/fig2a-r1.json,346,1561409187684960025,a460291592c45bef,13c962063ce2822c,0.386
scenarios/p1-goss-1989/fig2a-r1.json,347,15634793991664890766,21794ebac868362e,ed1f853140773510,0.944
scenarios/p1-goss-1989/fig2a-r1.json,348,6421092050560477917,662c556bfcfb5179,c741fc0e0ef2b867,0.584
scenarios/p1-goss-1989/fig2a-r1.json,349,4548064138078318435,4f80b75dd981c8de,0b8ecba2924d515b,0.052
scenarios/p1-goss-1989/fig2a-r1.json,350,11837686462200122712,ad3436de21974ef9,8aae33617f4409a3,0.022
scenarios/p1-goss-1989/fig2a-r1.json,351,306763593078371989,73a4209bd184dcd5,1829065711128143,0.138
scenarios/p1-goss-1989/fig2a-r1.json,352,10583647543601607967,7279401edc9dbe8f,3101cdb842679cd5,0.954
scenarios/p1-goss-1989/fig2a-r1.json,353,11936891714882346840,dd01306a5d80d994,4efcbd7b39f3d827,0.992
scenarios/p1-goss-1989/fig2a-r1.json,354,15688117043760114493,b9c33cec9f6617fc,31f57b97b7f6899f,0.918
scenarios/p1-goss-1989/fig2a-r1.json,355,5852014790381531828,5a924cf0240fd8ed,2172bfb65efd3362,0.578
scenarios/p1-goss-1989/fig2a-r1.json,356,2459647992568535183,a80ca1aa4dbd73b1,b56031a13e7450d1,0.982
scenarios/p1-goss-1989/fig2a-r1.json,357,8562787784544299262,72cf5e7ac3c4d276,1f2f45f83e5a61fc,0.078
scenarios/p1-goss-1989/fig2a-r1.json,358,8814054081625456197,6a9a3f94c4b08a28,0bbc464b888a96aa,0.028
scenarios/p1-goss-1989/fig2a-r1.json,359,10411028653331583848,decd949627bb00a2,1e15ef2f733681a0,0.988
scenarios/p1-goss-1989/fig2a-r1.json,360,5875391461391128204,d656d4d93bf6d9e4,1856ef358eca0027,0.854
scenarios/p1-goss-1989/fig2a-r1.json,361,2955298319994557367,e6e30985f88e7652,53b230b0a6cd5b5d,0.4
scenarios/p1-goss-1989/fig2a-r1.json,362,14232007193730035293,d7861ae49d7674e5,42507715577a6edc,0.972
scenarios/p1-goss-1989/fig2a-r1.json,363,9641150029025265359,8fc5b68f8325a5ce,b047c33231cd87c9,0.994
scenarios/p1-goss-1989/fig2a-r1.json,364,8685602970239008737,1d48bfea9c1ba36b,564930aa7a0494b8,0.022
scenarios/p1-goss-1989/fig2a-r1.json,365,12119441722050517338,6818ef83ede4e7c5,deb7f4f69c0e0053,0.848
scenarios/p1-goss-1989/fig2a-r1.json,366,16976123977889969533,d152192c85e0d78a,b30ea24eb53f52e0,0.55
scenarios/p1-goss-1989/fig2a-r1.json,367,15414751860834076409,8038440a63508312,bd31356bc3a0031f,0.972
scenarios/p1-goss-1989/fig2a-r1.json,368,7237873610255031672,f8e1f24dcdd5597d,da77369bb82f0c21,0.978
scenarios/p1-goss-1989/fig2a-r1.json,369,12356744094735736146,ba41697bc804ce14,b50fad8884934164,0.328
scenarios/p1-goss-1989/fig2a-r1.json,370,12238555543569146820,e37cf93d3b344fc0,da37a44462c53343,0.892
scenarios/p1-goss-1989/fig2a-r1.json,371,6863388771581255146,ffa9603dd5b8dab6,7ac7c540674ef341,0.344
scenarios/p1-goss-1989/fig2a-r1.json,372,17534312965607523211,03ff70294fe500eb,d0009305dbc53816,0.754
scenarios/p1-goss-1989/fig2a-r1.json,373,5145617487788980547,69ffb0c5687155f1,9ca5a6128e6172ff,0.032
scenarios/p1-goss-1989/fig2a-r1.json,374,9648731854837365244,6ae6d07707c8e623,48121eaf38831e88,0.052
scenarios/p1-goss-1989/fig2a-r1.json,375,9833110417936815748,f04f710200c6fef1,eccdec90da5502dc,0.01
scenarios/p1-goss-1989/fig2a-r1.json,376,3068522472682240638,9e4c0f3573e3cce7,7a64a01e270d81a5,0.974
scenarios/p1-goss-1989/fig2a-r1.json,377,17495619317754978868,a7b236d59010edcd,e3e8415ea4ca8b81,0.006
scenarios/p1-goss-1989/fig2a-r1.json,378,238978847523753066,d9cbdd0626bfaa6b,94eaa2c9d674324d,0.094
scenarios/p1-goss-1989/fig2a-r1.json,379,11089426891856522328,1fdd8a5bc151ed8c,8859a9618329dfec,0.074
scenarios/p1-goss-1989/fig2a-r1.json,380,16900485074146021744,fdb2a2eb015133e1,83b66d6836411809,0.192
scenarios/p1-goss-1989/fig2a-r1.json,381,12216996513927165659,563ab39c8724dc07,ec7b551bac5cc807,0.122
scenarios/p1-goss-1989/fig2a-r1.json,382,784086128890672328,18176229d6d9146a,9a6b5a5bf45fa75d,0.988
scenarios/p1-goss-1989/fig2a-r1.json,383,944356046794751146,212419396533d801,e958b6c733231f84,0.212
scenarios/p1-goss-1989/fig2a-r1.json,384,8997493533793767876,9c53e331b1e43a9c,cc3eea747c035ae9,0.88
scenarios/p1-goss-1989/fig2a-r1.json,385,6052349605314616353,25a9abac54c4826d,a7c8df22036e7248,0.994
scenarios/p1-goss-1989/fig2a-r1.json,386,12599376348904773661,9b08f0f2b7a68d79,54d314dcf715461c,0.64
scenarios/p1-goss-1989/fig2a-r1.json,387,4942156496325075198,e7730617d01d4f81,115e64322af5d351,0.958
scenarios/p1-goss-1989/fig2a-r1.json,388,2337883788207178485,12c4585fbdc1bb05,471a042c45647fa6,0.03
scenarios/p1-goss-1989/fig2a-r1.json,389,1942793198510790873,7692d89919c7db9d,41ec72ef2711fee9,0.046
scenarios/p1-goss-1989/fig2a-r1.json,390,9470657927823871585,ac093d502a14096b,36351d68df512541,0.96
scenarios/p1-goss-1989/fig2a-r1.json,391,1474128730789360070,a62e42c040689d75,b7e8dd0890a9ca82,0.302
scenarios/p1-goss-1989/fig2a-r1.json,392,1876295371385181893,f8a8c3bce898ef7b,39a2dbf135344afb,0.952
scenarios/p1-goss-1989/fig2a-r1.json,393,17414106400395513631,d40b0b82c08bb2e0,50ce4a2e21971537,0.962
scenarios/p1-goss-1989/fig2a-r1.json,394,10725663497950247322,2004612546922e3a,20e89362941ee10f,0.762
scenarios/p1-goss-1989/fig2a-r1.json,395,17129308434697066062,4536598b0302b166,112377fe5dc81eb3,0.456
scenarios/p1-goss-1989/fig2a-r1.json,396,4149244004449254545,4f5428620e8b121c,171b4652416dc1d5,0.524
scenarios/p1-goss-1989/fig2a-r1.json,397,18340869622145531548,49cd37c3c16d3168,feeea7e142fbce3b,0.056
scenarios/p1-goss-1989/fig2a-r1.json,398,67822205586576347,0083dbc423b12678,71b03343a0c5201a,0.296
scenarios/p1-goss-1989/fig2a-r1.json,399,12280798080314069082,3055481f681e1c02,58c9d86af9f9aa8c,0.222
scenarios/p1-goss-1989/fig2a-r1.json,400,17802583299232599268,71f510ca5e06a801,280c966cbb73a93c,0.53
scenarios/p1-goss-1989/fig2a-r1.json,401,14677013482068692191,07f2c37c11a4eef8,7704387511afe770,0.416
scenarios/p1-goss-1989/fig2a-r1.json,402,1251545344072027783,25a42c32344765bc,caf53271873df2c7,0.024
scenarios/p1-goss-1989/fig2a-r1.json,403,5859068524542455223,ce2553a89d03343d,fa45440ddfb583a1,0.132
scenarios/p1-goss-1989/fig2a-r1.json,404,8476736162068805246,98923ea23ed3e619,1c0a7977010bb21c,0.036
scenarios/p1-goss-1989/fig2a-r1.json,405,13975880898346516272,c4378ec3497a86cd,d282621b4de68e37,0.176
scenarios/p1-goss-1989/fig2a-r1.json,406,17900103115701503530,2c7bd37e3e45091f,14ac9946baa9d313,0.978
scenarios/p1-goss-1989/fig2a-r1.json,407,5590013524669629894,e16225b39cb35f45,f96389e8b6753d0e,0.032
scenarios/p1-goss-1989/fig2a-r1.json,408,9386865196773306638,e3dd1b9c29d76c93,a6d07b950ebe8220,0.654
scenarios/p1-goss-1989/fig2a-r1.json,409,2598359583859897653,0eb897fe8a98e39d,38b7349cb713498f,0.366
scenarios/p1-goss-1989/fig2a-r1.json,410,8450099797488511668,c64dda7dbead8634,15f4009ba3c4b7ba,0.112
scenarios/p1-goss-1989/fig2a-r1.json,411,16377237263252633140,52239401d87678fd,0143d650276b41d5,0.034
scenarios/p1-goss-1989/fig2a-r1.json,412,11068520547074121306,26b07cc2aa90fc55,403061535dedc18f,0.004
scenarios/p1-goss-1989/fig2a-r1.json,413,17339299159322563751,25bc05903b248daa,b81ab8053e81a59e,0.032
scenarios/p1-goss-1989/fig2a-r1.json,414,5348483626583373667,7b7e6e0109697667,388c63d9e963fdca,0.776
scenarios/p1-goss-1989/fig2a-r1.json,415,11580241022221825258,758479a320042104,95726171fae8e579,0.008
scenarios/p1-goss-1989/fig2a-r1.json,416,17912078617444715918,88462b865eb0bd21,0eb1573025aa0026,0.22
scenarios/p1-goss-1989/fig2a-r1.json,417,17413909142289566668,9ffea8f09a4922e6,e457b4631e1ebfa0,0.878
scenarios/p1-goss-1989/fig2a-r1.json,418,923452734387826493,005c24ba5ec24fac,28f5741501c61490,0.08
scenarios/p1-goss-1989/fig2a-r1.json,419,8688281458439980658,e07db4a9d251e9d9,5665c2a4547c7302,0.298
scenarios/p1-goss-1989/fig2a-r1.json,420,14853293227208692792,67413c838e1fb815,822806b475f2581f,0.174
scenarios/p1-goss-1989/fig2a-r1.json,421,9893070008874104398,54c290e436e7812f,78c0a2a407b185d6,0.374
scenarios/p1-goss-1989/fig2a-r1.json,422,18009923327859540793,17fc6639d5286a23,610f1ae08f8ce5c5,0.044
scenarios/p1-goss-1989/fig2a-r1.json,423,18041955100789821501,7a277a4c0d0b1bd0,0ad5907d4b86efc7,0.068
scenarios/p1-goss-1989/fig2a-r1.json,424,17266982748583698602,ee898129a05db473,16911722cf6885cf,0.034
scenarios/p1-goss-1989/fig2a-r1.json,425,7720627866691365871,f9610746427d26cc,df1317e0769ec426,0.362
scenarios/p1-goss-1989/fig2a-r1.json,426,11812840121913133833,775db1e0f690bedb,f21412179f804955,0.642
scenarios/p1-goss-1989/fig2a-r1.json,427,5786157937740752046,a772926462bf3054,f850dc6101782556,0.886
scenarios/p1-goss-1989/fig2a-r1.json,428,588482873935975383,4063df3e1b68ec82,90117e1dab369fbc,0.046
scenarios/p1-goss-1989/fig2a-r1.json,429,14911671873572700736,b09f760471cd5430,0c4cfa3dc0dcc968,0.754
scenarios/p1-goss-1989/fig2a-r1.json,430,13093008145679454517,80ed4ef639e57b69,786df4f6f9656f96,0.784
scenarios/p1-goss-1989/fig2a-r1.json,431,17844879921767247359,7091ed14fbc65166,e60704ce0bd73296,0.03
scenarios/p1-goss-1989/fig2a-r1.json,432,9228267176230394189,c16d811055d8596c,a33e6d0bcc7cdb26,0.074
scenarios/p1-goss-1989/fig2a-r1.json,433,6037936041577029444,c9e26097f1f7a6e8,192765c3efae4252,0.972
scenarios/p1-goss-1989/fig2a-r1.json,434,3659017244803787009,e5ad57cc8ac475ea,f9cb0b32cb362279,0.762
scenarios/p1-goss-1989/fig2a-r1.json,435,10308321222183442309,a2e13795b44aaeb8,070fefe34c80650e,0.894
scenarios/p1-goss-1989/fig2a-r1.json,436,1861519321499521425,e9f81e33777997fb,a6631780632b9118,0.746
scenarios/p1-goss-1989/fig2a-r1.json,437,7854207400892948800,30f9205b4d1a1f7f,0f9455db65c1ac80,0.188
scenarios/p1-goss-1989/fig2a-r1.json,438,6777600836348042918,20ad3b2930467c06,2cd7d3744a19c127,0.216
scenarios/p1-goss-1989/fig2a-r1.json,439,13552370422053141148,f4b69f3c5aaac405,cab833f1239b062f,0.012
scenarios/p1-goss-1989/fig2a-r1.json,440,13804290956869867699,7785b9f60a96fce0,4e39571e097572b8,0.96
scenarios/p1-goss-1989/fig2a-r1.json,441,738275376666517011,d04e7239b0bb67ef,044aac90ff94982a,0.964
scenarios/p1-goss-1989/fig2a-r1.json,442,5571709834585409145,592ed0685463b3ed,d748045119fffba2,0.012
scenarios/p1-goss-1989/fig2a-r1.json,443,15749336089862073051,5ec3b87d5f27a92d,119d4c970e9a63c1,0.058
scenarios/p1-goss-1989/fig2a-r1.json,444,15516944992778258798,086a41278be4dd79,a978082ebe163fa0,0.922
scenarios/p1-goss-1989/fig2a-r1.json,445,10861961707277939103,9c2001267e303b03,73f32799a551577a,0.486
scenarios/p1-goss-1989/fig2a-r1.json,446,2518918827013238421,e227b5fb3081b1bb,1582e0a3f37f2ca0,0.99
scenarios/p1-goss-1989/fig2a-r1.json,447,2090407729257643484,274913141bc699a5,78bbc2afcdd0d5be,0.098
scenarios/p1-goss-1989/fig2a-r1.json,448,2757116566368898280,2b11d344545827eb,9b2a08bc8088321f,0.166
scenarios/p1-goss-1989/fig2a-r1.json,449,8264901102989837354,f1e22b29776b5882,b1cc909e3bd591d7,0.94
scenarios/p1-goss-1989/fig2a-r1.json,450,13951227380045772279,d9f28463aafb1a63,4b8f321f3098e166,0.006
scenarios/p1-goss-1989/fig2a-r1.json,451,4902050095675120401,16d9c199a3218411,971a99c31b664ace,0.684
scenarios/p1-goss-1989/fig2a-r1.json,452,12155925636686081173,282ba2daf0fb3bc4,897733438b92a548,0.664
scenarios/p1-goss-1989/fig2a-r1.json,453,118043784532644211,e9fdbef79ffd3867,c071765d15579c28,0.088
scenarios/p1-goss-1989/fig2a-r1.json,454,6250641297844270205,b3bbf68a9eb69016,0c373e8326288d81,0.082
scenarios/p1-goss-1989/fig2a-r1.json,455,8784842290647443888,355974e5d056eb79,9c8bf99ce93e6195,0.008
scenarios/p1-goss-1989/fig2a-r1.json,456,2126244345177943503,034fc25c395d8b46,2d8fbc06d43b6c95,0.952
scenarios/p1-goss-1989/fig2a-r1.json,457,414587937448478396,f348df266ef8e026,781f523963243afc,0.102
scenarios/p1-goss-1989/fig2a-r1.json,458,2961633516241738695,81662975833e9723,77e75b4fe5a0c83f,0.464
scenarios/p1-goss-1989/fig2a-r1.json,459,16836404679021999859,f88f057f0faa88a0,aa71c945f7d61b1b,0.11
scenarios/p1-goss-1989/fig2a-r1.json,460,13588703882529421888,a7defd02632d2986,aaedfb9b90be179a,0.348
scenarios/p1-goss-1989/fig2a-r1.json,461,3062260503760023251,5dfd7dcc7e362e2d,87c2394fbb7c263b,0.904
scenarios/p1-goss-1989/fig2a-r1.json,462,5948551269254824805,89283865784da6a6,2520b3e029646be2,0.74
scenarios/p1-goss-1989/fig2a-r1.json,463,50957485394174922,e6b3d401dbe7da62,5cad6c6d69bfa52a,0.024
scenarios/p1-goss-1989/fig2a-r1.json,464,15586360695758444834,3567c3296a7daf3a,148e9588f4323209,0.014
scenarios/p1-goss-1989/fig2a-r1.json,465,15306795698633572734,d2b4c3021f4de0bd,b4a317c07afa23fb,0.028
scenarios/p1-goss-1989/fig2a-r1.json,466,15780505180953533655,53ddfb4df14caf47,750515c821e3dce0,0.16
scenarios/p1-goss-1989/fig2a-r1.json,467,16818020205970758981,6c9d63f3feaa4455,478a0e74fda1fa75,0.074
scenarios/p1-goss-1989/fig2a-r1.json,468,10173185620555357632,e074f8841847da80,11b10dee1830a411,0.016
scenarios/p1-goss-1989/fig2a-r1.json,469,10774917959428448600,6489e60c848203e6,fbaf7c714faf8e93,0.512
scenarios/p1-goss-1989/fig2a-r1.json,470,14802792949239598961,71d02d7b42d983fa,d87f7fdea06e81a2,0.902
scenarios/p1-goss-1989/fig2a-r1.json,471,7284679988842771119,8d426d8d6c4481d3,cd2f6f4aaa7d5091,0.036
scenarios/p1-goss-1989/fig2a-r1.json,472,16657652373902105321,9f25d7f1b43a4e32,2d3dc6dabc96dd78,0.91
scenarios/p1-goss-1989/fig2a-r1.json,473,15088679245339534382,912ca1128a6e310f,dbebea740c72b134,0.992
scenarios/p1-goss-1989/fig2a-r1.json,474,13043828076840939015,c65c5372dc0d6b25,70b07ac26297da53,0.036
scenarios/p1-goss-1989/fig2a-r1.json,475,14096580305639665855,afd5ad263ae6c033,2f1e01ffa3d3a83c,0.814
scenarios/p1-goss-1989/fig2a-r1.json,476,11356805041164067681,ef00ddcc600cea30,5ff42aef8ccf986a,0.934
scenarios/p1-goss-1989/fig2a-r1.json,477,4681273778417730625,4f216c65b69b586e,6c89813e9d67a6f5,0.352
scenarios/p1-goss-1989/fig2a-r1.json,478,15012015393970219264,d24d02bc8d27ba65,1bd8b0fe800c6f56,0.982
scenarios/p1-goss-1989/fig2a-r1.json,479,6527526292055422249,2fe383aa4725b9c9,9767de62561cc78d,0.052
scenarios/p1-goss-1989/fig2a-r1.json,480,11004973504784297843,5c59e2593cf8a390,9713d469e02aa577,0.982
scenarios/p1-goss-1989/fig2a-r1.json,481,7803501297722746168,d19150334586f946,785f64348e819b6f,0.314
scenarios/p1-goss-1989/fig2a-r1.json,482,7083628126025002809,dc847ab730b1518e,b179d488be5eaf54,0.89
scenarios/p1-goss-1989/fig2a-r1.json,483,5105897566737862677,2b12d9afde60a380,72a64a6b34a9ae18,0.846
scenarios/p1-goss-1989/fig2a-r1.json,484,8350158375038671561,01ab5947b1ced9fb,99a61e62c460d9ba,0.168
scenarios/p1-goss-1989/fig2a-r1.json,485,13189168567235201317,4b8802a13328d93e,c6df8c27205cd7bc,0.016
scenarios/p1-goss-1989/fig2a-r1.json,486,2720725574197250877,251d38b1925bcd4b,a5d5e79b8e5aecdf,0.352
scenarios/p1-goss-1989/fig2a-r1.json,487,88664630025527015,6b718a3d9d3be229,ec14e23fed16ea8c,0.434
scenarios/p1-goss-1989/fig2a-r1.json,488,5080666769588164443,8169cf0df35d2573,b9e77b34cf8145c0,0.706
scenarios/p1-goss-1989/fig2a-r1.json,489,3485187059637686133,4cab81ff2381a21f,4e3f90ca222ca438,0.132
scenarios/p1-goss-1989/fig2a-r1.json,490,8957158531290067939,bbc5735378d2f5a6,f5fdbdd2e5dc3dc5,0.104
scenarios/p1-goss-1989/fig2a-r1.json,491,7095936368882284417,ccaf9238fd04d6a2,98d55c45713f5ba1,0.99
scenarios/p1-goss-1989/fig2a-r1.json,492,6524451575008356608,0e971b0a59f8e695,f6e0dcbf184cf0ff,0.666
scenarios/p1-goss-1989/fig2a-r1.json,493,5465454692102184428,dc1ddb9a8383f315,6893d202a93d74f4,0.136
scenarios/p1-goss-1989/fig2a-r1.json,494,13120141853151130272,1187b2c53956b520,51aff53ee037708c,0.02
scenarios/p1-goss-1989/fig2a-r1.json,495,10352407285340753156,8e41a00fe38372ff,3ce55772bdcce9f3,0.028
scenarios/p1-goss-1989/fig2a-r1.json,496,4685647354750580372,330118a18376aefd,60310332ad59164e,0.958
scenarios/p1-goss-1989/fig2a-r1.json,497,7682353128129177244,eff0d3db97ffdd6b,d9ee6248c54de9aa,0.948
scenarios/p1-goss-1989/fig2a-r1.json,498,17196247787517943694,6720a0d0d2adbca2,a9c8bcca8c7e3344,0.204
scenarios/p1-goss-1989/fig2a-r1.json,499,1913375650222710474,04c4023f3520b6af,0156242054a9c20c,0.966
scenarios/p1-goss-1989/fig2a-r1.json,500,3480462403698074491,fa9ac238142f239d,7d85c57b7e8dbe52,0.858
scenarios/p1-goss-1989/fig2a-r1.json,501,8677625248161528671,41accba5a2b439f2,3f742c2f5f59ca63,0.226
scenarios/p1-goss-1989/fig2a-r1.json,502,16002427523335608184,4a766b91e0830950,0957f6686cdc1c61,0.1
scenarios/p1-goss-1989/fig2a-r1.json,503,402808411527070439,a22a395fe3babd4c,d8e31fa6169b7666,0.372
scenarios/p1-goss-1989/fig2a-r1.json,504,5406596648626160507,c08f442cd9e51de9,06a629e3549b785e,0.964
scenarios/p1-goss-1989/fig2a-r1.json,505,9816680861089425014,22361e0b3adc4492,fcab9c5e27d55a41,0.086
scenarios/p1-goss-1989/fig2a-r1.json,506,8306896191422143865,d8aa4128d39e020a,929efb58447f4bf3,0.878
scenarios/p1-goss-1989/fig2a-r1.json,507,2543410608136174896,ecfc60079e11d96f,606493c20bdda3d7,0.91
scenarios/p1-goss-1989/fig2a-r1.json,508,13145941987565665668,87cdb9e1a7434c60,7c3d3575ff76c691,0.038
scenarios/p1-goss-1989/fig2a-r1.json,509,10467326126152615691,2044b7dfeb183b26,fdf82567b0fbea7f,0.532
scenarios/p1-goss-1989/fig2a-r1.json,510,12507370115127693742,6143439edb13b5ce,c0e3352b5aca300b,0.232
scenarios/p1-goss-1989/fig2a-r1.json,511,3786932413069357423,3b3814136b3a96d8,47c1d58b449062c2,0.978
scenarios/p1-goss-1989/fig2a-r1.json,512,5154514987742759503,e5be07cc6a22c33e,38f84541cf3cc3b1,0.822
scenarios/p1-goss-1989/fig2a-r1.json,513,15087720630370527958,a367dcabe019ad9c,3a24c91734a47441,0.93
scenarios/p1-goss-1989/fig2a-r1.json,514,7269457084874039191,ad1edd5a36053b86,b72a4b2e5115d150,0.692
scenarios/p1-goss-1989/fig2a-r1.json,515,8531037247968596430,cedae85886c05c8a,d07986ddd9b88779,0.102
scenarios/p1-goss-1989/fig2a-r1.json,516,4714101389636036516,8819764b02bcfa7a,2dddc06351638d17,0.972
scenarios/p1-goss-1989/fig2a-r1.json,517,11754488437798334634,5e42178fa3bbedf9,ba9a9b9f3d2bb89b,0.01
scenarios/p1-goss-1989/fig2a-r1.json,518,1340224154562422847,a36e7134923d30b4,694572c0fc9304cf,0.132
scenarios/p1-goss-1989/fig2a-r1.json,519,5356486315251542519,dacda701258102fb,e38f430030a9850c,0.068
scenarios/p1-goss-1989/fig2a-r1.json,520,5129504455725163112,04303a2f552fc7ae,79d3d38a0cd0fa53,0.882
scenarios/p1-goss-1989/fig2a-r1.json,521,9071077673048085511,e805848fddbe6edc,1c4bce1163fca13b,0.03
scenarios/p1-goss-1989/fig2a-r1.json,522,16596704516111607363,cbbf02304767b34c,294a0bf0e01d9e94,0.99
scenarios/p1-goss-1989/fig2a-r1.json,523,9616079685097042005,3445517444ff0d7d,6663d55e24de658c,0.992
scenarios/p1-goss-1989/fig2a-r1.json,524,9100211793101652855,a6e39f3d85905023,f35b7d6aed56140e,0.026
scenarios/p1-goss-1989/fig2a-r1.json,525,10422962422115335456,bfea9ec24ee50b0d,fe735f631786cb55,0.992
scenarios/p1-goss-1989/fig2a-r1.json,526,16057191087585878960,d19f3fa72128d954,974807c553e58377,0.212
scenarios/p1-goss-1989/fig2a-r1.json,527,8201625072263614529,44025f545ead5e0a,2632c8d7ae7d383f,0.368
scenarios/p1-goss-1989/fig2a-r1.json,528,2782989404231070011,3f8f62a37322e3f4,bf287662e3ed3987,0.994
scenarios/p1-goss-1989/fig2a-r1.json,529,6287553572010710498,7c684e68a655491f,aa7fc5da7723eca6,0.916
scenarios/p1-goss-1989/fig2a-r1.json,530,16214479251226975400,751465068eddcadf,201b79f6dd2da54a,0.912
scenarios/p1-goss-1989/fig2a-r1.json,531,12587657276417861336,b35e96c9535ac5cf,207866a3df9a59b7,0.76
scenarios/p1-goss-1989/fig2a-r1.json,532,4565855284426499483,28059a5207bae64f,f77fd6c4a1acb52a,0.994
scenarios/p1-goss-1989/fig2a-r1.json,533,9169294262293912814,85ae3ce66452b7ca,3fc2168de33060a6,0.082
scenarios/p1-goss-1989/fig2a-r1.json,534,10894100078393480298,7b4c6facb00ba248,a36386d49050e152,0.83
scenarios/p1-goss-1989/fig2a-r1.json,535,4047459221975154181,31e3f7f52624b113,b8892fd4dfad272a,0.974
scenarios/p1-goss-1989/fig2a-r1.json,536,11346489949155543505,09703e87a4116291,fcb0ac46804d0897,0.854
scenarios/p1-goss-1989/fig2a-r1.json,537,12102355252184365722,140d0de39a4759b9,70dadeb0280aeede,0.936
scenarios/p1-goss-1989/fig2a-r1.json,538,9688714874620792934,a398e26c0c626e95,4caebdb2b335888b,0.674
scenarios/p1-goss-1989/fig2a-r1.json,539,15638623233089206877,1e519775cd8c8f11,46ef7779122c92b7,0.574
scenarios/p1-goss-1989/fig2a-r1.json,540,6019677231813040520,095a6563b5da9873,ec06b46d8e8fa1ae,0.99
scenarios/p1-goss-1989/fig2a-r1.json,541,9968818007584661441,a20c039c7297456d,192abd6786a3c454,0.896
scenarios/p1-goss-1989/fig2a-r1.json,542,15140827502511621384,309f0ef7a42ca0f0,7cf2f00867acef90,0.95
scenarios/p1-goss-1989/fig2a-r1.json,543,9574908165618360663,9654c204663b5651,34964797ffdc86df,0.998
scenarios/p1-goss-1989/fig2a-r1.json,544,8177108126365441464,329b93b6aaeec201,431e711ba01181f7,0.866
scenarios/p1-goss-1989/fig2a-r1.json,545,1755426553093824180,68934626d99da397,73997317d6ad22ab,0.988
scenarios/p1-goss-1989/fig2a-r1.json,546,12862079862803206112,30591353191b85af,ccb616c17e2fc811,0.904
scenarios/p1-goss-1989/fig2a-r1.json,547,1091901663931220954,72006776dd095576,49b22cbed33be3fb,0.15
scenarios/p1-goss-1989/fig2a-r1.json,548,74787406026522107,54b8b19c7c191a98,8e3a220ab7ed184a,0.866
scenarios/p1-goss-1989/fig2a-r1.json,549,14879349269543221292,025d4388c6c63a09,da8876627fa8a339,0.966
scenarios/p1-goss-1989/fig2a-r1.json,550,1635338401167802073,234d2f1989e48743,1ccc2931d55bd8db,0.676
scenarios/p1-goss-1989/fig2a-r1.json,551,7932458091583204857,780980b37b91704e,7f49c5cd9911eb00,0.084
scenarios/p1-goss-1989/fig2a-r1.json,552,11995580840290552579,070c543b1cd2f1b9,af97640dc2f6ba0c,0.028
scenarios/p1-goss-1989/fig2a-r1.json,553,16586150842785490004,87182d2bf70b2475,47ac2f78c1164411,0.816
scenarios/p1-goss-1989/fig2a-r1.json,554,17778367732407092201,507d089923d3e6cb,0fb0415557e0b467,0.328
scenarios/p1-goss-1989/fig2a-r1.json,555,11181972877370248706,029228b1cd479a48,885f4a76e1235bd5,0.92
scenarios/p1-goss-1989/fig2a-r1.json,556,12210317161718785885,459daa58f3cf950a,c3eedfc3c4ea1728,0.928
scenarios/p1-goss-1989/fig2a-r1.json,557,9560979988424995068,0434717faef04911,74708fc1bfafa846,0.954
scenarios/p1-goss-1989/fig2a-r1.json,558,520379079254830021,61e0faf8877ccc60,297c8c8f861d1a5c,0.022
scenarios/p1-goss-1989/fig2a-r1.json,559,10954793480316370272,4d087dc3f885df2b,ca50246b7bafb8bd,0.95
scenarios/p1-goss-1989/fig2a-r1.json,560,15772019985178923040,251fa232c63fd1d3,6a7f75b6c05525db,0.46
scenarios/p1-goss-1989/fig2a-r1.json,561,17090778278502573055,93cc20686857fa18,cd358946d5b2ab59,0.106
scenarios/p1-goss-1989/fig2a-r1.json,562,14334764781511502604,0c229b2a152db29d,94bc2df3c2b5b216,0.976
scenarios/p1-goss-1989/fig2a-r1.json,563,960640390592886250,75ab203a45afcbea,04d8541e8233ce3b,0.976
scenarios/p1-goss-1989/fig2a-r1.json,564,15529212325588433482,692c4ce480504bd3,b680f70c8f004d7b,0.246
scenarios/p1-goss-1989/fig2a-r1.json,565,16118176732722432522,593255386edc01b8,490cfe18b2807e6b,0.202
scenarios/p1-goss-1989/fig2a-r1.json,566,13230177117572159874,6a97be22c32d5e6f,c0b49db48b0cf389,0.072
scenarios/p1-goss-1989/fig2a-r1.json,567,9128235899773369637,f965a6e594424337,6d2dce06ce745c8d,0.034
scenarios/p1-goss-1989/fig2a-r1.json,568,12065199248175819530,e5dad9b230f8c819,e440403d259c5664,0.906
scenarios/p1-goss-1989/fig2a-r1.json,569,15185968845141098202,908856bf73b9a6a2,99eb39b0a3f52347,0.014
scenarios/p1-goss-1989/fig2a-r1.json,570,13635598672036281445,41de5165a6cbc2d5,dcef1965cc209c1a,0.09
scenarios/p1-goss-1989/fig2a-r1.json,571,3849021585836367907,aa72ff415b200f6f,0b55460addf564e3,0.97
scenarios/p1-goss-1989/fig2a-r1.json,572,13080156169005388098,34d030b28c4b11c1,389066d1693cfcbf,0.108
scenarios/p1-goss-1989/fig2a-r1.json,573,15819563132031137010,e1ab705370b3974d,fbd2a8af8b3c641b,0.832
scenarios/p1-goss-1989/fig2a-r1.json,574,11521803249161997271,986970ce0d541594,e6aa4bf7356225b1,0.966
scenarios/p1-goss-1989/fig2a-r1.json,575,573991755213092716,3cd6f3a52cd991e6,1859b0b2dc4646f2,0.122
scenarios/p1-goss-1989/fig2a-r1.json,576,17969803036496718553,b7002829fc1ca054,29374b2ff50e52ff,0.194
scenarios/p1-goss-1989/fig2a-r1.json,577,1979176371899652752,cfdb76aa07a05a8e,80fbb80527783861,0.012
scenarios/p1-goss-1989/fig2a-r1.json,578,17276154522476147903,ecbbc47a20a53151,c39e710aaed6eddb,0.174
scenarios/p1-goss-1989/fig2a-r1.json,579,17092950309042087709,be4a0b8f5f5b0da4,0ab017b7be4a7826,0.444
scenarios/p1-goss-1989/fig2a-r1.json,580,14207157987637004445,51973c37385b5f61,f9bcf47c27e1e6c6,0.9
scenarios/p1-goss-1989/fig2a-r1.json,581,13472525570235867239,18d77dcf096eb324,d0ffc44242ec6b76,0.63
scenarios/p1-goss-1989/fig2a-r1.json,582,4432518067821467306,c184f0dc1ef2f46f,e23a38418bc4acc0,0.026
scenarios/p1-goss-1989/fig2a-r1.json,583,637196022818249647,ac74f9bf274c4960,c2013002ec855fd2,0.67
scenarios/p1-goss-1989/fig2a-r1.json,584,13416950605135404641,a543a3471b8e9ecb,f05b86d19329156b,0.04
scenarios/p1-goss-1989/fig2a-r1.json,585,14384632870903537145,6c50988f8fb07b41,89f79733593d940a,0.98
scenarios/p1-goss-1989/fig2a-r1.json,586,4696101168653993045,fec53a6299ee0011,cd0bd494a4181f04,0.2
scenarios/p1-goss-1989/fig2a-r1.json,587,14630068025031577909,dfa16a40dbf0922b,18b353b43da61f96,0.96
scenarios/p1-goss-1989/fig2a-r1.json,588,10552896147812226685,033df935ed9e2078,91a5179f53c47e73,0.192
scenarios/p1-goss-1989/fig2a-r1.json,589,8746562498193646997,2406cc62d7836a24,c88003149d59e838,0.88
scenarios/p1-goss-1989/fig2a-r1.json,590,9684875470269061267,eaeea2b1b82486d7,aefc5953571993a5,0.076
scenarios/p1-goss-1989/fig2a-r1.json,591,18427262853093947270,e1290a607e186a32,cca89635bc5f9ae1,0.102
scenarios/p1-goss-1989/fig2a-r1.json,592,2935515589054219938,8d558185b5d40c6e,21f6759bbea9473b,0.204
scenarios/p1-goss-1989/fig2a-r1.json,593,3476210703515354680,940b6d47252fc031,6d82edd27afb5146,0.95
scenarios/p1-goss-1989/fig2a-r1.json,594,4807626326358715603,08ee3bbabe2c10f4,9ea26b12eb90242e,0.968
scenarios/p1-goss-1989/fig2a-r1.json,595,6897335644955464307,a75873e86d92f35b,16b388ce59f0823b,0.758
scenarios/p1-goss-1989/fig2a-r1.json,596,4801026157752466139,d49a85668769bae2,24ef3ae414d8c5b1,0.012
scenarios/p1-goss-1989/fig2a-r1.json,597,4066662320146974299,1294ccc62175af43,0f238c4d0bebebbb,0.042
scenarios/p1-goss-1989/fig2a-r1.json,598,18400238563729200335,c9a067fbdecc19eb,282835cf65bfc45e,0.784
scenarios/p1-goss-1989/fig2a-r1.json,599,8367829410769552368,79e165c8474f509b,a9012076dbcddb32,0.59
scenarios/p1-goss-1989/fig2a-r1.json,600,1001443778806394809,34d1a48c3022b485,85911341857fc96f,0.982
scenarios/p1-goss-1989/fig2a-r1.json,601,5262052542080415690,0dcdecbbb645a346,99cea9ff9af129c1,0.024
scenarios/p1-goss-1989/fig2a-r1.json,602,13277367726539371385,5dcb119451923dbf,3ed365d077b27416,0.048
scenarios/p1-goss-1989/fig2a-r1.json,603,16585507423574499082,7bf656f3fc79e0b5,5d066884193bc068,0.992
scenarios/p1-goss-1989/fig2a-r1.json,604,8836911975462638018,189d0cd19678ea61,e7ce3dfe3e195de6,0.128
scenarios/p1-goss-1989/fig2a-r1.json,605,982408263897503458,f072e0607cdb74e1,2ffc0e882bed360c,0.218
scenarios/p1-goss-1989/fig2a-r1.json,606,12796086591573544470,707a4380e116a5bf,a990a71cf3594606,0.976
scenarios/p1-goss-1989/fig2a-r1.json,607,4153339286332822516,92e213f0ed197056,de4ac81976e53756,0.96
scenarios/p1-goss-1989/fig2a-r1.json,608,17909045389311797073,dae50aafa6f53ff1,46626c655cd3dffa,0.02
scenarios/p1-goss-1989/fig2a-r1.json,609,13681381032398129597,a86457e8ee9d6a41,29d57f1a10d99845,0.774
scenarios/p1-goss-1989/fig2a-r1.json,610,15948776164487323372,fe35be8bc2d6b794,8b46e11449c5ff8a,0.662
scenarios/p1-goss-1989/fig2a-r1.json,611,3998791309230900505,2f36faa0ba89946b,03e5a4700a0d267f,0.992
scenarios/p1-goss-1989/fig2a-r1.json,612,4967031779290712574,a574823f70d88548,8bdc4f1d10313bd7,0.736
scenarios/p1-goss-1989/fig2a-r1.json,613,5639785285520674825,da1ad9170982b1f0,c44f8b745b1086d9,0.318
scenarios/p1-goss-1989/fig2a-r1.json,614,6719850182731116084,2d30d4fde1a8ee98,7defed0ff816478d,0.988
scenarios/p1-goss-1989/fig2a-r1.json,615,15467497088999715209,5848e37b1aa7506b,c49edfed789c85c0,0.122
scenarios/p1-goss-1989/fig2a-r1.json,616,12186047661400872122,699b102ac19bb21f,9073ae12b0c2b4f0,0.21
scenarios/p1-goss-1989/fig2a-r1.json,617,16919738582681734254,59d5cc007a627749,cee5b8c62602d03a,0.206
scenarios/p1-goss-1989/fig2a-r1.json,618,4724544201252324703,552439c6ec785de3,8c112d18638cbbb9,0.05
scenarios/p1-goss-1989/fig2a-r1.json,619,9115503856023397108,72c3eda54e3a8c44,4528102bfbb5e142,0.02
scenarios/p1-goss-1989/fig2a-r1.json,620,7135788137240527263,5099883c67440b8c,d7490a7baa629404,0.95
scenarios/p1-goss-1989/fig2a-r1.json,621,13399568203364821740,f27cfba33b03e519,b8681db35f2a941d,0.964
scenarios/p1-goss-1989/fig2a-r1.json,622,7605394569466832063,7131596200d63ad7,474d21633d007c1a,0.05
scenarios/p1-goss-1989/fig2a-r1.json,623,6234229128643276450,5df3d7218011d213,8016c92738174569,0.868
scenarios/p1-goss-1989/fig2a-r1.json,624,2076155304412069611,d65265e97fe223cb,f3c07cd94fab16ce,0.048
scenarios/p1-goss-1989/fig2a-r1.json,625,15249158736972379463,1c5f04003aae2879,854f566fd61a148c,0.116
scenarios/p1-goss-1989/fig2a-r1.json,626,18279040282290407621,9961a53e21cd80cd,2ae942ac2fe00b43,0.02
scenarios/p1-goss-1989/fig2a-r1.json,627,14328093099966315122,16f1d1f1612419c2,f6363ae0ed13cb82,0.186
scenarios/p1-goss-1989/fig2a-r1.json,628,16410157649919231025,34ac7660437fbf3f,4e1d2de36d5311f4,0.784
scenarios/p1-goss-1989/fig2a-r1.json,629,13023248948568387421,ffff73ee4b67ddb8,9d99efb4156f115c,0.158
scenarios/p1-goss-1989/fig2a-r1.json,630,6447604449890517771,124fa3cc75a2d74b,724d1c71a41c8aa1,0.98
scenarios/p1-goss-1989/fig2a-r1.json,631,8054754531503100123,81a248d11327831a,6b61e9cf3b225300,0.946
scenarios/p1-goss-1989/fig2a-r1.json,632,4909358717304754610,6d5911a34073435d,53655e61c6f0d787,0.094
scenarios/p1-goss-1989/fig2a-r1.json,633,1040604466828436932,fb82b2524d7562ae,f495e563c25679f8,0.266
scenarios/p1-goss-1989/fig2a-r1.json,634,17041926186937768678,55ff3d9757253166,00ffda7491f8005d,0.058
scenarios/p1-goss-1989/fig2a-r1.json,635,8640020884552847384,b4c2caa602a76a0a,8b4c54acf2443fc4,0.278
scenarios/p1-goss-1989/fig2a-r1.json,636,12224148185537193722,1d91ee73a8b5f730,b669301ce92390d9,0.634
scenarios/p1-goss-1989/fig2a-r1.json,637,6006860775662147852,e12cfac36d8985b2,cb34f951c4814198,0.628
scenarios/p1-goss-1989/fig2a-r1.json,638,12969591638117153753,20e6457de47697d3,336b4e6400588400,0.018
scenarios/p1-goss-1989/fig2a-r1.json,639,18216564763597029625,432453f4bceb96f5,0a9d86f20425f672,0.966
scenarios/p1-goss-1989/fig2a-r1.json,640,10904162425042416662,37b2e20c05087956,4efb1654f47ae665,0.112
scenarios/p1-goss-1989/fig2a-r1.json,641,14102567777790888340,f14417dac15f0900,7f6545b63702c818,0.026
scenarios/p1-goss-1989/fig2a-r1.json,642,3350915662794266983,26e4eda5be67b9a4,911311769cafbec0,0.162
scenarios/p1-goss-1989/fig2a-r1.json,643,18152291830707668063,bfe3f760d68b6564,cc3769c0eb60cc0d,0.264
scenarios/p1-goss-1989/fig2a-r1.json,644,10473851473268058397,22772b3f1f99e216,5deba89b32532eba,0.044
scenarios/p1-goss-1989/fig2a-r1.json,645,10567956396215590628,a2f3df0371611cac,fa84563164184022,0.054
scenarios/p1-goss-1989/fig2a-r1.json,646,5953098040279953912,836361726d137674,0190b257aa17352c,0.948
scenarios/p1-goss-1989/fig2a-r1.json,647,14470025069504682830,bbc89e5965c0f869,300e4041d070e95e,0.778
scenarios/p1-goss-1989/fig2a-r1.json,648,7531526637989145774,7c895d255b1ab8da,e0be11ff7118f0c4,0.286
scenarios/p1-goss-1989/fig2a-r1.json,649,17018489949445281854,c3a2b49b1fb0be34,df3be10379506c86,0.862
scenarios/p1-goss-1989/fig2a-r1.json,650,4543549946749615346,f4faa17d4d58d710,2f94713d80f6bbea,0.068
scenarios/p1-goss-1989/fig2a-r1.json,651,1062165001243707131,f7777abc4019b4f6,e22daeea700df00d,0.406
scenarios/p1-goss-1989/fig2a-r1.json,652,18431676897771197383,4660497b4e474ce3,c29284fcad36952a,0.906
scenarios/p1-goss-1989/fig2a-r1.json,653,209446337761673280,c6e06b40b4eabac0,f45aba888f85243b,0.974
scenarios/p1-goss-1989/fig2a-r1.json,654,5345289336800861109,d1370b33c7fbacab,6cf208439996e052,0.85
scenarios/p1-goss-1989/fig2a-r1.json,655,16000503720249786164,ef45e6854cfadc2a,04781fc6c9bbe59c,0.212
scenarios/p1-goss-1989/fig2a-r1.json,656,17874653542471453399,506c4556b8d16ef4,3229d1983615dd40,0.664
scenarios/p1-goss-1989/fig2a-r1.json,657,7959687915640314393,c9639c7592a5deae,a8583e3995c09e99,0.826
scenarios/p1-goss-1989/fig2a-r1.json,658,13867166618823610095,0a1779f6a0002f03,a5248b2f441dd0ba,0.378
scenarios/p1-goss-1989/fig2a-r1.json,659,7904479072538546227,941c90fe009d401d,b8df6dea1c9cf6e9,0.19
scenarios/p1-goss-1989/fig2a-r1.json,660,17319973536943941208,4de27aa746beebfa,b9c6806382ab389e,0.954
scenarios/p1-goss-1989/fig2a-r1.json,661,357525567535997573,604882a95d9959ac,b4207d3b5402e651,0.948
scenarios/p1-goss-1989/fig2a-r1.json,662,14739213022944418184,933c9ce8c667fb73,d15ab4cea13130ff,0.006
scenarios/p1-goss-1989/fig2a-r1.json,663,15066382397283815103,24581aa5b805d758,9b972bdb62f76fbd,0.192
scenarios/p1-goss-1989/fig2a-r1.json,664,1164529944696042829,61cd2f1d5d44c1cc,3122a07552080eb9,0.612
scenarios/p1-goss-1989/fig2a-r1.json,665,7478882441546529549,28c7bedc376c7123,454e71afe97bb121,0.966
scenarios/p1-goss-1989/fig2a-r1.json,666,12777397165603186765,22f99d1a884a4b10,5412cb5cb664df41,0.978
scenarios/p1-goss-1989/fig2a-r1.json,667,2180467431793952004,618150ca6fc9cfb7,8ca4953305758ce8,0.106
scenarios/p1-goss-1989/fig2a-r1.json,668,7665477664729950651,dd4d21e81830b2e8,2279c9efcbd80265,0.726
scenarios/p1-goss-1989/fig2a-r1.json,669,10330259746403321845,810ac62426b82bc7,8fe364a3b3f68339,0.892
scenarios/p1-goss-1989/fig2a-r1.json,670,12356498522511124702,ca5d28c563402fe7,62d1b85365d8e77d,0.25
scenarios/p1-goss-1989/fig2a-r1.json,671,4690362479566176944,507c88e524758ef2,5f9122152177593f,0.018
scenarios/p1-goss-1989/fig2a-r1.json,672,8325883137969908489,215ddfad3a932d7e,83acc75716918da9,0.058
scenarios/p1-goss-1989/fig2a-r1.json,673,14135815814066645465,035ac228d69f340e,8246f0134437c112,0.998
scenarios/p1-goss-1989/fig2a-r1.json,674,7380906549613616995,50512910659bf296,ecaa4eab99f85e73,0.994
scenarios/p1-goss-1989/fig2a-r1.json,675,5116450676387232365,d53f95f4d13d3f02,ced6efee03d0ad10,0.242
scenarios/p1-goss-1989/fig2a-r1.json,676,7809451177373313338,85c9a9f93781dc90,680adbc6e2f156f0,0.392
scenarios/p1-goss-1989/fig2a-r1.json,677,17188360565969603911,31ee34780c31ffb1,b5ee06c932e243db,0.556
scenarios/p1-goss-1989/fig2a-r1.json,678,10215230420319371894,5367f29424f1d5ed,6c35d3a87f850d5c,0.856
scenarios/p1-goss-1989/fig2a-r1.json,679,6045316276316736732,d9a603da8275b871,34eed58650fb0ef6,0.988
scenarios/p1-goss-1989/fig2a-r1.json,680,16753722256582108128,2d7669d995e76ac5,41d8f0e3340049b0,0.842
scenarios/p1-goss-1989/fig2a-r1.json,681,438647948761861069,f879a36264c7021a,cc5fcee9689b7b57,0.986
scenarios/p1-goss-1989/fig2a-r1.json,682,12611254196655623033,5485970fa161112b,2a7b7212fa2caa7c,0.012
scenarios/p1-goss-1989/fig2a-r1.json,683,12536453971163026896,b4c7c3f65d42d11a,d93414abf20aa1a8,0.982
scenarios/p1-goss-1989/fig2a-r1.json,684,3231387108054252052,86a55172778e5ef1,5e671496577c15d4,0.916
scenarios/p1-goss-1989/fig2a-r1.json,685,9625085997031958806,1765aa6e79ac5a10,d8cee5eccb6068cd,0.176
scenarios/p1-goss-1989/fig2a-r1.json,686,12666189653412173571,0eb4800e64339312,f32fd1251113dee2,0.07
scenarios/p1-goss-1989/fig2a-r1.json,687,17768986462658657696,95cca33e32957a07,62247bb3e18c17a8,0.062
scenarios/p1-goss-1989/fig2a-r1.json,688,12245805235699483743,64abe8de8f6ae036,a149d245db39f3f4,0.014
scenarios/p1-goss-1989/fig2a-r1.json,689,3331635295929128539,7876e9b24e6a7486,76e78ae8cf3dd1dd,0.428
scenarios/p1-goss-1989/fig2a-r1.json,690,10594295833453332370,75adc1f367cb1cbe,6f65fd5b8a323814,0.932
scenarios/p1-goss-1989/fig2a-r1.json,691,3934750112844996343,89e7724d953be6a5,e2b2e4353993f688,0.006
scenarios/p1-goss-1989/fig2a-r1.json,692,17460877436373842487,5b3d36433a399980,d401c127800b6898,0.888
scenarios/p1-goss-1989/fig2a-r1.json,693,17824784444259333300,d8cef43a37db0737,dda2cf4b8e5b738c,0.124
scenarios/p1-goss-1989/fig2a-r1.json,694,3614957661173179801,3bda102e00baf841,0d4f4bc72a0a0e01,0.816
scenarios/p1-goss-1989/fig2a-r1.json,695,4120019246857535680,d36b91fd7a690022,2b5c41668176fd25,0.998
scenarios/p1-goss-1989/fig2a-r1.json,696,9609385738465022432,6d976fda35c43318,cee46e0994edf148,0.798
scenarios/p1-goss-1989/fig2a-r1.json,697,12241933111971139866,5aa8aaf5044597f4,934f00d4c0b7b114,0.088
scenarios/p1-goss-1989/fig2a-r1.json,698,2466936904437485178,5f776ed3aa2c2796,2e2bf456f1163373,0.796
scenarios/p1-goss-1989/fig2a-r1.json,699,16694704061812062984,748879abacbba5e7,073fff02b4efe987,0.572
scenarios/p1-goss-1989/fig2a-r1.json,700,4917846372815001163,0344af75cb5356ba,d8b0b92230c8b8a9,0.186
scenarios/p1-goss-1989/fig2a-r1.json,701,5221096574305014119,42eacbcdf40795f6,3bcb5b4ee4e5cb5d,0.966
scenarios/p1-goss-1989/fig2a-r1.json,702,3024246386724012550,5e3d8000e7e52e22,6afee434f2a3d02c,0.082
scenarios/p1-goss-1989/fig2a-r1.json,703,7428507321532527308,21a332564da10f05,909f74eb308ee680,0.878
scenarios/p1-goss-1989/fig2a-r1.json,704,778049992899976983,f1bb34c2496514df,7d171728f078d958,0.928
scenarios/p1-goss-1989/fig2a-r1.json,705,10831736753129060383,4b030a78ca104f7e,6e57619fae27a82f,0.996
scenarios/p1-goss-1989/fig2a-r1.json,706,9662016827424691325,c652a30949cd0627,79c26beb4465e451,0.108
scenarios/p1-goss-1989/fig2a-r1.json,707,11856718926022349875,6ae414c3f95fe3d6,4216b952425f4d50,0.97
scenarios/p1-goss-1989/fig2a-r1.json,708,12650315631533552740,65f31171578cc067,52bec5880ef0592e,0.05
scenarios/p1-goss-1989/fig2a-r1.json,709,5454873511431784858,e98c1800f5427aaf,b429daa7707c2c33,0.62
scenarios/p1-goss-1989/fig2a-r1.json,710,7410915743138962298,dd87935a04ade119,18d1485de2d14280,0.068
scenarios/p1-goss-1989/fig2a-r1.json,711,9032214228749151197,6bd8d19f971d2fa4,e8f37a77cdf4f6bd,0.002
scenarios/p1-goss-1989/fig2a-r1.json,712,15791676864525775389,67fdde80845e5bf6,b54e40a892101bdb,0.028
scenarios/p1-goss-1989/fig2a-r1.json,713,8304014180806795977,bce44d0f2c41d8b7,b0cb8efef3d7256b,0.584
scenarios/p1-goss-1989/fig2a-r1.json,714,13311003272462145256,00261d057b45229b,ce759c97fafd0c6c,0.068
scenarios/p1-goss-1989/fig2a-r1.json,715,9588525459979893023,00583fa661ddcc42,04b56f501903c9bd,0.818
scenarios/p1-goss-1989/fig2a-r1.json,716,10824775023675030494,745e526965ba9186,e5b7e8735d050e3c,0.028
scenarios/p1-goss-1989/fig2a-r1.json,717,3821512943443291807,1a19948b01c73197,eec81a8a49676835,0.834
scenarios/p1-goss-1989/fig2a-r1.json,718,9544057864913838446,54f0bf6b90b73de2,3c78b9c264721f6a,0.906
scenarios/p1-goss-1989/fig2a-r1.json,719,7418308593725266259,1230c511aeaa25b8,de5a0094d2b858ff,0.608
scenarios/p1-goss-1989/fig2a-r1.json,720,1989248076308639233,be1605b1d42f371f,4d148705259eb76e,0.94
scenarios/p1-goss-1989/fig2a-r1.json,721,2328898171585604789,596e96daf75d7ad0,0befc6101cf888a8,0.292
scenarios/p1-goss-1989/fig2a-r1.json,722,11911226974706816937,5b70df2baa0148da,093643e3333526ca,0.47
scenarios/p1-goss-1989/fig2a-r1.json,723,15229804682990843194,5dcebf0d2759672a,edebc98bae30d0ad,0.046
scenarios/p1-goss-1989/fig2a-r1.json,724,5059586485695733150,748a42cf67bc487a,a9c2fe1c516f5c89,0.97
scenarios/p1-goss-1989/fig2a-r1.json,725,14569027763556502139,045373fffd96b134,2bf2d5fce6e1f10e,0.04
scenarios/p1-goss-1989/fig2a-r1.json,726,776447675466679316,ab2d967385c64e19,3e9abcd5d2516bee,0.97
scenarios/p1-goss-1989/fig2a-r1.json,727,5080398344103118457,7bf3dad569af7d23,2a56b8456f5a404f,0.054
scenarios/p1-goss-1989/fig2a-r1.json,728,311538561170184603,3ab3c522e5729401,d534e87e4d61a59b,0.962
scenarios/p1-goss-1989/fig2a-r1.json,729,2293300393046378827,9fa0783fe010376b,e3d9d592b849074c,0.998
scenarios/p1-goss-1989/fig2a-r1.json,730,16910162044051704501,ac599dde58c48063,1dc506b8cf9817b6,0.782
scenarios/p1-goss-1989/fig2a-r1.json,731,16634465278146186727,4b9e528d55c827ae,150324a03322b693,0.056
scenarios/p1-goss-1989/fig2a-r1.json,732,2174550663826809830,53a7bf26912cfbcd,e09ba837bb8231b7,0.87
scenarios/p1-goss-1989/fig2a-r1.json,733,10670575364718022354,6b95c72d2565f270,9067449af5201c18,0.968
scenarios/p1-goss-1989/fig2a-r1.json,734,8461800307638145454,ab634c35f622fd32,672f6c7dbeaf354c,0.968
scenarios/p1-goss-1989/fig2a-r1.json,735,11778460834395979930,24cdb5ce187195cf,adc0f1124e7b2539,0.078
scenarios/p1-goss-1989/fig2a-r1.json,736,6508972623361918467,89075a027529c016,f7b8fb56804cd911,0.948
scenarios/p1-goss-1989/fig2a-r1.json,737,11931811388879809345,bc7f64eabf961047,d3b43b6d1cb9f4e5,0.214
scenarios/p1-goss-1989/fig2a-r1.json,738,16519594378080328903,ed37518f9032ba9f,0c8725e4ae8dbeb8,0.344
scenarios/p1-goss-1989/fig2a-r1.json,739,17841530108547878973,e8290c9e79aeee3a,d13f3f766b58e69b,0.93
scenarios/p1-goss-1989/fig2a-r1.json,740,17515867424132055932,83ce16e3370bc059,2aab2fb4b6ffb96f,0.066
scenarios/p1-goss-1989/fig2a-r1.json,741,14611441104631091491,f38e5b1c5a9edb45,801f2a8e779c1bf2,0.984
scenarios/p1-goss-1989/fig2a-r1.json,742,14231063413154171475,751250982bc3ea3c,16b546332d5f2c78,0.962
scenarios/p1-goss-1989/fig2a-r1.json,743,1945709929592865485,e2f861c1800d3397,3c5e334cf253e6a6,0.154
scenarios/p1-goss-1989/fig2a-r1.json,744,16600080904289784572,16f4ff1114117ee3,4860ef452f92ed3d,0.906
scenarios/p1-goss-1989/fig2a-r1.json,745,2978873715263796634,94f5f62a7d1d1f6b,493a57aa9c184795,0.502
scenarios/p1-goss-1989/fig2a-r1.json,746,15152269312511772352,a5106ce2ccf560ed,423fadbe8c555ffc,0.014
scenarios/p1-goss-1989/fig2a-r1.json,747,10079083261158691070,03a928411005da0e,ed99546449876132,0.98
scenarios/p1-goss-1989/fig2a-r1.json,748,13615882257086891466,70d49933f49e1c5a,62e30f25018c40da,0.124
scenarios/p1-goss-1989/fig2a-r1.json,749,11800014552277733891,180181a6a2d0e945,172a9a6cf7f201a7,0.548
scenarios/p1-goss-1989/fig2a-r1.json,750,3593032205251222080,9e3702c26e3310ec,94c34ffd639392f7,0.066
scenarios/p1-goss-1989/fig2a-r1.json,751,6137441176856227657,5f93ca225db551c5,0c88a55455175da0,0.124
scenarios/p1-goss-1989/fig2a-r1.json,752,7960184758715162359,8449da76e685944c,31cc803b3590a6f2,0.952
scenarios/p1-goss-1989/fig2a-r1.json,753,1628090215651118520,73c18e679edb86c4,15454daeb921cc6c,0.954
scenarios/p1-goss-1989/fig2a-r1.json,754,13837941769013604972,571c0a11974fe723,c7b2889da3d0d59e,0.814
scenarios/p1-goss-1989/fig2a-r1.json,755,16012754504961819122,6f3a72a3b4459cf2,a0b9f2a86b012cd8,0.926
scenarios/p1-goss-1989/fig2a-r1.json,756,12989493488736429123,8f37252efc3111e6,30e123d377dfd34c,0.824
scenarios/p1-goss-1989/fig2a-r1.json,757,13784153782961037870,423e47c103292961,1f388ed9c9c1e7a2,0.092
scenarios/p1-goss-1989/fig2a-r1.json,758,8766345928241463920,f62e4d0cbce80064,0415ba593f456c9d,0.42
scenarios/p1-goss-1989/fig2a-r1.json,759,4597087570159049111,0c77d0e6c6ead9ca,8d01e95178bd47d5,0.288
scenarios/p1-goss-1989/fig2a-r1.json,760,15422549223523936887,783204544ab1803d,e00961d0c919384f,0.552
scenarios/p1-goss-1989/fig2a-r1.json,761,17962656280014518552,baa57102df508942,7ab91585c0c581d3,0.044
scenarios/p1-goss-1989/fig2a-r1.json,762,9348938719692976590,06cde3610ccfa1bf,82097e930ae9d137,0.11
scenarios/p1-goss-1989/fig2a-r1.json,763,11629421505856201606,93c4c955822621a6,fce9fe0911927a0a,0.966
scenarios/p1-goss-1989/fig2a-r1.json,764,690122638525687609,2e32a7df59d61b48,5d0966e398508761,0.198
scenarios/p1-goss-1989/fig2a-r1.json,765,6369167743019645983,4e109857617382d1,ffd4b589ef6fd2d5,0.018
scenarios/p1-goss-1989/fig2a-r1.json,766,15094399127113449179,997de4111c4a82f3,455244610c504e39,0.716
scenarios/p1-goss-1989/fig2a-r1.json,767,5964217632901550864,bf65c65448256640,9439b83676b8c9fb,0.85
scenarios/p1-goss-1989/fig2a-r1.json,768,5088631380002041068,577114ad711e409e,5fb9a0c13c3d83b5,0.95
scenarios/p1-goss-1989/fig2a-r1.json,769,17470856769308700929,171ed7a8ae1ddee9,fe5f8cf49a77e2e7,0.342
scenarios/p1-goss-1989/fig2a-r1.json,770,3176894236041334040,c4b2bb458c859920,8f398ef0615aadd8,0.97
scenarios/p1-goss-1989/fig2a-r1.json,771,1530559797766047149,f6b6e8fa492b2a8a,3cffbe8df7700a47,0.076
scenarios/p1-goss-1989/fig2a-r1.json,772,62123094059529163,df2a3f0c7ca77cef,fa34b9d15a9f409b,0.01
scenarios/p1-goss-1989/fig2a-r1.json,773,3637873546341480903,93109c3daeda4f5d,ffda388612651c81,0.016
scenarios/p1-goss-1989/fig2a-r1.json,774,2361632251708496666,81967f9d26fd1381,a98af2c3aa198b2f,0.038
scenarios/p1-goss-1989/fig2a-r1.json,775,7722164507766231215,d0a4bc579d4a6612,076271f81dcee019,0.042
scenarios/p1-goss-1989/fig2a-r1.json,776,2866034804384559274,572155081bdab138,da8d8d7015266b81,0.994
scenarios/p1-goss-1989/fig2a-r1.json,777,4368447085153685080,48b7729ab41063cf,cfe8051f4cb28327,0.952
scenarios/p1-goss-1989/fig2a-r1.json,778,7218257917437606678,0bc9337c1e2bc41c,52d76cef4c0dd26e,0.138
scenarios/p1-goss-1989/fig2a-r1.json,779,392630996931140244,9667663f0cf651d7,e5e70fd618bb765a,0.866
scenarios/p1-goss-1989/fig2a-r1.json,780,13036519591421510515,ae727f241c042502,f67a03d80c91f881,0.038
scenarios/p1-goss-1989/fig2a-r1.json,781,13600620298775881096,60e1f597711df73d,4a3d23381aa2ab7d,0.178
scenarios/p1-goss-1989/fig2a-r1.json,782,10758508354372184585,44b91b58b6b0f87d,7d21873104bc31a8,0.156
scenarios/p1-goss-1989/fig2a-r1.json,783,8548921978480998150,d794637f99e2c676,5f218b4dd9128318,0.01
scenarios/p1-goss-1989/fig2a-r1.json,784,6353725771742945049,1521e7f08e58d7bb,de438184afa7e7c4,0.92
scenarios/p1-goss-1989/fig2a-r1.json,785,10397994103142108533,9ca0a3c73257e3a4,412645d2a0c7cc10,0.892
scenarios/p1-goss-1989/fig2a-r1.json,786,8828983343883877527,53b453b771441445,352752fc5bf911a3,0.918
scenarios/p1-goss-1989/fig2a-r1.json,787,13065299625535770445,1b7584aa44f55433,d5cae5a22bbdbedc,0.004
scenarios/p1-goss-1989/fig2a-r1.json,788,4113694463486778214,fbbe769854716e5a,1e65c86a261dde67,0.946
scenarios/p1-goss-1989/fig2a-r1.json,789,7916923185396810122,f1765c9d61fd2a8d,1dfa87ddc8687b18,0.962
scenarios/p1-goss-1989/fig2a-r1.json,790,10782802178013680074,a1afcdcd8f2a7c90,ac0e375c12ef84cd,0.576
scenarios/p1-goss-1989/fig2a-r1.json,791,15005668749359472639,e4f90a389a00745f,fe14da3eef9de703,0.058
scenarios/p1-goss-1989/fig2a-r1.json,792,16409243696248755089,f89f37d439d93f8e,35c1d04e9ad3598c,0.964
scenarios/p1-goss-1989/fig2a-r1.json,793,15076828546853185755,67387a78d02d6966,2c766ee760e36e15,0.026
scenarios/p1-goss-1989/fig2a-r1.json,794,17694201670178986411,1cb13a7b72391caf,aea6c186ed2d2f8e,0.618
scenarios/p1-goss-1989/fig2a-r1.json,795,5118119216557860525,eed27cb380c5c767,7cfe196b94ed2d4d,0.71
scenarios/p1-goss-1989/fig2a-r1.json,796,7653829197933801169,6fea200a5c267c48,016a14f74fc17033,0.02
scenarios/p1-goss-1989/fig2a-r1.json,797,782928877598970917,fa85e107a3db32a7,0869de870bbdbaa2,0.032
scenarios/p1-goss-1989/fig2a-r1.json,798,7104526579970431779,048d368adcce5331,f75453c42ed64f79,0.964
scenarios/p1-goss-1989/fig2a-r1.json,799,17356169353544243761,261fcb9f8fe52c7a,0cbaeca11a407aff,0.97
scenarios/p1-goss-1989/fig2a-r1.json,800,13080548324162306769,210b6cd7d495b782,9d430b029da505cb,0.946
scenarios/p1-goss-1989/fig2a-r1.json,801,16769679323157959210,55ceee48a6f15655,5646021d16a0fbb5,0.87
scenarios/p1-goss-1989/fig2a-r1.json,802,18350189214222719053,48b554064c56ec05,09a01317a82e523a,0.256
scenarios/p1-goss-1989/fig2a-r1.json,803,13281247869618180451,633fa2fd30ef4848,d88c366f4cf3c603,0.998
scenarios/p1-goss-1989/fig2a-r1.json,804,2037638068787921940,1c7ed7cd365c3450,2c2bf22ff14a1378,0.05
scenarios/p1-goss-1989/fig2a-r1.json,805,18382158439483883738,4af9b8bbd8e1bc15,1c46f02f874edb75,0.114
scenarios/p1-goss-1989/fig2a-r1.json,806,7855496493401853399,2cb9c7e384e0ea8e,d5ff87a22a8bc7c4,0.934
scenarios/p1-goss-1989/fig2a-r1.json,807,4789177997194017892,3df44f36c3b7f269,5626bfa770226f56,0.01
scenarios/p1-goss-1989/fig2a-r1.json,808,12255632084243709612,ec44c7f172ad2b13,a810d9f2c12fc0a6,0.032
scenarios/p1-goss-1989/fig2a-r1.json,809,10505089717378992897,e29ce47959aac81a,42fe0cda3321c4e3,0.02
scenarios/p1-goss-1989/fig2a-r1.json,810,3849799175510133174,82c643f1fd98b094,e9e0e45f72ace535,0.032
scenarios/p1-goss-1989/fig2a-r1.json,811,17461858948362074090,4d7c9c6a32f6ab53,7213ea9965ebd2c7,0.112
scenarios/p1-goss-1989/fig2a-r1.json,812,14702666244508977043,09ed051b17b0421c,66d0e3857cc17f0c,0.95
scenarios/p1-goss-1989/fig2a-r1.json,813,5009672215940779253,4c4ae02deb195dfb,64e9baad0a6ed239,0.9
scenarios/p1-goss-1989/fig2a-r1.json,814,3304738723862630091,1fbdf72ed7828dfd,03e539ff85333875,0.188
scenarios/p1-goss-1989/fig2a-r1.json,815,332076052979834246,9fa25402eba460d2,5096c9feb074edc7,0.996
scenarios/p1-goss-1989/fig2a-r1.json,816,9581114083953722881,f4d9fc90f26bfd86,5d45381dd91df017,0.036
scenarios/p1-goss-1989/fig2a-r1.json,817,13022303482386741625,d2c26e8e0d3b2f68,1aa3db1f96e861ec,0.958
scenarios/p1-goss-1989/fig2a-r1.json,818,8690665320566070374,d8e2b33115fc7f9f,1d1ad7c51082e82d,0.08
scenarios/p1-goss-1989/fig2a-r1.json,819,16479669404264035292,c34240c437788aaf,8ae65c688557c5d0,0.882
scenarios/p1-goss-1989/fig2a-r1.json,820,919086139885248065,61495556f2e2f2e7,798e1f90256cf563,0.016
scenarios/p1-goss-1989/fig2a-r1.json,821,14272339284739217785,6d025c6b32b3e159,bdeec8f3445b2b94,0.05
scenarios/p1-goss-1989/fig2a-r1.json,822,15447854759791126776,3f5086b21c098ea8,8edbdbbf4699086a,0.138
scenarios/p1-goss-1989/fig2a-r1.json,823,7848696121138058364,b19246b460012309,7bc01faf7532bf3c,0.106
scenarios/p1-goss-1989/fig2a-r1.json,824,9684669283889008852,d4df9098617f6f83,fa59635488f1d58c,0.024
scenarios/p1-goss-1989/fig2a-r1.json,825,9562618662074267613,4197d7f0cd2d8a13,92442c786c8e6719,0.338
scenarios/p1-goss-1989/fig2a-r1.json,826,5563849073450743408,4a61380118ed79ee,232d85b0d0825c83,0.978
scenarios/p1-goss-1989/fig2a-r1.json,827,3306255790360856177,54ba1db3898a5e4c,6e55bb3c2e8ce927,0.39
scenarios/p1-goss-1989/fig2a-r1.json,828,12093520254490284616,d28b76901d3064d8,5045a1f1504f00fb,0.904
scenarios/p1-goss-1989/fig2a-r1.json,829,11237316401183254334,2f2b1e9d88d4057b,618c6c5f5224a19c,0.008
scenarios/p1-goss-1989/fig2a-r1.json,830,12281639908672265313,fe49b3a89cccd826,6a7876062b62f3b7,0.974
scenarios/p1-goss-1989/fig2a-r1.json,831,4688562324919849096,1d79a2e80ef272aa,c2c3ce090a212ceb,0.21
scenarios/p1-goss-1989/fig2a-r1.json,832,1183275370184940808,e2cfa47918503af4,4c0f0907002850d8,0.344
scenarios/p1-goss-1989/fig2a-r1.json,833,4950422333372850641,d68896cd60818f51,0f1b054957e52731,0.492
scenarios/p1-goss-1989/fig2a-r1.json,834,3501113784312414979,b23e6af537aa7906,65886991b8478e42,0.038
scenarios/p1-goss-1989/fig2a-r1.json,835,15427519945800281393,915a5d4c0a29da1e,5d26ecaeb0eb0d65,0.984
scenarios/p1-goss-1989/fig2a-r1.json,836,61800379266750022,28132c48cdb155e2,de98bdf01880072e,0.9
scenarios/p1-goss-1989/fig2a-r1.json,837,16660710541930060226,58fe8b9a5a6ecf7f,f08d9c2ff12cbec2,0.976
scenarios/p1-goss-1989/fig2a-r1.json,838,2287353585661966509,65cbb66120fa62ac,7fc760db8afa08ab,0.576
scenarios/p1-goss-1989/fig2a-r1.json,839,7091126318432697631,2ec38287edaff04d,0f917b72bf0aedfa,0.082
scenarios/p1-goss-1989/fig2a-r1.json,840,1345325359239413663,2fecddd51dc19c88,cc6015847d612cc0,0.696
scenarios/p1-goss-1989/fig2a-r1.json,841,13291646380700944998,fa8515256ae195a3,67ca10ca090e007d,0.602
scenarios/p1-goss-1989/fig2a-r1.json,842,5726344490582222229,ea87e49e47e93911,8995040f785b6a89,0.024
scenarios/p1-goss-1989/fig2a-r1.json,843,11053709314650534767,d5583eeff3b0ba1d,2f0de4d573a81f0b,0.014
scenarios/p1-goss-1989/fig2a-r1.json,844,4341511750916724806,579dbe4fdb653479,3cd4aba304891185,0.772
scenarios/p1-goss-1989/fig2a-r1.json,845,2336718775444748357,bdb7c275c5be206c,7834b1df4dbad7c3,0.55
scenarios/p1-goss-1989/fig2a-r1.json,846,4001384533443692462,3f84cae4c26ec94a,a8153ada9a7cd7ae,0.118
scenarios/p1-goss-1989/fig2a-r1.json,847,8657204492575170871,fac3e69bc9df6e5d,30ef2f7e5df6055c,0.918
scenarios/p1-goss-1989/fig2a-r1.json,848,14063129300350344885,ffb2ef41ad8860b2,a274a3d2fcb35587,0.734
scenarios/p1-goss-1989/fig2a-r1.json,849,12904896589263980633,ad584c023ef36d62,c494b5fbc99b1c81,0.084
scenarios/p1-goss-1989/fig2a-r1.json,850,8208002210583254564,bffa486f2b44d86e,aec7ea3b995fb1ae,0.45
scenarios/p1-goss-1989/fig2a-r1.json,851,3027256803234784587,e4733a709bf64139,6ffe699a0612ccd4,0.046
scenarios/p1-goss-1989/fig2a-r1.json,852,2237561836014347429,1ea21930891e36d5,92af19c14918384c,0.808
scenarios/p1-goss-1989/fig2a-r1.json,853,17331130932139527268,2d43554eed8ab7e3,cd8ffeb6d97524f9,0.016
scenarios/p1-goss-1989/fig2a-r1.json,854,14772291613171015620,407c84ec010b5e4d,723504cad257d14c,0.528
scenarios/p1-goss-1989/fig2a-r1.json,855,7218587725310559485,9c5c97945f938c8a,da76a7aea65039bc,0.982
scenarios/p1-goss-1989/fig2a-r1.json,856,14460527200220169576,d6c202b1ada8d296,c2abad6a0609c06a,0.146
scenarios/p1-goss-1989/fig2a-r1.json,857,1078432179519971772,6b0c72b02ce67f13,e600560d9979234a,0.832
scenarios/p1-goss-1989/fig2a-r1.json,858,16215991618793831403,a5c77c60e9b967eb,30a25799098b1c49,0.954
scenarios/p1-goss-1989/fig2a-r1.json,859,8460111988983715223,095f9bd031eb35bb,0344d6ddae04b6f7,0.834
scenarios/p1-goss-1989/fig2a-r1.json,860,16515912989080987260,0d6fb995ce87b923,a5b42f69abd3f247,0.82
scenarios/p1-goss-1989/fig2a-r1.json,861,277023986884804983,530e82c5a1065641,f3628623112dcff1,0.93
scenarios/p1-goss-1989/fig2a-r1.json,862,6805057289295161771,28f41d4d35cf092c,16d4e9dd515f9c03,0.386
scenarios/p1-goss-1989/fig2a-r1.json,863,321862681421887543,a0b5b4126ec5b719,a0bdd61d26b95a59,0.978
scenarios/p1-goss-1989/fig2a-r1.json,864,7655303482099417976,d40a5a3a4f19a5dc,93beffc865a5189a,0.11
scenarios/p1-goss-1989/fig2a-r1.json,865,9311918916166122029,d303f3364e86146c,129a9731b44d14fa,0.018
scenarios/p1-goss-1989/fig2a-r1.json,866,13497785635720609720,7933c6e1c993670a,637ade3a2400fb74,0.85
scenarios/p1-goss-1989/fig2a-r1.json,867,13973282107898400933,0cb0ce27ac1ad8a7,ec0dde897e696b57,0.976
scenarios/p1-goss-1989/fig2a-r1.json,868,17188026704233771016,18f00b0f4e26019d,39a67384b6ce7b21,0.758
scenarios/p1-goss-1989/fig2a-r1.json,869,6566954262047396431,4c352d2d45ff41ac,230c8ff9b537ab6c,0.664
scenarios/p1-goss-1989/fig2a-r1.json,870,17643974842851009704,1d91314b91e63d0b,1b45753343f6d2b5,0.944
scenarios/p1-goss-1989/fig2a-r1.json,871,7583298422258648810,3022afce005c7f36,71e2f0fa24b99b85,0.622
scenarios/p1-goss-1989/fig2a-r1.json,872,18349403896687265830,8ec8d7c8c62e507e,2d4a8f53c887f534,0.078
scenarios/p1-goss-1989/fig2a-r1.json,873,18254177369850845479,fab086ffc7fdc8cb,70320d9f2e7da854,0.94
scenarios/p1-goss-1989/fig2a-r1.json,874,17102972309792947077,671f73e7e5da7a8c,29cb5524f9503a43,0.176
scenarios/p1-goss-1989/fig2a-r1.json,875,5175726010050921674,62b053a1634ba1d5,d444bcec05369e3c,0.978
scenarios/p1-goss-1989/fig2a-r1.json,876,2448374216548623541,e915cd68ecbb61d7,92a3c2fd688c822a,0.006
scenarios/p1-goss-1989/fig2a-r1.json,877,15235455671475333768,7f42b63b6a582888,cee73f624315e5dc,0.042
scenarios/p1-goss-1989/fig2a-r1.json,878,13662261907619058676,69957fe9478b1a2b,4a15399efe28c2d6,0.352
scenarios/p1-goss-1989/fig2a-r1.json,879,2916888287808496160,2c4b422ac5019d6e,40369e5535383a5b,0.05
scenarios/p1-goss-1989/fig2a-r1.json,880,6896060139446251527,03e3b89b20ecbb4c,cdf0aa879780c0a7,0.022
scenarios/p1-goss-1989/fig2a-r1.json,881,5674125430523298744,04ecfed0c62fdf0a,982e97a70ffcd8aa,0.064
scenarios/p1-goss-1989/fig2a-r1.json,882,12273380602736398174,725a7798afa4f55e,e300e9510685ed6a,0.914
scenarios/p1-goss-1989/fig2a-r1.json,883,15869820055900659206,afd313aca8d7f9ef,cf706b476f93539a,0.718
scenarios/p1-goss-1989/fig2a-r1.json,884,18289810999489156941,96ef8b290a4fe735,0f573cb69276fbb9,0.888
scenarios/p1-goss-1989/fig2a-r1.json,885,15892651471958866219,4e96c3d774859735,63afd92f21165dbb,0.636
scenarios/p1-goss-1989/fig2a-r1.json,886,18191676872899608657,cf392b3e181d22ce,d60e8965fd5a5b79,0.04
scenarios/p1-goss-1989/fig2a-r1.json,887,7696229567998297788,c1b5c28b79cbd47a,9fa15de0728770d4,0.976
scenarios/p1-goss-1989/fig2a-r1.json,888,8104683939669840316,ed5f929345a7ffb2,d904b0f006cc94bb,0.012
scenarios/p1-goss-1989/fig2a-r1.json,889,15077403772133494843,d48f790a5855906f,995042067cc29787,0.024
scenarios/p1-goss-1989/fig2a-r1.json,890,16635025980720835541,088ca0be64e31c38,ede4fc3967f0796d,0.002
scenarios/p1-goss-1989/fig2a-r1.json,891,2125447653400628176,f705890fa8737057,5b80692108cf571a,0.082
scenarios/p1-goss-1989/fig2a-r1.json,892,15147281405265943702,e6c208fa3e8d2096,2ac8fac4b1571f2b,0.064
scenarios/p1-goss-1989/fig2a-r1.json,893,12015855990127712893,ef01c885152023d5,37f120ea3bb50214,0.008
scenarios/p1-goss-1989/fig2a-r1.json,894,10376281457615060624,6251fd73ae1d6688,d2a5d31c6d52f8c8,0.916
scenarios/p1-goss-1989/fig2a-r1.json,895,16806659211622899145,a2f142c698ee6488,c0d258c18a286736,0.962
scenarios/p1-goss-1989/fig2a-r1.json,896,2704955400519136088,094ccf476368a558,46a30b3139684bdc,0.994
scenarios/p1-goss-1989/fig2a-r1.json,897,14125402964126361551,c1fa2f4ce3fcc885,c9da2833c18f1e11,0.972
scenarios/p1-goss-1989/fig2a-r1.json,898,10246024039312286479,213ec4aa1c12dfef,8ad2c0142a366c0d,0.32
scenarios/p1-goss-1989/fig2a-r1.json,899,7323329648107592444,d1d831a0e8b0503e,7e44f77890b42116,0.13
scenarios/p1-goss-1989/fig2a-r1.json,900,10305409460730088470,a827d59a1e56fd22,3cfe8e91b5012a2f,0.988
scenarios/p1-goss-1989/fig2a-r1.json,901,16251662929794669254,bb132c8e5e835ac3,73eacd000e9f44b9,0.114
scenarios/p1-goss-1989/fig2a-r1.json,902,7681933263055191271,9b60c924a53e9203,f24f2160950415e5,0.862
scenarios/p1-goss-1989/fig2a-r1.json,903,5495655806514430755,88e162afbf1530c3,479c2d42a505d0b8,0.006
scenarios/p1-goss-1989/fig2a-r1.json,904,3925690026239242863,c7d430ab92e5a8ed,a6894e5c223723db,0.158
scenarios/p1-goss-1989/fig2a-r1.json,905,8703281798466546072,f1bb64fad69dc22a,bc098162c18fccfe,0.756
scenarios/p1-goss-1989/fig2a-r1.json,906,13800292861923406358,67c9961add0cb3dc,9b22d9f001573293,0.43
scenarios/p1-goss-1989/fig2a-r1.json,907,15646835496152766494,c1ce057aded29b2e,7c9b7e1672718b2b,0.072
scenarios/p1-goss-1989/fig2a-r1.json,908,944753350593194351,14b998c5407f9e4b,a8822fdc782f9f57,0.016
scenarios/p1-goss-1989/fig2a-r1.json,909,400176694170443935,7c28bf4cc9c40533,5b7a7e3306fe51db,0.132
scenarios/p1-goss-1989/fig2a-r1.json,910,2826122660335280304,5a1e06ce74ac87cc,04159208f103a63e,0.954
scenarios/p1-goss-1989/fig2a-r1.json,911,1135859164418539898,e9468d18cd8f2630,ee7b2ac0af05b0bc,0.38
scenarios/p1-goss-1989/fig2a-r1.json,912,8456519371212311060,3d2cae78baf87126,070ae75b0f7c0eb7,0.958
scenarios/p1-goss-1989/fig2a-r1.json,913,8443727336576623262,7d8884d627471a7e,6c691d4534f05658,0.092
scenarios/p1-goss-1989/fig2a-r1.json,914,5239159222345609144,8d496c97bcce3f0f,793351f4bf10c02c,0.982
scenarios/p1-goss-1989/fig2a-r1.json,915,182230797394616020,390da3c560550e53,16535175fe2ebd09,0.676
scenarios/p1-goss-1989/fig2a-r1.json,916,1945848338194938543,92ecd39da9386922,b2ca0cf2498eaf66,0.064
scenarios/p1-goss-1989/fig2a-r1.json,917,13787481044372913777,b5850d8a8fe6c397,b031a811284245c3,0.99
scenarios/p1-goss-1989/fig2a-r1.json,918,3819046232375403368,2dff9b951565b52b,2538673e263c8d53,0.942
scenarios/p1-goss-1989/fig2a-r1.json,919,9082156187134581409,55716b5efb5bef5f,b2d0d5b67d82210e,0
scenarios/p1-goss-1989/fig2a-r1.json,920,8335694117420872407,67113752270ec439,45d845c8431a8fb5,0.806
scenarios/p1-goss-1989/fig2a-r1.json,921,8989371051459809559,1cfdd975d1826881,83445ce83c2d2ae5,0.732
scenarios/p1-goss-1989/fig2a-r1.json,922,16239323218540426631,83f4a6cd1924d883,7ebc531584766255,0.912
scenarios/p1-goss-1989/fig2a-r1.json,923,14061677595330034574,0b4259cbe9b667c5,8a743375fc5fe89d,0.016
scenarios/p1-goss-1989/fig2a-r1.json,924,13140661401622316968,f672b4688408b827,3e040908034e5133,0.024
scenarios/p1-goss-1989/fig2a-r1.json,925,12222775435623852542,0cf88cc6f18cc0fd,655ec9b5df9402e8,0.764
scenarios/p1-goss-1989/fig2a-r1.json,926,15466357168877703394,834745448392d0db,795e23bb0f129a49,0.924
scenarios/p1-goss-1989/fig2a-r1.json,927,13089736599472535463,e813e9dc225ab2a2,443a31fa9873f326,0.956
scenarios/p1-goss-1989/fig2a-r1.json,928,3319905918331604700,1ec3399c666e36ab,ffd7aeaa4376d132,0.936
scenarios/p1-goss-1989/fig2a-r1.json,929,10467776327377901529,6649b4b75414a860,7e075c242da01a93,0.01
scenarios/p1-goss-1989/fig2a-r1.json,930,6110370852422734275,7f7882fbcdb6329a,6d48ab3ca9ffc62c,0.02
scenarios/p1-goss-1989/fig2a-r1.json,931,8899335679055450035,a9662596bbb840e5,f76a79e5f4d803a6,0.86
scenarios/p1-goss-1989/fig2a-r1.json,932,3005804280846856928,3d696ac78364372b,8850a74c0b50c1e2,0.166
scenarios/p1-goss-1989/fig2a-r1.json,933,3317270966384353177,7ffd79bd72bdb26e,4e8754c32cc1a7df,0.998
scenarios/p1-goss-1989/fig2a-r1.json,934,15033428268066484373,33ba8126b557f462,519c4165920750d3,0.198
scenarios/p1-goss-1989/fig2a-r1.json,935,8778573114473729728,0ce75c8c83e71c24,ac450c98c2fb56de,0.044
scenarios/p1-goss-1989/fig2a-r1.json,936,531153531606565621,2e4e5aacf723d468,099eb01073874ad1,0.068
scenarios/p1-goss-1989/fig2a-r1.json,937,17705014043731313039,6e72ef84a3c09329,5afadfa4506f29cf,0.06
scenarios/p1-goss-1989/fig2a-r1.json,938,13728419418578665229,bcfe78426144eb47,1b27717dab175995,0.992
scenarios/p1-goss-1989/fig2a-r1.json,939,15674491794685758917,6aa04f0f0f1bce86,c2ae928feb9c69d4,0.022
scenarios/p1-goss-1989/fig2a-r1.json,940,15607871658515016421,8de36ce7565f427a,b2f061e976d38e31,0.056
scenarios/p1-goss-1989/fig2a-r1.json,941,12585560221831024720,361ad9180abe4ee4,c3c5b7a9910803ff,0.802
scenarios/p1-goss-1989/fig2a-r1.json,942,713164936852833895,36dd1dea25f4e37e,cb908d9912b3c435,0.114
scenarios/p1-goss-1989/fig2a-r1.json,943,2687143241250813373,1d9672a2f95527a1,51e687ed8ccb4d71,0.268
scenarios/p1-goss-1989/fig2a-r1.json,944,10372005214191606787,b599c5c09ef2cc70,76202db11898bb33,0.02
scenarios/p1-goss-1989/fig2a-r1.json,945,1074168279613117724,d6b824a39f394cd7,c1d8510cf199d615,0.026
scenarios/p1-goss-1989/fig2a-r1.json,946,5271270699756097527,cdf60f838c799ca6,bf22acef8e3e6780,0.964
scenarios/p1-goss-1989/fig2a-r1.json,947,7077020367196545266,1a60dbd97dc6a33f,d0df83b58ef2cbf8,0.924
scenarios/p1-goss-1989/fig2a-r1.json,948,1886862931232981188,316a6b6d44ee3cd1,5cbc1f7050617323,0.892
scenarios/p1-goss-1989/fig2a-r1.json,949,11678275738692560904,a340660a7b5f49d7,ef509d9494f88fc1,0.872
scenarios/p1-goss-1989/fig2a-r1.json,950,2754859790317497640,14cf088543c126db,48087cce13eb0d57,0.698
scenarios/p1-goss-1989/fig2a-r1.json,951,9015615657640460199,7055a689e59dd377,c4931269b031c322,0.17
scenarios/p1-goss-1989/fig2a-r1.json,952,17968387820719703478,abaab0e62061a129,baf0eb3cc8516c47,0.052
scenarios/p1-goss-1989/fig2a-r1.json,953,12288350370313358895,c0512a34c63735a3,4e3f91a6601be9fa,0.862
scenarios/p1-goss-1989/fig2a-r1.json,954,4624811069317399752,5bb7695d1c2664ac,827752d11c433cbf,0.96
scenarios/p1-goss-1989/fig2a-r1.json,955,3797826145729281268,f2bf79eb464df7a5,2546f9c7f67a741a,0.942
scenarios/p1-goss-1989/fig2a-r1.json,956,8065209681082283577,8e0e0b7435fe631b,644eec6583130859,0.906
scenarios/p1-goss-1989/fig2a-r1.json,957,1205954538646125833,5fdd19adf1d09ec3,86b592214cfdcc53,0.008
scenarios/p1-goss-1989/fig2a-r1.json,958,5225182240439832728,f1bd535f4dbaed67,7b3e574c5283425c,0.062
scenarios/p1-goss-1989/fig2a-r1.json,959,18305279354051958741,e4afcc49612b281b,8a087e3e51283619,0.998
scenarios/p1-goss-1989/fig2a-r1.json,960,9225937004224864504,137c76526b6a1e4e,bff08b64f4d407d1,0.042
scenarios/p1-goss-1989/fig2a-r1.json,961,10957566798122758338,301c0c7bda6dd654,f02078ce380f8473,0.946
scenarios/p1-goss-1989/fig2a-r1.json,962,10534563364048034643,49dcc6da66aee57e,8e8f2f563d685771,0.882
scenarios/p1-goss-1989/fig2a-r1.json,963,10174336995693917703,81c7f15f72ceed5e,5f91265c7d0cacd8,0.1
scenarios/p1-goss-1989/fig2a-r1.json,964,15283298939086287009,2726f0ccdf65b6a1,e8552afc9d142e6d,0.994
scenarios/p1-goss-1989/fig2a-r1.json,965,7369154820125510505,cbbb4280509fd6cd,9748e7c021da6b82,0.02
scenarios/p1-goss-1989/fig2a-r1.json,966,16366221942279045458,df00c0f9b29f6b91,c035cfaeed1c671c,0.91
scenarios/p1-goss-1989/fig2a-r1.json,967,345330001675320095,033ab64e7db5f7c0,4797ba3d3d3340f4,0.282
scenarios/p1-goss-1989/fig2a-r1.json,968,2926462917857811396,7d80f15993fbe5fb,d22f715d0e8f53f0,0.958
scenarios/p1-goss-1989/fig2a-r1.json,969,8124222763401079104,4c68255e6e99c6ea,15fde5dc2b741b46,0.976
scenarios/p1-goss-1989/fig2a-r1.json,970,13708163200924809699,70a5f77c2e602e94,970024913895af6f,0.538
scenarios/p1-goss-1989/fig2a-r1.json,971,3409794743493527880,69d5fff00d371a45,0bf869f14a2faa8b,0.196
scenarios/p1-goss-1989/fig2a-r1.json,972,8941074884784246570,b532c721eb2e1e8d,b774f1776034c753,0.928
scenarios/p1-goss-1989/fig2a-r1.json,973,4603534528857392887,d2c203d3756b475a,6149a2f0cba5c488,0.974
scenarios/p1-goss-1989/fig2a-r1.json,974,17368987804657643851,c1ab199c6bf2f04e,4c069c440544ec61,0.016
scenarios/p1-goss-1989/fig2a-r1.json,975,3959362006954934517,7945c369432992d3,363c7894c8d88fa4,0.16
scenarios/p1-goss-1989/fig2a-r1.json,976,3692626806570072262,fa602760fed8b3e2,0efc74f32665e9f2,0.936
scenarios/p1-goss-1989/fig2a-r1.json,977,9760627373477328886,4e4041261c1e9ce3,98e8b51d7a1e490a,0.154
scenarios/p1-goss-1989/fig2a-r1.json,978,15615083425316124258,cc56e8bfe1587275,eb68b4342bdf5d24,0.896
scenarios/p1-goss-1989/fig2a-r1.json,979,1048791888868529091,056ea2171e732b5b,d2f4b8f0f80676fa,0.432
scenarios/p1-goss-1989/fig2a-r1.json,980,5114307561752448344,68390943811219d7,151894f27be678c5,0.008
scenarios/p1-goss-1989/fig2a-r1.json,981,1428152961776298537,c837b381e336c7ea,83a58eac5d49ee52,0.054
scenarios/p1-goss-1989/fig2a-r1.json,982,8037290809217851932,986f2695ec7dc206,50365c9bd54e1e09,0.572
scenarios/p1-goss-1989/fig2a-r1.json,983,10786629773201211694,d3e82c3880529a3a,9674283e59d47f95,0.656
scenarios/p1-goss-1989/fig2a-r1.json,984,3112168075214135318,e58d92102d63297e,b924c236b1841b86,0.996
scenarios/p1-goss-1989/fig2a-r1.json,985,17870256287124193092,e15e59df1f07306a,4f7c4045c330ff98,0.374
scenarios/p1-goss-1989/fig2a-r1.json,986,14963796377566204235,d8365cc66cc7e832,2d99992ea8b8156d,0.866
scenarios/p1-goss-1989/fig2a-r1.json,987,2716210620960863346,92f64f3144260944,0d382e1e4ebd4db8,0.938
scenarios/p1-goss-1989/fig2a-r1.json,988,14174064676044954236,6882068ccacb7b97,ed06ed66d0c35f4d,0.058
scenarios/p1-goss-1989/fig2a-r1.json,989,7120563794051457878,184b247895a889f5,b351214fdde0a18a,0.084
scenarios/p1-goss-1989/fig2a-r1.json,990,14414100815295366883,15bf6c709293003e,70170b431bee3832,0.904
scenarios/p1-goss-1989/fig2a-r1.json,991,1092659429203528432,f5b9716d469fe800,5e0bed2eafcc20da,0.422
scenarios/p1-goss-1989/fig2a-r1.json,992,2164578758439319164,10b245cedf086bec,49c4b6424a3aec73,0.822
scenarios/p1-goss-1989/fig2a-r1.json,993,8095955273341585094,8e75383a64381c6a,b8e60dd85a0a6b96,0.08
scenarios/p1-goss-1989/fig2a-r1.json,994,7536414603855717303,9ed70c06f1bd7f7e,3b914fac0c09750e,0.088
scenarios/p1-goss-1989/fig2a-r1.json,995,7003573847682889428,2bf0a5171ebbd263,8e256de8aa733c4a,0.266
scenarios/p1-goss-1989/fig2a-r1.json,996,8918097676946416481,6c63097540a327eb,27c31fcb5f3f4517,0.056
scenarios/p1-goss-1989/fig2a-r1.json,997,13392001564334207158,89445c727b04e567,8b0f4913f85026c9,0.85
scenarios/p1-goss-1989/fig2a-r1.json,998,9120276814270410616,8204f54ef4b6cdb2,dcac88c469572770,0.002
scenarios/p1-goss-1989/fig2a-r1.json,999,17602721097030663700,ee50ad6e4230fe7a,22079cec3c1b34d9,0.974
scenarios/p1-goss-1989/fig2b-r1_4.json,0,2312232598447777568,fff0398324531040,bda12d5c69b1a74a,0.02
scenarios/p1-goss-1989/fig2b-r1_4.json,1,15653994942345168839,441c50b766c85917,2eac2ea8cb539c21,0.982
scenarios/p1-goss-1989/fig2b-r1_4.json,2,9596903935995777997,99767df0f177fb2c,08413cc6bce09ba0,0.964
scenarios/p1-goss-1989/fig2b-r1_4.json,3,7078676886350541996,249c2473a52859dd,2392dcf5c59e6163,0.9
scenarios/p1-goss-1989/fig2b-r1_4.json,4,170989759658648613,1793f6f3664f0625,49497959279aef9f,0.778
scenarios/p1-goss-1989/fig2b-r1_4.json,5,8201127223909263803,23526c31d94b7795,9c7e976c019c9937,0.83
scenarios/p1-goss-1989/fig2b-r1_4.json,6,17505188272115051029,62fbdd1ebe863226,22405d29139fb7c4,0.958
scenarios/p1-goss-1989/fig2b-r1_4.json,7,4272468721311353696,ce4d76c8199c932b,629f32fecc61c096,0.402
scenarios/p1-goss-1989/fig2b-r1_4.json,8,14931757519008990707,3a3f82afe3abb72a,6409e387b50c4029,0.148
scenarios/p1-goss-1989/fig2b-r1_4.json,9,11277827921250650417,8cf50acd0d998aa3,c6434b59232586d6,0.864
scenarios/p1-goss-1989/fig2b-r1_4.json,10,7700330946237103817,bae92f44e9e7547a,6911a7b15b0092af,0.968
scenarios/p1-goss-1989/fig2b-r1_4.json,11,17298998565975910602,90c6ee3e93994d60,d959a2a1fc297ba1,0.996
scenarios/p1-goss-1989/fig2b-r1_4.json,12,15810890023484535677,d1cf437fe3268725,12d46a6b395ca14c,0.722
scenarios/p1-goss-1989/fig2b-r1_4.json,13,12898607194113248800,215f10f3f316ff59,d9ec22adebdda30c,0.832
scenarios/p1-goss-1989/fig2b-r1_4.json,14,16533926923968681179,8d11049c62bf585a,250ddaad6b9a89e9,0.948
scenarios/p1-goss-1989/fig2b-r1_4.json,15,4532724931508244292,73e77f04f7b65001,3a0f89815d570dcc,0.984
scenarios/p1-goss-1989/fig2b-r1_4.json,16,9433489479735812974,743850912d21a62b,b51f1800ee121fba,0.428
scenarios/p1-goss-1989/fig2b-r1_4.json,17,16485247924827510236,80f26f565b16b181,b66551a2be774ffc,0.79
scenarios/p1-goss-1989/fig2b-r1_4.json,18,7867767668706415785,dce7b28f54704fdf,5214868230390520,0.782
scenarios/p1-goss-1989/fig2b-r1_4.json,19,653521437974342673,5cf72a76e3e9b69d,da12fba246834a41,0.374
scenarios/p1-goss-1989/fig2b-r1_4.json,20,1689725022865817711,85d54578d84b34e7,e1e7c189e2a15043,0.974
scenarios/p1-goss-1989/fig2b-r1_4.json,21,12312427977806730813,1a991adc04a2b913,61f9ab9c2fafd6b8,0.954
scenarios/p1-goss-1989/fig2b-r1_4.json,22,14839093230899689871,fd8bb76eb057e93e,a8f414620f555da8,0.898
scenarios/p1-goss-1989/fig2b-r1_4.json,23,12145290006479282829,0d8f408edd0bd40d,3a0b0e909e8746aa,0.362
scenarios/p1-goss-1989/fig2b-r1_4.json,24,2537130104717291839,6481d5c13df336c4,4317d9c13ecbde42,0.878
scenarios/p1-goss-1989/fig2b-r1_4.json,25,5173128522816980245,be2bbf84dce9c750,be2ddd3dab0d9fbd,0.952
scenarios/p1-goss-1989/fig2b-r1_4.json,26,4243627225019564048,a0a3103840513662,e136c2dd4b811462,0.872
scenarios/p1-goss-1989/fig2b-r1_4.json,27,10759214440570370028,e7cc702c10335db3,49b09ef4dd46ade5,0.404
scenarios/p1-goss-1989/fig2b-r1_4.json,28,5915447391374511788,e57b381873ff5694,af1fafa6a51092f0,0.026
scenarios/p1-goss-1989/fig2b-r1_4.json,29,16724569915268478280,45e06115f88e3dc7,93010c5abd767711,0.83
scenarios/p1-goss-1989/fig2b-r1_4.json,30,8837745983296110486,b83ed6a627ee1edd,742bcf5399306058,0.296
scenarios/p1-goss-1989/fig2b-r1_4.json,31,15189778981770887987,700853180f956929,67898718a6f8386c,0.016
scenarios/p1-goss-1989/fig2b-r1_4.json,32,6397928650887029530,ad8bef1953b53dc5,edf80323dc59c1a1,0.112
scenarios/p1-goss-1989/fig2b-r1_4.json,33,18234481081998190613,f4b53fe7db2686c0,14522839ced6436b,0.768
scenarios/p1-goss-1989/fig2b-r1_4.json,34,13533421467462501828,56d703de6e451a19,03f28b86d28df2a2,0.472
scenarios/p1-goss-1989/fig2b-r1_4.json,35,2958600667225992917,3e1f97a0e4a32b07,eb19bb25d00a1266,0.3
scenarios/p1-goss-1989/fig2b-r1_4.json,36,2601991791433794887,63097100c9e89982,1bb962d99f6e0c1c,0.152
scenarios/p1-goss-1989/fig2b-r1_4.json,37,4995155608599055625,874d80a7ea9f1840,c13a400cd1f6bf0d,0.914
scenarios/p1-goss-1989/fig2b-r1_4.json,38,2779853719803583546,b43d832971d3ac95,88471f51c70e65b2,0.99
scenarios/p1-goss-1989/fig2b-r1_4.json,39,2064715646288655225,63854eb32255827c,4d7684a4dc165212,0.516
scenarios/p1-goss-1989/fig2b-r1_4.json,40,1250266473155769398,89c972a25c0d906a,2d76fe5d3bf9ddd3,0.922
scenarios/p1-goss-1989/fig2b-r1_4.json,41,9657321665400391173,81c845850d902718,52e9042e3285d816,0.138
scenarios/p1-goss-1989/fig2b-r1_4.json,42,15964998580891258615,d5d8a85a321ea547,4ac8d3d33831b344,0.286
scenarios/p1-goss-1989/fig2b-r1_4.json,43,1158713627277205365,c7f1433ac5a4f631,3db6e70b7b9f7f1d,0.934
scenarios/p1-goss-1989/fig2b-r1_4.json,44,13953732997769682872,a0f769c1d2171537,2af214afa867257e,0.988
scenarios/p1-goss-1989/fig2b-r1_4.json,45,3848722601877013537,b51bfddc7eab6795,77f0b924f0f4512f,0.558
scenarios/p1-goss-1989/fig2b-r1_4.json,46,2068894743022182750,b51c5e6e5b106503,6866edb71de6db36,0.958
scenarios/p1-goss-1989/fig2b-r1_4.json,47,17862703533844283328,701a3abc3a2b94ca,709d50dfd9ac86ab,0.054
scenarios/p1-goss-1989/fig2b-r1_4.json,48,14676686317410202745,ec9740acca55ce30,a93628985280ae1f,0.91
scenarios/p1-goss-1989/fig2b-r1_4.json,49,3849981628784763824,ba889634de099dcf,8e88416f6f9f8ef5,0.956
scenarios/p1-goss-1989/fig2b-r1_4.json,50,7856915119419190994,0bff7f51af81daa4,3a42ef2c6eb03dfd,0.01
scenarios/p1-goss-1989/fig2b-r1_4.json,51,3510132482616396378,6b81285e25c3ecc3,0c1999b191091a3c,0.962
scenarios/p1-goss-1989/fig2b-r1_4.json,52,16306956819789573112,b595a011996cd1d8,681d499d1521b56f,0.054
scenarios/p1-goss-1989/fig2b-r1_4.json,53,3929927865625333432,461a8032e4e6c10e,1adc6dd1a9b577be,0.4
scenarios/p1-goss-1989/fig2b-r1_4.json,54,15183311577406331587,82595812786c39b9,5061fa759ab43638,0.374
scenarios/p1-goss-1989/fig2b-r1_4.json,55,13815135673470888175,772d987d7362b144,f6da88a0e940aba6,0.968
scenarios/p1-goss-1989/fig2b-r1_4.json,56,11339095010151092137,cd7ca3da6db6d97c,cc5b6caaaff4146d,0.94
scenarios/p1-goss-1989/fig2b-r1_4.json,57,4160251198332160760,23d908cb3f88b86a,06b6a31562514c3c,0.968
scenarios/p1-goss-1989/fig2b-r1_4.json,58,12865259278233705565,2bb9a3093f674076,93bf27463100330c,0.986
scenarios/p1-goss-1989/fig2b-r1_4.json,59,3096258646799035543,d4c3684a11c7491b,aa6f58b9c97ee936,0.4
scenarios/p1-goss-1989/fig2b-r1_4.json,60,16134708649641836731,ad28555ebfc6342b,f428745fc848c9c2,0.678
scenarios/p1-goss-1989/fig2b-r1_4.json,61,1881576063995011526,cb4a61ef359d5ce6,b96a1f982316000a,0.8
scenarios/p1-goss-1989/fig2b-r1_4.json,62,16869214714927047087,15e695dcb7f08832,6ca85ab0c83a5d24,0.472
scenarios/p1-goss-1989/fig2b-r1_4.json,63,12974300046392203920,1f61fca0292f45f9,5f63616d7a3bd0f6,0.088
scenarios/p1-goss-1989/fig2b-r1_4.json,64,16840307046705801632,176e12ed7a709370,ef490204b13aae8b,0.954
scenarios/p1-goss-1989/fig2b-r1_4.json,65,14301739102254030271,4935647812028836,2c2dc67eb2420547,0.982
scenarios/p1-goss-1989/fig2b-r1_4.json,66,8185263141772040973,db136c5b913eb6f1,7752ff4eb2f2fd46,0.254
scenarios/p1-goss-1989/fig2b-r1_4.json,67,390576457991593546,d7c5fd684ffc0de8,c3bfa79374720982,0.646
scenarios/p1-goss-1989/fig2b-r1_4.json,68,17502075571660240275,51869cbb763346cf,f66ef891c8951b41,0.994
scenarios/p1-goss-1989/fig2b-r1_4.json,69,619922720691056118,b8736ecf09dae73d,a40054240d9a4111,0.964
scenarios/p1-goss-1989/fig2b-r1_4.json,70,4117071611822184276,4442b773ede42ecf,93a1e7268310eb50,0.962
scenarios/p1-goss-1989/fig2b-r1_4.json,71,2171100820832051441,f979c335da6b57f2,7d1275969972b375,0.9
scenarios/p1-goss-1989/fig2b-r1_4.json,72,2305137998873851315,ee65bf872e2db18f,2c45fa21a88e369c,0.93
scenarios/p1-goss-1989/fig2b-r1_4.json,73,9485721318436679964,7eb77d148b13b496,84b79c0316b66144,0.972
scenarios/p1-goss-1989/fig2b-r1_4.json,74,4802528511065036525,eb5f94e4ca4de65d,5c548814f42faa72,0.172
scenarios/p1-goss-1989/fig2b-r1_4.json,75,5575698165263819890,65f57c09df9aedaf,28ea86e4300ffe0f,0.058
scenarios/p1-goss-1989/fig2b-r1_4.json,76,6152072689291748697,f01061eccb616df0,bd5110b2250c5fb2,0.078
scenarios/p1-goss-1989/fig2b-r1_4.json,77,7485725966479355773,9184a2630112ccfb,4855fed68e4810ae,0.934
scenarios/p1-goss-1989/fig2b-r1_4.json,78,11662907796003396924,5ef51f773a4d178d,acfb273dc5cb0035,0.198
scenarios/p1-goss-1989/fig2b-r1_4.json,79,16356950734180135708,e7b25714e365a24c,3ad315a9e690644d,0.998
scenarios/p1-goss-1989/fig2b-r1_4.json,80,11650255679334069948,caf9f51a8c1b29d8,3d30ba000d7af6da,0.69
scenarios/p1-goss-1989/fig2b-r1_4.json,81,3668829241100015794,a8cbdc9485cd3091,730b71b12c38bddc,0.138
scenarios/p1-goss-1989/fig2b-r1_4.json,82,5966446575339052814,ab695dcd72933071,6c403ed5fa709fb4,0.93
scenarios/p1-goss-1989/fig2b-r1_4.json,83,3466966395745851907,c33310c97792821c,e18e20eab8ba5efa,0.564
scenarios/p1-goss-1989/fig2b-r1_4.json,84,9330340534142791083,db6f9aab318a0556,b1ecb30eb3737aae,0.288
scenarios/p1-goss-1989/fig2b-r1_4.json,85,11886220580376995073,4ee3dda207f91f88,79de2d45acbd7b52,0.918
scenarios/p1-goss-1989/fig2b-r1_4.json,86,9734976546010131974,c9c3e3c7f00f3a55,b6fe5bd412c1c9a4,0.476
scenarios/p1-goss-1989/fig2b-r1_4.json,87,16706011882654227658,3f45cdb14b38968a,502c97f0b3fddeaa,0.016
scenarios/p1-goss-1989/fig2b-r1_4.json,88,9576761637437516202,530458c4eb04c169,50325813a8bee811,0.742
scenarios/p1-goss-1989/fig2b-r1_4.json,89,1483599618115705344,1f5d254fa5ab2f6a,cdd385da6adb82a0,0.044
scenarios/p1-goss-1989/fig2b-r1_4.json,90,3669258679378165220,051bac4ab7c5c79f,c83a0e5aa53e3434,0.986
scenarios/p1-goss-1989/fig2b-r1_4.json,91,1073415830604114415,135a0585888a6d00,3b01bd182a8b4301,0.49
scenarios/p1-goss-1989/fig2b-r1_4.json,92,15620802328590456091,42f63d081997b0a8,edaabeb93ed16175,0.012
scenarios/p1-goss-1989/fig2b-r1_4.json,93,9151361430868834820,d163c972195e2b1b,b98498e9d556674a,0.776
scenarios/p1-goss-1989/fig2b-r1_4.json,94,13739411058415706725,ae62c38f9d4ea6ed,1227726d8ef789e3,0.654
scenarios/p1-goss-1989/fig2b-r1_4.json,95,9077827114146119006,89018f858c61d794,3dd94aec09784bd6,0.8
scenarios/p1-goss-1989/fig2b-r1_4.json,96,10524504638344154604,3079b6f2906836f5,81601fb6e8e91787,0.208
scenarios/p1-goss-1989/fig2b-r1_4.json,97,10973171997039007670,6e59ce8b7a045e9c,02669f32169d4c88,0.024
scenarios/p1-goss-1989/fig2b-r1_4.json,98,9335086522734269547,a2585c090e37badb,b3a2594d758efb86,0.982
scenarios/p1-goss-1989/fig2b-r1_4.json,99,365814994024046891,1bd0d084b089f73e,c4474370e16029a8,0.52
scenarios/p1-goss-1989/fig2b-r1_4.json,100,1274400054344764145,c8a870c1206beef6,95b5e7b1a7201a33,0.334
scenarios/p1-goss-1989/fig2b-r1_4.json,101,10598588151481301670,fe6a15e9249db7cf,8b85ad7be7b281b6,0.05
scenarios/p1-goss-1989/fig2b-r1_4.json,102,13310652224613486134,7fbc976a268137a9,138ae4f8eb517e24,0.646
scenarios/p1-goss-1989/fig2b-r1_4.json,103,12547922475732906376,58e5f1260ac0dae4,adccf8e0c0cbf46b,0.96
scenarios/p1-goss-1989/fig2b-r1_4.json,104,13128927776872787898,546e40d9f2edd341,46ae0d0dc918b6d4,0.994
scenarios/p1-goss-1989/fig2b-r1_4.json,105,16391044752752962707,2224da84c5da8205,c0144124f40827f5,0.976
scenarios/p1-goss-1989/fig2b-r1_4.json,106,13867819914775245572,a38b6285d602430c,e813502e4ca222e6,0.422
scenarios/p1-goss-1989/fig2b-r1_4.json,107,13657258623271652834,b624967bb1e1fc2c,59b53daebd1ac6a2,0.956
scenarios/p1-goss-1989/fig2b-r1_4.json,108,14564028529157239574,4724018270645ccb,f6c08413fc8a9382,0.026
scenarios/p1-goss-1989/fig2b-r1_4.json,109,18236068050663904582,f9033ddd96e26339,6107f8e15986a0a3,0.278
scenarios/p1-goss-1989/fig2b-r1_4.json,110,169171821244688281,4b27d528e8599cb7,5c5cfa3b0886a037,0.986
scenarios/p1-goss-1989/fig2b-r1_4.json,111,3755855303383881792,109aaef26ca79475,96e3a73ad725e5f8,0.986
scenarios/p1-goss-1989/fig2b-r1_4.json,112,3072663277253963221,fc14d004b4ab6735,fb4d810e240a66e9,0.984
scenarios/p1-goss-1989/fig2b-r1_4.json,113,2177972754394895330,e5adaade99dd7928,93ed4290be570026,0.804
scenarios/p1-goss-1989/fig2b-r1_4.json,114,17323226053394039213,3e4b1e0fc9715604,9eb0ba0cac0e33a8,0.652
scenarios/p1-goss-1989/fig2b-r1_4.json,115,794109224630541382,94e0b15ff3c46fea,a55ad4f8dfd717fe,0.03
scenarios/p1-goss-1989/fig2b-r1_4.json,116,12501323156285742873,efd206e6f2707da2,8ba305993b6b5c77,0.5
scenarios/p1-goss-1989/fig2b-r1_4.json,117,2268176957758891543,5c4926f6c5c54f82,953bbeb59076a6aa,0.93
scenarios/p1-goss-1989/fig2b-r1_4.json,118,17753077454236465505,22ea8646bd942c0a,e6ad8e6ab6b8ec40,0.98
scenarios/p1-goss-1989/fig2b-r1_4.json,119,9094440947023503343,effe47dffc2a4c1c,dfce0310d87aa3d0,0.006
scenarios/p1-goss-1989/fig2b-r1_4.json,120,16787020675681032506,4a94b9c7b4046959,4a199f81df371d99,0.944
scenarios/p1-goss-1989/fig2b-r1_4.json,121,6961434795154426118,cc147b6cebb7dd19,183839a1e42e5f0c,0.114
scenarios/p1-goss-1989/fig2b-r1_4.json,122,8667062417118034638,5b92b9670792863e,f48edc7fb0961415,0.622
scenarios/p1-goss-1989/fig2b-r1_4.json,123,6527443942529065832,5d4857ac76a9fb84,c11bad754c3ca041,0.984
scenarios/p1-goss-1989/fig2b-r1_4.json,124,16339764878897269369,be71aaaf665041f2,a53f2ca67110dad2,0.988
scenarios/p1-goss-1989/fig2b-r1_4.json,125,7103502258189894001,65ae60d019c77bab,1e3078c30f5d98d9,0.024
scenarios/p1-goss-1989/fig2b-r1_4.json,126,14077784156878122741,17ac082a14928e5f,e6e1209105363a71,0.99
scenarios/p1-goss-1989/fig2b-r1_4.json,127,14862363530783621587,1ef6b4751a65fc32,e17b1a5a975f12f1,0.974
scenarios/p1-goss-1989/fig2b-r1_4.json,128,5001533555009238615,add19f0d597d54ee,13a3aac0523fa917,0.962
scenarios/p1-goss-1989/fig2b-r1_4.json,129,8328107005787908510,c6973c853b30ea02,a27463413b8cdec6,0.874
scenarios/p1-goss-1989/fig2b-r1_4.json,130,13243585475359655570,58b8dc2cfc6e3a95,c409ccf495001ca2,0.96
scenarios/p1-goss-1989/fig2b-r1_4.json,131,9729475541610062697,339c24c79941bf71,2bc41e89da068955,0.986
scenarios/p1-goss-1989/fig2b-r1_4.json,132,8363144109688865052,2fe638e57c7a7cc8,5812d97bb320e0c4,0.982
scenarios/p1-goss-1989/fig2b-r1_4.json,133,17885211775883297769,011883c82fd3b633,50946c60c6760854,0.622
scenarios/p1-goss-1989/fig2b-r1_4.json,134,13354348117226576684,a367f7049f2e1551,40386fc93204ae98,0.96
scenarios/p1-goss-1989/fig2b-r1_4.json,135,6680682182240456724,f5f7dea7a6283ddc,55da532e488f6dd9,0.68
scenarios/p1-goss-1989/fig2b-r1_4.json,136,15697382810820431688,49347fc60805ba67,1d2858fc9805690f,0.59
scenarios/p1-goss-1989/fig2b-r1_4.json,137,15083088417582796100,8d3b5299a887e001,a1dcf2cc53b1d066,0.644
scenarios/p1-goss-1989/fig2b-r1_4.json,138,17796974847817185319,6020f0c0ddcb4670,ba99f471773c767d,0.176
scenarios/p1-goss-1989/fig2b-r1_4.json,139,4650815521886171044,0574c00e90d17e2c,5e3520f846c5bc3d,0.864
scenarios/p1-goss-1989/fig2b-r1_4.json,140,11511878596856664513,236e16026c35d0b7,92ac87b256e99632,0.04
scenarios/p1-goss-1989/fig2b-r1_4.json,141,16458676533422183569,4e6911890f16092a,59bf9036e345d3eb,0.868
scenarios/p1-goss-1989/fig2b-r1_4.json,142,7228720067491178906,17ea09a23b3aca31,5f8b09091e792380,0.784
scenarios/p1-goss-1989/fig2b-r1_4.json,143,7377343314172677154,34d2da6cf74b8d1e,b84dc9a4aa8e171e,0.014
scenarios/p1-goss-1989/fig2b-r1_4.json,144,14403978440963647420,6eaf45e72f6de8c1,4b626bdb07727553,0.984
scenarios/p1-goss-1989/fig2b-r1_4.json,145,8700813535252913918,7c5d8a0d9f258c18,c7a678196090abe9,0.964
scenarios/p1-goss-1989/fig2b-r1_4.json,146,10040314125540388153,50e60aa2d6b89109,8c2d86e107396d47,0.856
scenarios/p1-goss-1989/fig2b-r1_4.json,147,10368976297108997486,756d56129c248f8c,257b142f8bcd0a7c,0.964
scenarios/p1-goss-1989/fig2b-r1_4.json,148,10234502203672889105,e02202f48bd040a2,65f7f6b90ea56cb5,0.65
scenarios/p1-goss-1989/fig2b-r1_4.json,149,8404633974095767702,e35347eacd8c7d9c,d460c983e86380c7,0.108
scenarios/p1-goss-1989/fig2b-r1_4.json,150,472084668321007914,afae6d5d44f8cf83,9105c1e551fd194a,0.894
scenarios/p1-goss-1989/fig2b-r1_4.json,151,9385748516157255480,e12b2e534f6780b0,db83b098f977b02a,0.642
scenarios/p1-goss-1989/fig2b-r1_4.json,152,15589917410569812248,caf4f9c66c082f0b,06264e5e1ab55eb0,0.958
scenarios/p1-goss-1989/fig2b-r1_4.json,153,4415649350764811266,27ed10da7ac3c41d,ef5083c109b16e9f,0.414
scenarios/p1-goss-1989/fig2b-r1_4.json,154,1075911781260749161,26e1312076bb59e0,a92d64832416f81d,0.866
scenarios/p1-goss-1989/fig2b-r1_4.json,155,17489185040967656438,1c59fbe5368b3db9,325738bd4c331687,0.632
scenarios/p1-goss-1989/fig2b-r1_4.json,156,290277677498772381,6ada73411e634838,1cb64a36bed984d9,0.912
scenarios/p1-goss-1989/fig2b-r1_4.json,157,13400583766445338897,dd7ef292f242bbe8,0a8359ff5fd04a85,0.94
scenarios/p1-goss-1989/fig2b-r1_4.json,158,3836936303846335644,5d8b403193555c2d,760e1bc0c1f7fb1b,0.884
scenarios/p1-goss-1989/fig2b-r1_4.json,159,12250630477502871850,3e707a7526e84c75,f9be8e4e84113c76,0.912
scenarios/p1-goss-1989/fig2b-r1_4.json,160,13088224759555842235,8ea794eb5728f2c5,2cfdbb8f25236a7a,0.932
scenarios/p1-goss-1989/fig2b-r1_4.json,161,17854029889294857015,57eac42f92d39f4a,3da4d6f06a75b4fa,0.976
scenarios/p1-goss-1989/fig2b-r1_4.json,162,13389161783424250076,07af788ef366c02f,a4557a55882e4f7a,0.336
scenarios/p1-goss-1989/fig2b-r1_4.json,163,3053852329097606027,b0fb36724940941d,e2e72ed8ce85a548,0.106
scenarios/p1-goss-1989/fig2b-r1_4.json,164,13380993004544769164,b1c9518769ecd3cd,7842d1c1d9d5c7cf,0.916
scenarios/p1-goss-1989/fig2b-r1_4.json,165,2399890851411590524,dfd1b93976194513,339d76c85a8970bf,0.974
scenarios/p1-goss-1989/fig2b-r1_4.json,166,9239259095029466894,9aeafb2c5a53dab2,515b61aa061a088b,0.04
scenarios/p1-goss-1989/fig2b-r1_4.json,167,4464143445847748851,f479d237d637992f,7b7c1a9b1f784b4b,0.99
scenarios/p1-goss-1989/fig2b-r1_4.json,168,18344487674825816056,3f83b172bfbec13e,2e1252ce3db636dc,0.594
scenarios/p1-goss-1989/fig2b-r1_4.json,169,17577845502808444346,ca719b26f1101639,271b98fe3fd09a96,0.028
scenarios/p1-goss-1989/fig2b-r1_4.json,170,14602487345536141069,0826d3656db4f034,5ad20ff362f3f006,0.21
scenarios/p1-goss-1989/fig2b-r1_4.json,171,12079892299822295313,c74e8c66a4f5b3ed,2fc17eb4b5d2548c,0.194
scenarios/p1-goss-1989/fig2b-r1_4.json,172,16862478652346725746,7bd4b7e79a057d24,ce814b849b7468d5,0.01
scenarios/p1-goss-1989/fig2b-r1_4.json,173,15128038848495459634,67d39fbabb5a0552,4b1a0eb17c631913,0.158
scenarios/p1-goss-1989/fig2b-r1_4.json,174,10109810457230413523,5b57d001fcc730b8,6f9289b62c0dc2fe,0.102
scenarios/p1-goss-1989/fig2b-r1_4.json,175,9538240684618037175,cb8774737af2ffb8,09a689a0cbe1a505,0.88
scenarios/p1-goss-1989/fig2b-r1_4.json,176,15732001066006261878,a120b1270b27b65b,40690a1fecf3073f,0.986
scenarios/p1-goss-1989/fig2b-r1_4.json,177,5842101348168745632,49a841c0f4ccec12,7fa1ee7944f23bf4,0.94
scenarios/p1-goss-1989/fig2b-r1_4.json,178,16122969384773228831,9d2ad6e784a479cc,3b7c543e12dd2a7d,0.824
scenarios/p1-goss-1989/fig2b-r1_4.json,179,3037582321425317614,fb7b812230e3199f,fa2dbe24127c1d01,0.548
scenarios/p1-goss-1989/fig2b-r1_4.json,180,3512833517200585005,098964a29db9f094,e1b9c97ca0ddb4b3,0.966
scenarios/p1-goss-1989/fig2b-r1_4.json,181,7874014227790601689,83b07a82bd6b9417,fa5efecdf0547dc5,0.444
scenarios/p1-goss-1989/fig2b-r1_4.json,182,3914509596465815403,b15c2a29ceac3788,8780b4f7c187282e,0.26
scenarios/p1-goss-1989/fig2b-r1_4.json,183,11190770747610771544,32a93b22c09c2fd2,eb4f0c3562b3434d,0.02
scenarios/p1-goss-1989/fig2b-r1_4.json,184,5920858895788178707,b43ca13cc757a857,58a1196a3243faf6,0.83
scenarios/p1-goss-1989/fig2b-r1_4.json,185,11226886976076611872,717e49317640b692,4d8869fa27b6c1ee,0.78
scenarios/p1-goss-1989/fig2b-r1_4.json,186,18201814585227705171,d482f8b069f0b708,107e846cc34a4409,0.028
scenarios/p1-goss-1989/fig2b-r1_4.json,187,1713379881907570646,0c651beaae447018,23f81c4cbb858b2e,0.872
scenarios/p1-goss-1989/fig2b-r1_4.json,188,10940657684656895923,fb566d9030475ce5,f266642827ed65e4,0.06
scenarios/p1-goss-1989/fig2b-r1_4.json,189,17063481638482255334,cbca6a4b4c6bf7fd,be7ceb6669cd4109,0.98
scenarios/p1-goss-1989/fig2b-r1_4.json,190,13686980511748083580,69a15952f6f685b2,3e22e34c186bf5e7,0.032
scenarios/p1-goss-1989/fig2b-r1_4.json,191,4041042053375224752,0adf0cd794c9feed,9f29371c46a6e68a,0.988
scenarios/p1-goss-1989/fig2b-r1_4.json,192,16372480322295801864,931d1cdf43155a2d,dffe67d29b489e32,0.1
scenarios/p1-goss-1989/fig2b-r1_4.json,193,14354101912867541510,dca55612f92c1ab9,667b9c3f50ac69bc,0.958
scenarios/p1-goss-1989/fig2b-r1_4.json,194,6279291512986344417,1436a1d90de4ab36,05346d88f63b2508,0.786
scenarios/p1-goss-1989/fig2b-r1_4.json,195,18192914999494887945,2dba983dc52cb05a,262204939bd0b06b,0.984
scenarios/p1-goss-1989/fig2b-r1_4.json,196,7374812685752877094,f9226c68b999c394,911424af44678ac2,0.956
scenarios/p1-goss-1989/fig2b-r1_4.json,197,3204649578069208091,fe99f5cec2ea1e08,0ef14690a5c8de68,0.012
scenarios/p1-goss-1989/fig2b-r1_4.json,198,17192303119930095853,abb34857b4bb9957,b9b663501a5dcaec,0.982
scenarios/p1-goss-1989/fig2b-r1_4.json,199,14458802002011178770,46bbe6b42b1369f4,3551bf9d171adf05,0.844
scenarios/p1-goss-1989/fig2b-r1_4.json,200,2367151956573363713,99c2909635b42e1b,27908d6f0b21eb0b,0.798
scenarios/p1-goss-1989/fig2b-r1_4.json,201,5222527525952580054,5b78207cbb2d0a24,996b8c64554da93e,0.95
scenarios/p1-goss-1989/fig2b-r1_4.json,202,17856448817520721834,90049bb44796c796,c6c565226ced888c,0.898
scenarios/p1-goss-1989/fig2b-r1_4.json,203,2698397095464329396,5f083637de31c2d4,65d38c7cff0bb5a1,0.236
scenarios/p1-goss-1989/fig2b-r1_4.json,204,12432959634109802448,62f23008d8d8f1f3,0d60b1e2c604a839,0.886
scenarios/p1-goss-1989/fig2b-r1_4.json,205,12305442593558267348,6f5b272b2deefb88,2c858dd7b5547ff8,0.074
scenarios/p1-goss-1989/fig2b-r1_4.json,206,5680518192526910559,37074d3d81b3fae3,f85258461779672f,0.948
scenarios/p1-goss-1989/fig2b-r1_4.json,207,7177815410501151316,d3c9d71c5fe34806,df174aa62af8ad47,0.976
scenarios/p1-goss-1989/fig2b-r1_4.json,208,1891260441997581325,006ac05915eee62f,16a015c26186fef2,0.982
scenarios/p1-goss-1989/fig2b-r1_4.json,209,18206317620537848773,878e71539d68ca9e,380f36ad6254b26e,0.174
scenarios/p1-goss-1989/fig2b-r1_4.json,210,1938222870403302410,83eadd1e0fc2ba28,37fbf349597734b6,0.956
scenarios/p1-goss-1989/fig2b-r1_4.json,211,7857084480958756675,096b6a258f4d6893,b4ca4d3be9e1cc7e,0.958
scenarios/p1-goss-1989/fig2b-r1_4.json,212,10788865458059243910,655ab80f860f4deb,d4819dd6fddd5931,0.818
scenarios/p1-goss-1989/fig2b-r1_4.json,213,16031802161144836941,434dd61c8f6fc562,411e733ff99ce550,0.966
scenarios/p1-goss-1989/fig2b-r1_4.json,214,14596130474006622494,6eb2ebf799151282,fe4c1ca173160ca2,0.612
scenarios/p1-goss-1989/fig2b-r1_4.json,215,15164731225407909192,c919db29a96ce8f6,e59a3ec13511d9d9,0.982
scenarios/p1-goss-1989/fig2b-r1_4.json,216,325475999064002257,e7241d5e2f84f22b,2d5745cd5b354d3f,0.582
scenarios/p1-goss-1989/fig2b-r1_4.json,217,17702986552976319254,f4dea71f2bf37919,6de851ab11ad5154,0.944
scenarios/p1-goss-1989/fig2b-r1_4.json,218,16267265406890263107,959638de9d771c27,f1c1f43357378e5d,0.974
scenarios/p1-goss-1989/fig2b-r1_4.json,219,6784423080290416658,b6a643b5fbc4fc28,04605fc35414640c,0.99
scenarios/p1-goss-1989/fig2b-r1_4.json,220,8176869311746504309,88b59ed1ef59d741,606734108098e1d9,0.022
scenarios/p1-goss-1989/fig2b-r1_4.json,221,3831578152513418200,ab307fb6cdbb6bdc,8a1b51a0680a5423,0.094
scenarios/p1-goss-1989/fig2b-r1_4.json,222,6184760540625525542,4164271713e57533,418302cb5fc3702a,0.168
scenarios/p1-goss-1989/fig2b-r1_4.json,223,11278244174335034537,9a0070f5f72de3ea,6ae9f301a4534645,0.994
scenarios/p1-goss-1989/fig2b-r1_4.json,224,17751840049998882070,3629a3fbcc669551,28a72d8ad1a16c6c,0.064
scenarios/p1-goss-1989/fig2b-r1_4.json,225,15337352328261722091,b518e55cd75fa6a1,896d4cada1825661,0.976
scenarios/p1-goss-1989/fig2b-r1_4.json,226,2937043208724458528,005773a006683c6e,457d8bd268127d2e,0.654
scenarios/p1-goss-1989/fig2b-r1_4.json,227,435970416698058401,379b61616dc0b002,5f876cac1bfe278b,0.956
scenarios/p1-goss-1989/fig2b-r1_4.json,228,2736365790002868370,024b5356b051d0f8,7e4d2ae278caf357,0.558
scenarios/p1-goss-1989/fig2b-r1_4.json,229,5519983976346618719,f9b919027eb28c4e,47592780ab23c70d,0.984
scenarios/p1-goss-1989/fig2b-r1_4.json,230,5129313237803670729,06c4fa2bcb080357,7bc311ca1b068d96,0.966
scenarios/p1-goss-1989/fig2b-r1_4.json,231,6649577911592843861,7bc69babf35baa7c,3e57b57046e2e0bf,0.978
scenarios/p1-goss-1989/fig2b-r1_4.json,232,35354831327719438,88157569b6057be6,3f4eab6346f753ef,0.93
scenarios/p1-goss-1989/fig2b-r1_4.json,233,16650205089512530209,af32138065a9ef58,61aa2bf2630f0f3c,0.912
scenarios/p1-goss-1989/fig2b-r1_4.json,234,9565383657084042439,1db2752874989748,ffa76032eebc4cdf,0.918
scenarios/p1-goss-1989/fig2b-r1_4.json,235,3140680493000903593,f61f4fb90baf66ca,400fef212255e543,0.95
scenarios/p1-goss-1989/fig2b-r1_4.json,236,4239875697886588526,fc69726e1c5dc97d,9ff9767be93a68f3,0.334
scenarios/p1-goss-1989/fig2b-r1_4.json,237,7959156467661915964,cf0152c44cdbc179,61dabde5a68b0f2a,0.006
scenarios/p1-goss-1989/fig2b-r1_4.json,238,15223658093483982548,7227dd0045a45f3d,922f44995b302542,0.13
scenarios/p1-goss-1989/fig2b-r1_4.json,239,4864969738782736706,c7378033d7fe2fcf,cd512a4340806804,0.846
scenarios/p1-goss-1989/fig2b-r1_4.json,240,9125329981053168614,a755477aab6e492e,04bf04ea9ed3bd27,0.326
scenarios/p1-goss-1989/fig2b-r1_4.json,241,16938978077405446465,4fbf8479d930b98e,9cd36c95162d7003,0.966
scenarios/p1-goss-1989/fig2b-r1_4.json,242,10432156791865564773,2693a344f1803511,bdeb69c5da69a605,0.486
scenarios/p1-goss-1989/fig2b-r1_4.json,243,15563480564936413703,881b9070dbb5a743,db22f5b131d008aa,0.944
scenarios/p1-goss-1989/fig2b-r1_4.json,244,1073647006675900625,46cbaaf42edcb751,fc5d2a1756007afd,0.956
scenarios/p1-goss-1989/fig2b-r1_4.json,245,10505157426672262376,134d839d2f2f3107,a1ec349ce4038fd9,0.078
scenarios/p1-goss-1989/fig2b-r1_4.json,246,2524762235089194709,27da26b9ecda5967,27dbac37e3304dc4,0.16
scenarios/p1-goss-1989/fig2b-r1_4.json,247,7675223155612650610,354b9ce5f9bbb85d,abdb6f6522689a44,0.26
scenarios/p1-goss-1989/fig2b-r1_4.json,248,3947941658022234923,46237ec7b5cfe48b,e45f5adabb86fa91,0.922
scenarios/p1-goss-1989/fig2b-r1_4.json,249,9177054087288787586,28fa73431e5f0a27,5c14c3bc6027d150,0.994
scenarios/p1-goss-1989/fig2b-r1_4.json,250,6158383683732431974,4f399c52c1a899ce,4b7913c746eda62b,0.284
scenarios/p1-goss-1989/fig2b-r1_4.json,251,9294134809095734492,4d6af49b7a3b37a2,9e2ff786ad08361d,0.58
scenarios/p1-goss-1989/fig2b-r1_4.json,252,8039719206036176721,a9d6bb531e854da2,11bbb85d9fddaa0c,0.824
scenarios/p1-goss-1989/fig2b-r1_4.json,253,11301239924066776506,731ccaf6029211fd,c99d18d152c29897,0.902
scenarios/p1-goss-1989/fig2b-r1_4.json,254,8394560606067800842,40b8a466e61e3b60,302ff3276638b0da,0.496
scenarios/p1-goss-1989/fig2b-r1_4.json,255,12026044336688163114,80a488343db8ae1c,ae6e55f323fde6f5,0.99
scenarios/p1-goss-1989/fig2b-r1_4.json,256,16083958500854278418,7637ce5337294bad,3885678906fc83cc,0.778
scenarios/p1-goss-1989/fig2b-r1_4.json,257,6427104328673362200,229716f10da3453f,cc69f4f5aef86029,0.124
scenarios/p1-goss-1989/fig2b-r1_4.json,258,8168372319099564874,205c376d5cac1ee0,ae65642894bad291,0.982
scenarios/p1-goss-1989/fig2b-r1_4.json,259,15871483609971263128,edf7487426a59763,571528104a59f181,0.04
scenarios/p1-goss-1989/fig2b-r1_4.json,260,3583981775250814132,776f9a4aadcbe492,0cd695915ef63ada,0.856
scenarios/p1-goss-1989/fig2b-r1_4.json,261,3962757609684815712,a88e4330e3c99c77,5d2ea97d8891c9b9,0.018
scenarios/p1-goss-1989/fig2b-r1_4.json,262,42577034994449789,f37281c6d62c4972,e2b15cd4cd63ed85,0.954
scenarios/p1-goss-1989/fig2b-r1_4.json,263,3313396280337688949,1b4f6190c03d506a,5df40dcd09a87910,0.534
scenarios/p1-goss-1989/fig2b-r1_4.json,264,10315636641320007264,8e7124ccc333383b,e816747911fb7b16,0.992
scenarios/p1-goss-1989/fig2b-r1_4.json,265,9502870748545681045,9ec877c8d458340e,e9ce9f10b360c39b,0.068
scenarios/p1-goss-1989/fig2b-r1_4.json,266,5662240076481479939,8f2e9a19d3e2e9b6,cfb5629271bdbc3f,0.014
scenarios/p1-goss-1989/fig2b-r1_4.json,267,13964538915306525643,5595b8335a9d9d07,53114e8adb299ca7,0.152
scenarios/p1-goss-1989/fig2b-r1_4.json,268,11660188779049755045,2697ed2ccb341404,29f622f8523c8b9f,0.888
scenarios/p1-goss-1989/fig2b-r1_4.json,269,5194881412513278469,7c30fe2d60f22386,ab1218d96b9ae0c7,0.944
scenarios/p1-goss-1989/fig2b-r1_4.json,270,2251042827821293102,af6ced865cdad7d8,69044a08e064f1c3,0.95
scenarios/p1-goss-1989/fig2b-r1_4.json,271,13263420802847100237,e9f8e25e4511b067,66d339b1e86d3f29,0.11
scenarios/p1-goss-1989/fig2b-r1_4.json,272,18316375738372510818,75a2fa702ed6e254,247b395d377bfae4,0.008
scenarios/p1-goss-1989/fig2b-r1_4.json,273,2449309990111994272,ee608f940a677e18,65b3600bc350f9d5,0.982
scenarios/p1-goss-1989/fig2b-r1_4.json,274,9671000739064823823,081636d05c058f31,cbabf5e5a71f4c65,0.916
scenarios/p1-goss-1989/fig2b-r1_4.json,275,17124531888348997507,0d1ef689016af912,074c0b6f24e07171,0.166
scenarios/p1-goss-1989/fig2b-r1_4.json,276,15463885626478291387,7bb399e82312ffbc,68aaaf76efecfa12,0.974
scenarios/p1-goss-1989/fig2b-r1_4.json,277,4794348072485890117,05f330c642728219,5ed8c7123af556c3,0.79
scenarios/p1-goss-1989/fig2b-r1_4.json,278,17350113389311791719,b7c76ab205052874,a715b1b20dd5e211,0.952
scenarios/p1-goss-1989/fig2b-r1_4.json,279,10591701987402755700,2f719df52aba8a50,b67bc627f4c30ace,0.394
scenarios/p1-goss-1989/fig2b-r1_4.json,280,390281836049980513,2e3e8e76e91beb49,4bd9597aacb05d9c,0.942
scenarios/p1-goss-1989/fig2b-r1_4.json,281,18081015477113750963,0931a609cbfb2093,5fd27beba683a4dd,0.782
scenarios/p1-goss-1989/fig2b-r1_4.json,282,4797763543524029321,55f6d130edf4cc84,14488927e72a24fc,0.048
scenarios/p1-goss-1989/fig2b-r1_4.json,283,2709864388719974034,ca942f9abc51d112,00d577728e5ebe61,0.022
scenarios/p1-goss-1989/fig2b-r1_4.json,284,12140024887508527524,73c7016b7f4c31b6,68a8610e553a4081,0.018
scenarios/p1-goss-1989/fig2b-r1_4.json,285,2866169676947330676,01a17bd8663a30b1,a1ee73e38ed1c71f,0.966
scenarios/p1-goss-1989/fig2b-r1_4.json,286,1213546098817697099,1b2106d59038762b,5416a348afe34342,0.89
scenarios/p1-goss-1989/fig2b-r1_4.json,287,15214881063459395430,524e89e2e7ed2300,8b1c6fac29a58085,0.014
scenarios/p1-goss-1989/fig2b-r1_4.json,288,15400029556474535828,a0da3c2b5ea65652,f1d057de097a46ac,0.8
scenarios/p1-goss-1989/fig2b-r1_4.json,289,8580860910498385170,e4be4ea1cc35953d,5b66c8ee8e4a3a8e,0.9
scenarios/p1-goss-1989/fig2b-r1_4.json,290,17967361435285128172,b33027e786209685,f8f9217730211718,0.952
scenarios/p1-goss-1989/fig2b-r1_4.json,291,11624658219638192696,a41664df1921e4b8,500c82cd9d70bbd2,0.042
scenarios/p1-goss-1989/fig2b-r1_4.json,292,7393887601266713054,0dd3d028539993cd,8e3fc82cbfba479b,0.088
scenarios/p1-goss-1989/fig2b-r1_4.json,293,8787602026929917081,e0327e64469fe8f0,754debbb686742a3,0.934
scenarios/p1-goss-1989/fig2b-r1_4.json,294,9879405553251403734,251326f144e620f8,1213e84062106ffd,0.916
scenarios/p1-goss-1989/fig2b-r1_4.json,295,291501255167932907,952958bf003dd4f8,63e374379cda5518,0.648
scenarios/p1-goss-1989/fig2b-r1_4.json,296,11324407991693731410,e62011726d172054,c1ae75647bb932be,0.97
scenarios/p1-goss-1989/fig2b-r1_4.json,297,7266273368520927566,2da7a28f54d2633e,bee0a575fc29f750,0.718
scenarios/p1-goss-1989/fig2b-r1_4.json,298,7851425493981058065,662ac6993ef75506,bb94be7396ee69a5,0.914
scenarios/p1-goss-1989/fig2b-r1_4.json,299,3418713978962426443,367d97044f8114b2,81197bebd46eedab,0.722
scenarios/p1-goss-1989/fig2b-r1_4.json,300,16740418718730448837,377be23d64a79ebe,60432a18b8e8f4ed,0.012
scenarios/p1-goss-1989/fig2b-r1_4.json,301,11303163536876254107,48067f391c87e1fb,ab08b1b9653a3d70,0.978
scenarios/p1-goss-1989/fig2b-r1_4.json,302,6597229041662644026,6827d9a0d3259186,9b2329185e5edd69,0.136
scenarios/p1-goss-1989/fig2b-r1_4.json,303,10119540480723383480,0676a9e8e4312da9,2c3c9bb49ecd126e,0.018
scenarios/p1-goss-1989/fig2b-r1_4.json,304,16872412910770131512,1c7badabc1ca90cd,dda5b771320996af,0.032
scenarios/p1-goss-1989/fig2b-r1_4.json,305,235739967791489829,3b6248100b869dae,39d618e4856c41cc,0.716
scenarios/p1-goss-1989/fig2b-r1_4.json,306,4676552581925313556,10e0a2fa03a4c7d2,7c0f2d6db6cdb3a4,0.814
scenarios/p1-goss-1989/fig2b-r1_4.json,307,10928743980245167211,4448da21129fe0f1,2d4d196118b24f6e,0.412
scenarios/p1-goss-1989/fig2b-r1_4.json,308,13456942685272251458,925f533e6e4263b0,b9d7e55f8a0b9aa8,0.288
scenarios/p1-goss-1989/fig2b-r1_4.json,309,5010279127312674498,51c0f2c7314786c5,e44a2c191a527f9a,0.046
scenarios/p1-goss-1989/fig2b-r1_4.json,310,18186691819659631999,7b4e9313a80450c1,3529be00122f6cef,0.99
scenarios/p1-goss-1989/fig2b-r1_4.json,311,7458708181227431686,df38315eee2d3c93,631956d31613a8e9,0.96
scenarios/p1-goss-1989/fig2b-r1_4.json,312,4612685760829663784,576e9a538907a1a9,96bb9ba224f61278,0.266
scenarios/p1-goss-1989/fig2b-r1_4.json,313,8399948996752217050,d4a0d0824f399443,f8a44a159147c3d8,0.928
scenarios/p1-goss-1989/fig2b-r1_4.json,314,2077434075618830868,74ee0a5fe557b60d,484df52a317d8051,0.152
scenarios/p1-goss-1989/fig2b-r1_4.json,315,5136552069400539276,555f4b36fd287ccd,738fa7ba91c9353e,0.942
scenarios/p1-goss-1989/fig2b-r1_4.json,316,6107277544116302715,8b06688ba3f4346e,c73f284caf8b6e98,0.994
scenarios/p1-goss-1989/fig2b-r1_4.json,317,4049614881694975355,45c50631a5dfcdf9,2f045c108fd69004,0.844
scenarios/p1-goss-1989/fig2b-r1_4.json,318,2038306845949262483,52d6e93d9fe8b532,4874cb5f296802ea,0.934
scenarios/p1-goss-1989/fig2b-r1_4.json,319,220382068158457546,d6adb221c995432e,43417678cece5818,0.958
scenarios/p1-goss-1989/fig2b-r1_4.json,320,15356087352737011187,179658e3328f6e72,c388fb5d538f5f10,0.254
scenarios/p1-goss-1989/fig2b-r1_4.json,321,859743386615565405,b50c43b8c4bd7375,76e2685c281b7091,0.908
scenarios/p1-goss-1989/fig2b-r1_4.json,322,14088290045057923833,c5143fd357e70c23,def4adfe891d261f,0.966
scenarios/p1-goss-1989/fig2b-r1_4.json,323,13079663343729502643,851fc509e27d4b67,20c8ad1d7f0bd0f6,0.994
scenarios/p1-goss-1989/fig2b-r1_4.json,324,15025433247231076186,064fe9e3ae458c41,0c942df9cb63b5e4,0.806
scenarios/p1-goss-1989/fig2b-r1_4.json,325,11871527556491456258,da6f32f3b05833b5,fef3188184861be8,0.948
scenarios/p1-goss-1989/fig2b-r1_4.json,326,465952369347412771,7bce8000cae599be,a7e31458ba39ef2e,0.738
scenarios/p1-goss-1989/fig2b-r1_4.json,327,8434415874693934611,04943d745eeb43c4,ed4a8b75dc5912d7,0
scenarios/p1-goss-1989/fig2b-r1_4.json,328,7525215856489999539,32135bae7a6db855,02cd647bb525bca8,0.958
scenarios/p1-goss-1989/fig2b-r1_4.json,329,3165416093517834191,a224636035c77dc4,a488cd140009ff39,0.052
scenarios/p1-goss-1989/fig2b-r1_4.json,330,173864332558575128,42f086178aeef80c,7d6c7502918ddd73,0.906
scenarios/p1-goss-1989/fig2b-r1_4.json,331,7295100987295016457,0771f8e6be6ff56b,80d4d3f5dff11138,0.884
scenarios/p1-goss-1989/fig2b-r1_4.json,332,320845832934265875,619849f32f9fad5f,0cf344fa45b9909d,0.942
scenarios/p1-goss-1989/fig2b-r1_4.json,333,2604691859929427806,8ab5a4d80700fef7,df671c24e5d82dec,0.904
scenarios/p1-goss-1989/fig2b-r1_4.json,334,13844970462036691030,dd987d9d2092baff,cc2a8b426e5b7223,0.042
scenarios/p1-goss-1989/fig2b-r1_4.json,335,17329325645289349136,b1744704a868e350,49a003d6037a72f3,0.944
scenarios/p1-goss-1989/fig2b-r1_4.json,336,8936874744438303009,7d73ab644a80d035,d3ea7531be3dc225,0.922
scenarios/p1-goss-1989/fig2b-r1_4.json,337,11193390822460377030,eea191cbc3fd74ac,706c412d8efcb3d1,0.922
scenarios/p1-goss-1989/fig2b-r1_4.json,338,15072188115749042581,669e3f3ec56756b5,8263f8b687b32645,0.092
scenarios/p1-goss-1989/fig2b-r1_4.json,339,10926063512941285611,c4406b41cd7426bc,a23f84ac2e492344,0.938
scenarios/p1-goss-1989/fig2b-r1_4.json,340,17559148951172404155,31fe7efff10c3776,7fe3947e28a2a407,0.12
scenarios/p1-goss-1989/fig2b-r1_4.json,341,2721255368980732858,c7d3e9a7e3be2b40,788bc114506f473f,0.07
scenarios/p1-goss-1989/fig2b-r1_4.json,342,2060190063987510414,bae4c30b2e965eba,8feefd497193aa84,0.004
scenarios/p1-goss-1989/fig2b-r1_4.json,343,15799253839459132230,e62e9311201c4ff7,6bc1eb1b3430766b,0.962
scenarios/p1-goss-1989/fig2b-r1_4.json,344,9510476100472582922,1b50ba1593b5159c,803f037aab69e399,0.398
scenarios/p1-goss-1989/fig2b-r1_4.json,345,11574913969897324531,f9d94c3b7721eab3,5f5737851ab74d48,0.038
scenarios/p1-goss-1989/fig2b-r1_4.json,346,1561409187684960025,4fcc2c66d97d0bb4,ab943317d24a6c7f,0.828
scenarios/p1-goss-1989/fig2b-r1_4.json,347,15634793991664890766,b0db563175b1ffdb,fa7c187a6a67c113,0.958
scenarios/p1-goss-1989/fig2b-r1_4.json,348,6421092050560477917,34fc287ffa85a59f,186758ebeedd297a,0.808
scenarios/p1-goss-1989/fig2b-r1_4.json,349,4548064138078318435,1da88a9ed50050ce,e001d7a4d58a2d03,0.61
scenarios/p1-goss-1989/fig2b-r1_4.json,350,11837686462200122712,37a9c9f087edf68f,9f376096f309e6da,0.03
scenarios/p1-goss-1989/fig2b-r1_4.json,351,306763593078371989,f346914d28cb0051,6dca959f979fc4fe,0.21
scenarios/p1-goss-1989/fig2b-r1_4.json,352,10583647543601607967,68c7b6867c58d174,eb70d0e3af2a2aa8,0.968
scenarios/p1-goss-1989/fig2b-r1_4.json,353,11936891714882346840,fc11600cd275f7e5,0c0408ce91afc5c7,0.992
scenarios/p1-goss-1989/fig2b-r1_4.json,354,15688117043760114493,1297997b4f7983c3,88ccb63d6ab38f87,0.932
scenarios/p1-goss-1989/fig2b-r1_4.json,355,5852014790381531828,d8458e4bd4c3351f,7bdec7378908a930,0.934
scenarios/p1-goss-1989/fig2b-r1_4.json,356,2459647992568535183,65f53e01f1925f4e,81ffcd8d9483b822,0.984
scenarios/p1-goss-1989/fig2b-r1_4.json,357,8562787784544299262,b5c21cfd865408fd,0bf4e0b12bc45fae,0.098
scenarios/p1-goss-1989/fig2b-r1_4.json,358,8814054081625456197,41f89b7fdb6472b8,e3ad3fa55b7d3af5,0.034
scenarios/p1-goss-1989/fig2b-r1_4.json,359,10411028653331583848,01e4a6817e93a6b8,0155d3349061c230,0.988
scenarios/p1-goss-1989/fig2b-r1_4.json,360,5875391461391128204,81266c22916844d7,28a7be72554597e1,0.872
scenarios/p1-goss-1989/fig2b-r1_4.json,361,2955298319994557367,08d762303d149077,9c4c94b43153bf30,0.868
scenarios/p1-goss-1989/fig2b-r1_4.json,362,14232007193730035293,8e1e05bb60b5d969,f17841231d5505af,0.978
scenarios/p1-goss-1989/fig2b-r1_4.json,363,9641150029025265359,9d477c2fc3c9a64e,29deca43f847a16a,0.996
scenarios/p1-goss-1989/fig2b-r1_4.json,364,8685602970239008737,b1957d66122c93ac,b0c0aacb010c0d4e,0.026
scenarios/p1-goss-1989/fig2b-r1_4.json,365,12119441722050517338,35f3a7e0fff43108,62e551fd00dce821,0.974
scenarios/p1-goss-1989/fig2b-r1_4.json,366,16976123977889969533,d1dcd16baa5dba1a,c3b1b7f2af802f8a,0.608
scenarios/p1-goss-1989/fig2b-r1_4.json,367,15414751860834076409,4e91bef7db4ba208,86be786925d68058,0.978
scenarios/p1-goss-1989/fig2b-r1_4.json,368,7237873610255031672,b2381012a1fcda7d,be25d9ea52665752,0.98
scenarios/p1-goss-1989/fig2b-r1_4.json,369,12356744094735736146,f5ebd092ddd0f922,b8056d542a8d3627,0.698
scenarios/p1-goss-1989/fig2b-r1_4.json,370,12238555543569146820,13937ca52b25d109,db81d07caf0a3e38,0.93
scenarios/p1-goss-1989/fig2b-r1_4.json,371,6863388771581255146,4033b90af76c4b98,e5b35cbcea302d31,0.884
scenarios/p1-goss-1989/fig2b-r1_4.json,372,17534312965607523211,5e9ab0d942f5e572,4fb31bd757eea9c4,0.788
scenarios/p1-goss-1989/fig2b-r1_4.json,373,5145617487788980547,b9050fb4246c0f9b,9b428b8036a2b6ac,0.044
scenarios/p1-goss-1989/fig2b-r1_4.json,374,9648731854837365244,1954c6a79316d500,be8da9b45d30b408,0.052
scenarios/p1-goss-1989/fig2b-r1_4.json,375,9833110417936815748,8e2f7deed3522950,616b5d9093033951,0.016
scenarios/p1-goss-1989/fig2b-r1_4.json,376,3068522472682240638,5e5db60743ea0364,f865d41b6da27389,0.982
scenarios/p1-goss-1989/fig2b-r1_4.json,377,17495619317754978868,69395d568487680a,427671ac8a85f9d9,0.022
scenarios/p1-goss-1989/fig2b-r1_4.json,378,238978847523753066,120dfb8d5a77d4f5,f932c59c0f636cb8,0.446
scenarios/p1-goss-1989/fig2b-r1_4.json,379,11089426891856522328,84e63a1ccebc32f7,9b4e802099e4f14f,0.16
scenarios/p1-goss-1989/fig2b-r1_4.json,380,16900485074146021744,abf810c113404c14,c05009463d23df85,0.468
scenarios/p1-goss-1989/fig2b-r1_4.json,381,12216996513927165659,080e64e0723e09e2,726662f82f4af7ca,0.218
scenarios/p1-goss-1989/fig2b-r1_4.json,382,784086128890672328,81f60a5aa12bc16d,a2e33daee639d07d,0.988
scenarios/p1-goss-1989/fig2b-r1_4.json,383,944356046794751146,4755bac77f98e1fd,6bd6cfa3761c334f,0.272
scenarios/p1-goss-1989/fig2b-r1_4.json,384,8997493533793767876,691ca181b019ab88,32cbc1a3cd539217,0.922
scenarios/p1-goss-1989/fig2b-r1_4.json,385,6052349605314616353,4b99666c956e5a9d,e0b9016d8e135068,0.994
scenarios/p1-goss-1989/fig2b-r1_4.json,386,12599376348904773661,e0502e754fce9f35,9011954f65631c18,0.808
scenarios/p1-goss-1989/fig2b-r1_4.json,387,4942156496325075198,d430ab30e8e19154,a1dde6a99711032f,0.978
scenarios/p1-goss-1989/fig2b-r1_4.json,388,2337883788207178485,90a27083825811a4,2b960c598d58228e,0.046
scenarios/p1-goss-1989/fig2b-r1_4.json,389,1942793198510790873,d48a12450f78f335,6f3a67adf2ca9999,0.06
scenarios/p1-goss-1989/fig2b-r1_4.json,390,9470657927823871585,7e498d3c28e72f00,2c7902715796c941,0.96
scenarios/p1-goss-1989/fig2b-r1_4.json,391,1474128730789360070,e7a1ab9e082e85dd,83faf7b1914254bf,0.44
scenarios/p1-goss-1989/fig2b-r1_4.json,392,1876295371385181893,6aee6441ca10f7f9,c9eeb01133894bcf,0.96
scenarios/p1-goss-1989/fig2b-r1_4.json,393,17414106400395513631,b8dff0af2b2463b2,897ffc4a2d3c4c27,0.964
scenarios/p1-goss-1989/fig2b-r1_4.json,394,10725663497950247322,baa7e054e9d5d8fb,be20f844b6b74754,0.902
scenarios/p1-goss-1989/fig2b-r1_4.json,395,17129308434697066062,258f6efb27843c89,a2a44768601f1ea8,0.478
scenarios/p1-goss-1989/fig2b-r1_4.json,396,4149244004449254545,38cac782247f68d7,2139828483cce3fd,0.67
scenarios/p1-goss-1989/fig2b-r1_4.json,397,18340869622145531548,78f0d7a7a5da14a9,fe835f9a90c25fed,0.076
scenarios/p1-goss-1989/fig2b-r1_4.json,398,67822205586576347,81593f1d5aae8622,9c14ab3a772cc4dd,0.608
scenarios/p1-goss-1989/fig2b-r1_4.json,399,12280798080314069082,48aabf825fa01657,c39362b116be98d9,0.554
scenarios/p1-goss-1989/fig2b-r1_4.json,400,17802583299232599268,ca7a65583c74fd7f,87eb6721c6039c50,0.75
scenarios/p1-goss-1989/fig2b-r1_4.json,401,14677013482068692191,5aab05eab69521b2,7cc8ee9c98660217,0.44
scenarios/p1-goss-1989/fig2b-r1_4.json,402,1251545344072027783,3e803cab28e79a34,6675f196c0104d60,0.028
scenarios/p1-goss-1989/fig2b-r1_4.json,403,5859068524542455223,d74c7166bc51dc24,673293d5eb0e5bca,0.828
scenarios/p1-goss-1989/fig2b-r1_4.json,404,8476736162068805246,4cbf32dad199df74,81ec3b5af0ac659b,0.242
scenarios/p1-goss-1989/fig2b-r1_4.json,405,13975880898346516272,25343d06eba37f40,064c87da72e43f87,0.256
scenarios/p1-goss-1989/fig2b-r1_4.json,406,17900103115701503530,40975599b76a5820,9b1628c55ad3a2ac,0.978
scenarios/p1-goss-1989/fig2b-r1_4.json,407,5590013524669629894,61deb08d98c130a9,af75503ee1509824,0.038
scenarios/p1-goss-1989/fig2b-r1_4.json,408,9386865196773306638,92c3260df76de0f3,70eb75a54c9bd448,0.814
scenarios/p1-goss-1989/fig2b-r1_4.json,409,2598359583859897653,519f820bd59d27bc,13f635517666a568,0.982
scenarios/p1-goss-1989/fig2b-r1_4.json,410,8450099797488511668,273b59a1b392fd5d,83eb63ab93e5065a,0.788
scenarios/p1-goss-1989/fig2b-r1_4.json,411,16377237263252633140,13216860b7b35003,613cd08f464a2b1a,0.068
scenarios/p1-goss-1989/fig2b-r1_4.json,412,11068520547074121306,f44427f2d6e667b1,198f6c867b21948c,0.008
scenarios/p1-goss-1989/fig2b-r1_4.json,413,17339299159322563751,0708f08d232f72ba,344c93719a4d2c44,0.036
scenarios/p1-goss-1989/fig2b-r1_4.json,414,5348483626583373667,4aa0979706a0209c,4a7979021917669d,0.926
scenarios/p1-goss-1989/fig2b-r1_4.json,415,11580241022221825258,41da3a38f7dc9660,612698be3eabbadb,0.014
scenarios/p1-goss-1989/fig2b-r1_4.json,416,17912078617444715918,2e7345f0f8ae2bd5,fc67b0180a22fb1b,0.39
scenarios/p1-goss-1989/fig2b-r1_4.json,417,17413909142289566668,68756cf5ee859f86,3633cfae98b23b38,0.926
scenarios/p1-goss-1989/fig2b-r1_4.json,418,923452734387826493,f42969052ff96d3a,2ba7c03095f317f3,0.092
scenarios/p1-goss-1989/fig2b-r1_4.json,419,8688281458439980658,12d9f828e6595ac5,2861bc78e3101ee3,0.368
scenarios/p1-goss-1989/fig2b-r1_4.json,420,14853293227208692792,ae57fc5b15b0a5fa,bbe2d0b108244989,0.45
scenarios/p1-goss-1989/fig2b-r1_4.json,421,9893070008874104398,96e0ff8511eafb76,e504f4b62593bb2d,0.902
scenarios/p1-goss-1989/fig2b-r1_4.json,422,18009923327859540793,9fc81c802a99b01e,b0e7118e13fc1626,0.058
scenarios/p1-goss-1989/fig2b-r1_4.json,423,18041955100789821501,47b4ddd8f5250cbd,f95554fe922c0b2f,0.534
scenarios/p1-goss-1989/fig2b-r1_4.json,424,17266982748583698602,844e2444dbed0bb4,2da5b419d883110c,0.038
scenarios/p1-goss-1989/fig2b-r1_4.json,425,7720627866691365871,0c6c07fe6d477a6c,54e99a9c87aa7fd1,0.85
scenarios/p1-goss-1989/fig2b-r1_4.json,426,11812840121913133833,a77f341fd250b13b,3d75b5104b4614ab,0.644
scenarios/p1-goss-1989/fig2b-r1_4.json,427,5786157937740752046,b8a693c2424ebd6d,54611ec272990ade,0.886
scenarios/p1-goss-1989/fig2b-r1_4.json,428,588482873935975383,714aea2350c15dd0,073b628f12acf645,0.086
scenarios/p1-goss-1989/fig2b-r1_4.json,429,14911671873572700736,de4c6f58c9569035,2286efd7035cfb4c,0.874
scenarios/p1-goss-1989/fig2b-r1_4.json,430,13093008145679454517,67204d45e019e565,69f9870cea4a432b,0.848
scenarios/p1-goss-1989/fig2b-r1_4.json,431,17844879921767247359,dd06277e8c6a25fc,8043093c463cda6e,0.232
scenarios/p1-goss-1989/fig2b-r1_4.json,432,9228267176230394189,0e1d288a50880cc3,5dbf2cf60d6e5fc6,0.138
scenarios/p1-goss-1989/fig2b-r1_4.json,433,6037936041577029444,4b43922c631196a5,c2766cddc5d221d1,0.978
scenarios/p1-goss-1989/fig2b-r1_4.json,434,3659017244803787009,a679fc6baf919e41,e4110076ae015f24,0.912
scenarios/p1-goss-1989/fig2b-r1_4.json,435,10308321222183442309,c432453b8b758581,e42000cdc5d98fae,0.894
scenarios/p1-goss-1989/fig2b-r1_4.json,436,1861519321499521425,e71c44504a42b3c2,6170db478cf3665a,0.916
scenarios/p1-goss-1989/fig2b-r1_4.json,437,7854207400892948800,f16ef47214cd008a,e4114d3d0d0a6c96,0.264
scenarios/p1-goss-1989/fig2b-r1_4.json,438,6777600836348042918,f7496a857c8a353b,ebc362a9839fc4cf,0.278
scenarios/p1-goss-1989/fig2b-r1_4.json,439,13552370422053141148,1672c532667ea3e5,a5f299dcfd0f19c4,0.048
scenarios/p1-goss-1989/fig2b-r1_4.json,440,13804290956869867699,0226d430a745539d,8556b68a331f5dce,0.972
scenarios/p1-goss-1989/fig2b-r1_4.json,441,738275376666517011,143cdd19eaec9f32,27ce2d7c8690bc8a,0.964
scenarios/p1-goss-1989/fig2b-r1_4.json,442,5571709834585409145,91d8e46d75bb4360,6bb05dbd8854d222,0.012
scenarios/p1-goss-1989/fig2b-r1_4.json,443,15749336089862073051,de1ef776b757222c,1962c828528ee19b,0.092
scenarios/p1-goss-1989/fig2b-r1_4.json,444,15516944992778258798,e956945fa3024c55,76994c0b5d141184,0.924
scenarios/p1-goss-1989/fig2b-r1_4.json,445,10861961707277939103,30500f98c211348d,e5945d55805e4045,0.836
scenarios/p1-goss-1989/fig2b-r1_4.json,446,2518918827013238421,7d075a76dced0a64,344e406244522787,0.994
scenarios/p1-goss-1989/fig2b-r1_4.json,447,2090407729257643484,0d46c68aebced711,532a27e8373cdd3e,0.514
scenarios/p1-goss-1989/fig2b-r1_4.json,448,2757116566368898280,03f781392f41ac06,22e30590791a93f5,0.708
scenarios/p1-goss-1989/fig2b-r1_4.json,449,8264901102989837354,bb4fb7622554fd32,b18e11bba1cbe786,0.982
scenarios/p1-goss-1989/fig2b-r1_4.json,450,13951227380045772279,17aa2041bed213a5,d18c144dd08af706,0.006
scenarios/p1-goss-1989/fig2b-r1_4.json,451,4902050095675120401,b421382851354585,c02a3b28e1d65d07,0.704
scenarios/p1-goss-1989/fig2b-r1_4.json,452,12155925636686081173,c3b2995f5ecb2727,4730da8d58ad8fc9,0.866
scenarios/p1-goss-1989/fig2b-r1_4.json,453,118043784532644211,a98bcbb109bf2b87,f288220f74bd857c,0.32
scenarios/p1-goss-1989/fig2b-r1_4.json,454,6250641297844270205,3b8db948f50dee27,9ac80e93335f24ad,0.138
scenarios/p1-goss-1989/fig2b-r1_4.json,455,8784842290647443888,a053745876c6a67f,1834cdb8e44dbb34,0.01
scenarios/p1-goss-1989/fig2b-r1_4.json,456,2126244345177943503,bb6049255683feff,615063c33aed5ff5,0.952
scenarios/p1-goss-1989/fig2b-r1_4.json,457,414587937448478396,a4c8837f14154061,c8482b73feafe0b9,0.204
scenarios/p1-goss-1989/fig2b-r1_4.json,458,2961633516241738695,5e101d0bcdbd9fa4,0ce5b65538b24ba7,0.942
scenarios/p1-goss-1989/fig2b-r1_4.json,459,16836404679021999859,6aec4d663f31ed90,bc5c97b66cf226a8,0.606
scenarios/p1-goss-1989/fig2b-r1_4.json,460,13588703882529421888,a71d56278c3fa201,20f26e9e53417584,0.464
scenarios/p1-goss-1989/fig2b-r1_4.json,461,3062260503760023251,0965dadda519015f,ce5e731c897da462,0.946
scenarios/p1-goss-1989/fig2b-r1_4.json,462,5948551269254824805,ec6a5620c4894d6f,c89734a978bef779,0.93
scenarios/p1-goss-1989/fig2b-r1_4.json,463,50957485394174922,2ab60578a8c1be9a,391ff5588999962f,0.13
scenarios/p1-goss-1989/fig2b-r1_4.json,464,15586360695758444834,4affcda36c2ff2fe,02fd905344d17f5e,0.086
scenarios/p1-goss-1989/fig2b-r1_4.json,465,15306795698633572734,98b2fdf9f52f210f,fdcef296a6a6e230,0.072
scenarios/p1-goss-1989/fig2b-r1_4.json,466,15780505180953533655,289d103f262f46f0,0fa83a42d65a7c99,0.172
scenarios/p1-goss-1989/fig2b-r1_4.json,467,16818020205970758981,d6b7d7bde8b36f8f,3f6bc2b1937f60c0,0.112
scenarios/p1-goss-1989/fig2b-r1_4.json,468,10173185620555357632,2de3de1c2a94273b,83cf7d08fd2dbafc,0.026
scenarios/p1-goss-1989/fig2b-r1_4.json,469,10774917959428448600,0284a7cbafb758cc,c9e9ab4dbaa1edf2,0.768
scenarios/p1-goss-1989/fig2b-r1_4.json,470,14802792949239598961,f1e76df6d961a67c,5bb9c7c3e8dfbc5c,0.934
scenarios/p1-goss-1989/fig2b-r1_4.json,471,7284679988842771119,2d1580f2beb2e704,421966b20e10c8bc,0.072
scenarios/p1-goss-1989/fig2b-r1_4.json,472,16657652373902105321,926d2b1b269a00c7,8a27a7fa1178ae2b,0.944
scenarios/p1-goss-1989/fig2b-r1_4.json,473,15088679245339534382,9299e1f68a0dd304,366121c2196dfeb4,0.992
scenarios/p1-goss-1989/fig2b-r1_4.json,474,13043828076840939015,9390ea321e6ac7c2,cbe539d6b20ea53e,0.084
scenarios/p1-goss-1989/fig2b-r1_4.json,475,14096580305639665855,b373bb9a2d9fc2ff,6736a668242842ab,0.824
scenarios/p1-goss-1989/fig2b-r1_4.json,476,11356805041164067681,4039e48af71d4153,c25a2a2609426d40,0.946
scenarios/p1-goss-1989/fig2b-r1_4.json,477,4681273778417730625,9a3f5f7153ea6a06,bef14e1c80089701,0.718
scenarios/p1-goss-1989/fig2b-r1_4.json,478,15012015393970219264,d06b420cc1d48e4f,db763fb3060270a9,0.984
scenarios/p1-goss-1989/fig2b-r1_4.json,479,6527526292055422249,3bfd9fe9d4e2747e,a6b3f0bde1e214a2,0.104
scenarios/p1-goss-1989/fig2b-r1_4.json,480,11004973504784297843,f7598677a955901a,1483718e9123c654,0.992
scenarios/p1-goss-1989/fig2b-r1_4.json,481,7803501297722746168,33a2ecea65e3a431,19c03b873e463a37,0.678
scenarios/p1-goss-1989/fig2b-r1_4.json,482,7083628126025002809,a11a87b40688142f,841bd22a57fff625,0.95
scenarios/p1-goss-1989/fig2b-r1_4.json,483,5105897566737862677,260a7071051192d8,f56c2db0e24172d8,0.894
scenarios/p1-goss-1989/fig2b-r1_4.json,484,8350158375038671561,2e205f81b9c211af,237c20824c10d4d6,0.524
scenarios/p1-goss-1989/fig2b-r1_4.json,485,13189168567235201317,f44c25d8f061dd32,674a0d3487a8a45a,0.062
scenarios/p1-goss-1989/fig2b-r1_4.json,486,2720725574197250877,d4a3c8d7929943c1,df13f97f68346abe,0.458
scenarios/p1-goss-1989/fig2b-r1_4.json,487,88664630025527015,a1aed93eb6b4833a,94e1202ca49766b5,0.474
scenarios/p1-goss-1989/fig2b-r1_4.json,488,5080666769588164443,5cc684c7b164b016,96436ce5583b1fbd,0.744
scenarios/p1-goss-1989/fig2b-r1_4.json,489,3485187059637686133,20172e893885f265,ff7d1c05f8a529cf,0.178
scenarios/p1-goss-1989/fig2b-r1_4.json,490,8957158531290067939,c95621986a77b957,3302bd5f575f7bb9,0.144
scenarios/p1-goss-1989/fig2b-r1_4.json,491,7095936368882284417,bbd4b4345619c21d,6491c703e17a090b,0.994
scenarios/p1-goss-1989/fig2b-r1_4.json,492,6524451575008356608,ce4c4fc55b7dbf0d,2070c41fa5b96b0b,0.848
scenarios/p1-goss-1989/fig2b-r1_4.json,493,5465454692102184428,79f670fcb9f7e0d1,db5318e2a3d0719b,0.376
scenarios/p1-goss-1989/fig2b-r1_4.json,494,13120141853151130272,413323293a590ac1,3028451482f350cf,0.026
scenarios/p1-goss-1989/fig2b-r1_4.json,495,10352407285340753156,dd16643cb3b66843,390085597c59153c,0.074
scenarios/p1-goss-1989/fig2b-r1_4.json,496,4685647354750580372,693303cc214cae2c,2369d36b39d1b862,0.96
scenarios/p1-goss-1989/fig2b-r1_4.json,497,7682353128129177244,207293ba64a007fc,87bad5768582847f,0.972
scenarios/p1-goss-1989/fig2b-r1_4.json,498,17196247787517943694,4e917ab33521bccb,aec5adf72618a4e8,0.406
scenarios/p1-goss-1989/fig2b-r1_4.json,499,1913375650222710474,fc12307796ebce67,1a43a897ad59a21d,0.972
scenarios/p1-goss-1989/fig2b-r1_4.json,500,3480462403698074491,e8dff3364fa1ff35,2bfa62cb4b387133,0.944
scenarios/p1-goss-1989/fig2b-r1_4.json,501,8677625248161528671,5362d1832027805e,a808bdd60ac00181,0.408
scenarios/p1-goss-1989/fig2b-r1_4.json,502,16002427523335608184,d3a93ae9603c4fcc,db5bffa844053050,0.15
scenarios/p1-goss-1989/fig2b-r1_4.json,503,402808411527070439,c30d02b18dd50a0b,9cfdd84fad7f8601,0.44
scenarios/p1-goss-1989/fig2b-r1_4.json,504,5406596648626160507,a04285e0201f720f,c67d76b652e7cc73,0.974
scenarios/p1-goss-1989/fig2b-r1_4.json,505,9816680861089425014,cfef8b588218f567,cecd7c7954e05d6d,0.206
scenarios/p1-goss-1989/fig2b-r1_4.json,506,8306896191422143865,30d5ea3af351c9fc,9513da6577bc3532,0.916
scenarios/p1-goss-1989/fig2b-r1_4.json,507,2543410608136174896,c1ba3c04c035bc45,aed4b1d041f66aae,0.936
scenarios/p1-goss-1989/fig2b-r1_4.json,508,13145941987565665668,2a9dec203bfb733a,e4fa738ef8a06b21,0.052
scenarios/p1-goss-1989/fig2b-r1_4.json,509,10467326126152615691,2a2ef7d082606ad8,42476496217b82c6,0.838
scenarios/p1-goss-1989/fig2b-r1_4.json,510,12507370115127693742,a28319427d811cd6,f6c2d76cd5ef5216,0.504
scenarios/p1-goss-1989/fig2b-r1_4.json,511,3786932413069357423,896b88a2ef9d65a9,ad7af9b0d8c92cd1,0.988
scenarios/p1-goss-1989/fig2b-r1_4.json,512,5154514987742759503,32ef8ff0233d736b,c22a600a5fe61ebc,0.854
scenarios/p1-goss-1989/fig2b-r1_4.json,513,15087720630370527958,f2c6a410ef0f2e11,df96548aa97e6b7e,0.956
scenarios/p1-goss-1989/fig2b-r1_4.json,514,7269457084874039191,e92678b531a11e44,1bba75bd6019e79b,0.73
scenarios/p1-goss-1989/fig2b-r1_4.json,515,8531037247968596430,6ab72e8d52a98f28,2d3d74212662a852,0.598
scenarios/p1-goss-1989/fig2b-r1_4.json,516,4714101389636036516,3cb9d887b4bc4282,392315eeba6093f6,0.982
scenarios/p1-goss-1989/fig2b-r1_4.json,517,11754488437798334634,2ff53353b4bb3b2d,a2753fc83100c47d,0.06
scenarios/p1-goss-1989/fig2b-r1_4.json,518,1340224154562422847,1167e51c03d1dd8c,42edbe29618bc209,0.29
scenarios/p1-goss-1989/fig2b-r1_4.json,519,5356486315251542519,be8e9e807db38b34,6f59221465bc2625,0.246
scenarios/p1-goss-1989/fig2b-r1_4.json,520,5129504455725163112,dd5aa1b3ee0c7076,5334bbb9ca9e1561,0.93
scenarios/p1-goss-1989/fig2b-r1_4.json,521,9071077673048085511,c6dbb999eafc9548,d32b0bc077c2446b,0.042
scenarios/p1-goss-1989/fig2b-r1_4.json,522,16596704516111607363,6d69114a66a870b2,fa3e6517ede4ba94,0.99
scenarios/p1-goss-1989/fig2b-r1_4.json,523,9616079685097042005,3acead37929e2444,b42a49952444cb0c,0.992
scenarios/p1-goss-1989/fig2b-r1_4.json,524,9100211793101652855,bbf013c3b5fa2611,a31ec5a2db30ed86,0.042
scenarios/p1-goss-1989/fig2b-r1_4.json,525,10422962422115335456,7f4f1cc58cc56c93,095642e7ca0f02b5,0.992
scenarios/p1-goss-1989/fig2b-r1_4.json,526,16057191087585878960,5d72a95c9d984c90,0065eee981e4be16,0.386
scenarios/p1-goss-1989/fig2b-r1_4.json,527,8201625072263614529,08905404d877a14b,930585d36002e656,0.79
scenarios/p1-goss-1989/fig2b-r1_4.json,528,2782989404231070011,78820f6630dcc131,f1d5b4d80321de47,0.994
scenarios/p1-goss-1989/fig2b-r1_4.json,529,6287553572010710498,f73c2c0bb68cc2ad,f4d59a9825cf76c2,0.954
scenarios/p1-goss-1989/fig2b-r1_4.json,530,16214479251226975400,ff520e2410aa2740,1e0d4b5f475b5a96,0.936
scenarios/p1-goss-1989/fig2b-r1_4.json,531,12587657276417861336,2a71a5e33599b9ad,da802f410244bbe9,0.82
scenarios/p1-goss-1989/fig2b-r1_4.json,532,4565855284426499483,f7fd1b3c94699807,6947b12d545015ea,0.994
scenarios/p1-goss-1989/fig2b-r1_4.json,533,9169294262293912814,ee608ae29139b0d6,288816014f0e61e7,0.09
scenarios/p1-goss-1989/fig2b-r1_4.json,534,10894100078393480298,6e8aa145ce6cb3ec,f595c90195cc737b,0.838
scenarios/p1-goss-1989/fig2b-r1_4.json,535,4047459221975154181,5f4252fdc5d7c2e8,516f53a148111b19,0.976
scenarios/p1-goss-1989/fig2b-r1_4.json,536,11346489949155543505,96096b1d7a4fe5f5,556ae033875d61d2,0.964
scenarios/p1-goss-1989/fig2b-r1_4.json,537,12102355252184365722,5ce740cc948fa1e4,4ddeed42004c1fed,0.99
scenarios/p1-goss-1989/fig2b-r1_4.json,538,9688714874620792934,8c22332c6c0de12f,dbfe96a6d994c61e,0.752
scenarios/p1-goss-1989/fig2b-r1_4.json,539,15638623233089206877,d2249e02e45d44d9,339adb375ad14b6a,0.822
scenarios/p1-goss-1989/fig2b-r1_4.json,540,6019677231813040520,44f9577bacd706fd,6c0f32391f604f28,0.994
scenarios/p1-goss-1989/fig2b-r1_4.json,541,9968818007584661441,4c31006453e0135b,426ded8dfea68ba1,0.928
scenarios/p1-goss-1989/fig2b-r1_4.json,542,15140827502511621384,d15ebbbd650ee138,c539c063e0211dbd,0.956
scenarios/p1-goss-1989/fig2b-r1_4.json,543,9574908165618360663,d9545d642e5ef7ab,c28de76284619cdf,0.998
scenarios/p1-goss-1989/fig2b-r1_4.json,544,8177108126365441464,61f1c94324f48691,b4b8e2d39cf62af2,0.952
scenarios/p1-goss-1989/fig2b-r1_4.json,545,1755426553093824180,eaa49bd8727be680,6a744021a252f60c,0.992
scenarios/p1-goss-1989/fig2b-r1_4.json,546,12862079862803206112,c69cdb2e8a937c58,a18311fca0653bb3,0.91
scenarios/p1-goss-1989/fig2b-r1_4.json,547,1091901663931220954,f90e8c187a64f767,0ecdf6e8a0f77c73,0.456
scenarios/p1-goss-1989/fig2b-r1_4.json,548,74787406026522107,36352adf8b729279,90e24f8ed25d13d7,0.906
scenarios/p1-goss-1989/fig2b-r1_4.json,549,14879349269543221292,62ae06f1d990a139,e3379df4eb97da78,0.966
scenarios/p1-goss-1989/fig2b-r1_4.json,550,1635338401167802073,2afbf809a6f1f0f0,7abd1df79961f286,0.774
scenarios/p1-goss-1989/fig2b-r1_4.json,551,7932458091583204857,2ed6d896e2caea6f,5a326ac09dbda217,0.12
scenarios/p1-goss-1989/fig2b-r1_4.json,552,11995580840290552579,f0adcd232a23ddca,e0247e25c224c26d,0.086
scenarios/p1-goss-1989/fig2b-r1_4.json,553,16586150842785490004,76bf0d8d8ec717ba,fdf25fb6c163c4af,0.972
scenarios/p1-goss-1989/fig2b-r1_4.json,554,17778367732407092201,3c4218be4be000e2,531a7dd981b9a75e,0.724
scenarios/p1-goss-1989/fig2b-r1_4.json,555,11181972877370248706,54109dad174382ba,c4f98782b1b5c784,0.93
scenarios/p1-goss-1989/fig2b-r1_4.json,556,12210317161718785885,a36ab836a8359b41,a35c07d5b10100d6,0.942
scenarios/p1-goss-1989/fig2b-r1_4.json,557,9560979988424995068,62564a29bde1e3b0,73f8113b77027ad9,0.972
scenarios/p1-goss-1989/fig2b-r1_4.json,558,520379079254830021,7d3711fadf48f3cd,eccfe2b6794de766,0.032
scenarios/p1-goss-1989/fig2b-r1_4.json,559,10954793480316370272,60d133d2dd716e21,10966aea375a91de,0.968
scenarios/p1-goss-1989/fig2b-r1_4.json,560,15772019985178923040,37cffb6e5489c610,f65441aa5e79e399,0.912
scenarios/p1-goss-1989/fig2b-r1_4.json,561,17090778278502573055,183ae9a2c08e471a,bff72dcc53279f0a,0.222
scenarios/p1-goss-1989/fig2b-r1_4.json,562,14334764781511502604,3fabeb709f320f7d,197544eafe01e0e2,0.984
scenarios/p1-goss-1989/fig2b-r1_4.json,563,960640390592886250,7c0af4584b5a93c9,ac7c4a2214bacc55,0.988
scenarios/p1-goss-1989/fig2b-r1_4.json,564,15529212325588433482,49a67a0dfb03aef5,b06e9f6385a658fa,0.746
scenarios/p1-goss-1989/fig2b-r1_4.json,565,16118176732722432522,08fa69cc51cb3f82,f7b88f9e13cf79eb,0.75
scenarios/p1-goss-1989/fig2b-r1_4.json,566,13230177117572159874,99e8b63ce073753c,e4873039442253c1,0.122
scenarios/p1-goss-1989/fig2b-r1_4.json,567,9128235899773369637,3ff47e8103f161b0,07da485173585829,0.106
scenarios/p1-goss-1989/fig2b-r1_4.json,568,12065199248175819530,cc8309c28ad24085,927118db16ebc67b,0.93
scenarios/p1-goss-1989/fig2b-r1_4.json,569,15185968845141098202,6e2ff169d4d01db9,64eeb162a935cbb3,0.018
scenarios/p1-goss-1989/fig2b-r1_4.json,570,13635598672036281445,b5b19d4be5683da2,edfcddf0f518d42f,0.548
scenarios/p1-goss-1989/fig2b-r1_4.json,571,3849021585836367907,74b2805992d8d8c8,df08ebbaa2e1c675,0.974
scenarios/p1-goss-1989/fig2b-r1_4.json,572,13080156169005388098,cbcf9ec4b3921a79,a7cf9af10e0258e7,0.674
scenarios/p1-goss-1989/fig2b-r1_4.json,573,15819563132031137010,d8427126d6ef6b34,0db3730b0c71f72c,0.87
scenarios/p1-goss-1989/fig2b-r1_4.json,574,11521803249161997271,a491e5afd575465b,0c09c956899f9e11,0.966
scenarios/p1-goss-1989/fig2b-r1_4.json,575,573991755213092716,da85e6a6142e56bc,560bd76e54df8ca4,0.144
scenarios/p1-goss-1989/fig2b-r1_4.json,576,17969803036496718553,96357c89a4587d90,6eea92cc820c506b,0.346
scenarios/p1-goss-1989/fig2b-r1_4.json,577,1979176371899652752,e7e2141558c8021b,4d042886546d5b04,0.014
scenarios/p1-goss-1989/fig2b-r1_4.json,578,17276154522476147903,848d47047ce817dc,7cc949f296a96fe6,0.436
scenarios/p1-goss-1989/fig2b-r1_4.json,579,17092950309042087709,7218d9cc8bae661a,2923ec3b7b0c2428,0.612
scenarios/p1-goss-1989/fig2b-r1_4.json,580,14207157987637004445,5fb617e721b51a44,02c1575cc7699e58,0.92
scenarios/p1-goss-1989/fig2b-r1_4.json,581,13472525570235867239,37ce02f34e41826d,8b7fab51d9ebad8b,0.926
scenarios/p1-goss-1989/fig2b-r1_4.json,582,4432518067821467306,d1c6496614d37e92,9a28670738859eca,0.054
scenarios/p1-goss-1989/fig2b-r1_4.json,583,637196022818249647,daa69b12f7b8627e,98fcaed4025245c5,0.92
scenarios/p1-goss-1989/fig2b-r1_4.json,584,13416950605135404641,3c8c94e1bd8ed179,d576f5787ff213c2,0.04
scenarios/p1-goss-1989/fig2b-r1_4.json,585,14384632870903537145,bcc2ad94d409f611,9be633741af15d85,0.984
scenarios/p1-goss-1989/fig2b-r1_4.json,586,4696101168653993045,2d9334e041e39fbd,e6772ffc6fea09e7,0.202
scenarios/p1-goss-1989/fig2b-r1_4.json,587,14630068025031577909,87b0513e609905b9,ddbf262e2c9f2281,0.974
scenarios/p1-goss-1989/fig2b-r1_4.json,588,10552896147812226685,c5dd9ec4b5d9aa12,60c8f836908f3527,0.392
scenarios/p1-goss-1989/fig2b-r1_4.json,589,8746562498193646997,d7f244136c474d23,4e8eb337339ada66,0.892
scenarios/p1-goss-1989/fig2b-r1_4.json,590,9684875470269061267,1eeb5d7f9064d27e,a683a05c8d0939a7,0.678
scenarios/p1-goss-1989/fig2b-r1_4.json,591,18427262853093947270,b91d4a454de3e6b6,87447adbecdf1dbd,0.126
scenarios/p1-goss-1989/fig2b-r1_4.json,592,2935515589054219938,b398b715f9937763,0c14750289f221e5,0.572
scenarios/p1-goss-1989/fig2b-r1_4.json,593,3476210703515354680,f09826595b5add22,bc347712559c9554,0.978
scenarios/p1-goss-1989/fig2b-r1_4.json,594,4807626326358715603,8a735bb6466a15b9,864ee41bd024ea56,0.986
scenarios/p1-goss-1989/fig2b-r1_4.json,595,6897335644955464307,dc5f909c191b20dd,f73d927339257cd1,0.846
scenarios/p1-goss-1989/fig2b-r1_4.json,596,4801026157752466139,ad172e337815cb72,de72ea7854f40830,0.084
scenarios/p1-goss-1989/fig2b-r1_4.json,597,4066662320146974299,cc1517b58b9585b0,a0510cc27d48214c,0.07
scenarios/p1-goss-1989/fig2b-r1_4.json,598,18400238563729200335,e1e63d06300124e6,03b68f1c7099f61f,0.864
scenarios/p1-goss-1989/fig2b-r1_4.json,599,8367829410769552368,e3adfc10c0ccc2ec,57ec1e7a7ae83dc7,0.86
scenarios/p1-goss-1989/fig2b-r1_4.json,600,1001443778806394809,2d70c262aa8f4014,31cf5a44f2e1320a,0.99
scenarios/p1-goss-1989/fig2b-r1_4.json,601,5262052542080415690,ee0c297a7fad7343,67632b032aca79ca,0.118
scenarios/p1-goss-1989/fig2b-r1_4.json,602,13277367726539371385,26f19f99bd018968,05a140f22e6cf364,0.126
scenarios/p1-goss-1989/fig2b-r1_4.json,603,16585507423574499082,1357af5e0bc3979d,d763b662809f0eea,0.992
scenarios/p1-goss-1989/fig2b-r1_4.json,604,8836911975462638018,64113e56a14a37bf,b85e0e54fdd4b92e,0.178
scenarios/p1-goss-1989/fig2b-r1_4.json,605,982408263897503458,fdc1bbababc3809e,c5b10010dc6eb0d0,0.566
scenarios/p1-goss-1989/fig2b-r1_4.json,606,12796086591573544470,d22a1f7357439439,b29cdb27c29da5b1,0.984
scenarios/p1-goss-1989/fig2b-r1_4.json,607,4153339286332822516,7fc9f22349a88dd1,ebac7e9267b8bd85,0.982
scenarios/p1-goss-1989/fig2b-r1_4.json,608,17909045389311797073,da9b0b92ff09f07c,724c71580e78401d,0.042
scenarios/p1-goss-1989/fig2b-r1_4.json,609,13681381032398129597,8713befb2adf59e9,846a1b5fe6db15ff,0.96
scenarios/p1-goss-1989/fig2b-r1_4.json,610,15948776164487323372,951a7d8c625813d5,8920b29a34254532,0.918
scenarios/p1-goss-1989/fig2b-r1_4.json,611,3998791309230900505,3c15e2dbd85bf42f,ea12df23b5e870ff,0.992
scenarios/p1-goss-1989/fig2b-r1_4.json,612,4967031779290712574,a6668eacd2bbdcbe,a6d68b593aef0f74,0.908
scenarios/p1-goss-1989/fig2b-r1_4.json,613,5639785285520674825,f9fd181dc59f4531,b59f354c1e4567f4,0.586
scenarios/p1-goss-1989/fig2b-r1_4.json,614,6719850182731116084,c51302989b9dea90,0819c9fc2ef27b8d,0.988
scenarios/p1-goss-1989/fig2b-r1_4.json,615,15467497088999715209,b14420986f65d9e8,26d91158048f606d,0.148
scenarios/p1-goss-1989/fig2b-r1_4.json,616,12186047661400872122,abfa4753b2629f28,4738310cff3937c2,0.3
scenarios/p1-goss-1989/fig2b-r1_4.json,617,16919738582681734254,9dfd891bb5256cd6,a3eed7cc2af66ec3,0.73
scenarios/p1-goss-1989/fig2b-r1_4.json,618,4724544201252324703,30b3c7ab6b848252,521cb623be73c253,0.094
scenarios/p1-goss-1989/fig2b-r1_4.json,619,9115503856023397108,7120d4e392d3935c,9a98ba2bf3e63c6f,0.02
scenarios/p1-goss-1989/fig2b-r1_4.json,620,7135788137240527263,d1050e5a9a4235cb,6847fb1102090d96,0.964
scenarios/p1-goss-1989/fig2b-r1_4.json,621,13399568203364821740,554eb44e4d90556a,2066a497af27342b,0.976
scenarios/p1-goss-1989/fig2b-r1_4.json,622,7605394569466832063,4640627bbe1193d5,81bedcfd94545286,0.074
scenarios/p1-goss-1989/fig2b-r1_4.json,623,6234229128643276450,4429fd008e5573f0,eccd815d49591171,0.966
scenarios/p1-goss-1989/fig2b-r1_4.json,624,2076155304412069611,a2b8c1cba7cba5c6,de9520b148155dac,0.108
scenarios/p1-goss-1989/fig2b-r1_4.json,625,15249158736972379463,a3e7312440fbf0b3,1a40b00ffc0b4944,0.848
scenarios/p1-goss-1989/fig2b-r1_4.json,626,18279040282290407621,ce88bada73bab495,834eb7155278e253,0.214
scenarios/p1-goss-1989/fig2b-r1_4.json,627,14328093099966315122,f6860d034a8f6bca,f5a0b502e99ffae2,0.3
scenarios/p1-goss-1989/fig2b-r1_4.json,628,16410157649919231025,3390b5ea2dd17d35,cd40f263f798bc6b,0.926
scenarios/p1-goss-1989/fig2b-r1_4.json,629,13023248948568387421,587d40aa889e29db,d1f5aefd5e971793,0.766
scenarios/p1-goss-1989/fig2b-r1_4.json,630,6447604449890517771,07b1a4ebfceae599,c5ba3ff745f8f7c0,0.984
scenarios/p1-goss-1989/fig2b-r1_4.json,631,8054754531503100123,cfec484e79bcee15,9eb78b6ca4251d52,0.962
scenarios/p1-goss-1989/fig2b-r1_4.json,632,4909358717304754610,b7febdf337306c14,d86ba11601a17e89,0.186
scenarios/p1-goss-1989/fig2b-r1_4.json,633,1040604466828436932,ad5f3f2200c9564a,12602095db7bc56a,0.778
scenarios/p1-goss-1989/fig2b-r1_4.json,634,17041926186937768678,72c68e68ee7f9f29,f812add840b96b46,0.076
scenarios/p1-goss-1989/fig2b-r1_4.json,635,8640020884552847384,fb0e0588d7ed4e54,84825acfca49537b,0.37
scenarios/p1-goss-1989/fig2b-r1_4.json,636,12224148185537193722,2389181ce7bf4a0a,03025a023a7d79b4,0.864
scenarios/p1-goss-1989/fig2b-r1_4.json,637,6006860775662147852,53584f48385c3fcd,edf54ad900f78549,0.636
scenarios/p1-goss-1989/fig2b-r1_4.json,638,12969591638117153753,29cd3ad73ababf67,f5756b964eeb7400,0.022
scenarios/p1-goss-1989/fig2b-r1_4.json,639,18216564763597029625,4240e8690f5625a3,ad7e2893ab7bb36e,0.974
scenarios/p1-goss-1989/fig2b-r1_4.json,640,10904162425042416662,7cafbd5ba69f6aaa,e94ea8f97ac34543,0.8
scenarios/p1-goss-1989/fig2b-r1_4.json,641,14102567777790888340,9b2b1211e816d769,0e6ab88990513482,0.066
scenarios/p1-goss-1989/fig2b-r1_4.json,642,3350915662794266983,9f0d1b060dc9dcb7,6c95ae5003a70371,0.226
scenarios/p1-goss-1989/fig2b-r1_4.json,643,18152291830707668063,ae815ad900bf6b3e,d75c3668559d295a,0.562
scenarios/p1-goss-1989/fig2b-r1_4.json,644,10473851473268058397,f0ad3a47a23c1455,46caeb9fbf916d5f,0.062
scenarios/p1-goss-1989/fig2b-r1_4.json,645,10567956396215590628,1721ba9535d50e6b,41e9f4df1dc5cad0,0.12
scenarios/p1-goss-1989/fig2b-r1_4.json,646,5953098040279953912,6f4d6dcbf760e954,8b42b3a7c4b868a4,0.95
scenarios/p1-goss-1989/fig2b-r1_4.json,647,14470025069504682830,aec8706190428946,803909d217cbed0c,0.876
scenarios/p1-goss-1989/fig2b-r1_4.json,648,7531526637989145774,9145c589a47ea935,e8e1f610f1bd2efb,0.506
scenarios/p1-goss-1989/fig2b-r1_4.json,649,17018489949445281854,f37fb42365398665,7cdf8147359fdff1,0.89
scenarios/p1-goss-1989/fig2b-r1_4.json,650,4543549946749615346,a1dce52fa297ef9c,09d1ebedcb1d2fbf,0.11
scenarios/p1-goss-1989/fig2b-r1_4.json,651,1062165001243707131,fb9103694e674798,8d50f984df7ecfe9,0.494
scenarios/p1-goss-1989/fig2b-r1_4.json,652,18431676897771197383,4bdbb377340e2640,64e0c4b38a3eed64,0.938
scenarios/p1-goss-1989/fig2b-r1_4.json,653,209446337761673280,f5b1f7abdf315a0c,cf88e92bed7dbf11,0.986
scenarios/p1-goss-1989/fig2b-r1_4.json,654,5345289336800861109,8ef6c983dfe70118,82e4cd6003acc67f,0.866
scenarios/p1-goss-1989/fig2b-r1_4.json,655,16000503720249786164,5e94f0607102fdb4,25f15556555b7350,0.89
scenarios/p1-goss-1989/fig2b-r1_4.json,656,17874653542471453399,537598d622eea07c,39283b8c4a888c03,0.798
scenarios/p1-goss-1989/fig2b-r1_4.json,657,7959687915640314393,dd5ac35baae6fd2e,68468efaad1e5916,0.916
scenarios/p1-goss-1989/fig2b-r1_4.json,658,13867166618823610095,9949183e4003a284,f791509dc2cda143,0.782
scenarios/p1-goss-1989/fig2b-r1_4.json,659,7904479072538546227,b733b5c0362c2a4c,5ee352ae61d896ee,0.274
scenarios/p1-goss-1989/fig2b-r1_4.json,660,17319973536943941208,0980bbf78b21a380,562b3d6346339c86,0.978
scenarios/p1-goss-1989/fig2b-r1_4.json,661,357525567535997573,c3c080c015219bdf,b6d8c0da3f068706,0.962
scenarios/p1-goss-1989/fig2b-r1_4.json,662,14739213022944418184,c1fe795cd3ad8fbb,f304163dd13a3f76,0.006
scenarios/p1-goss-1989/fig2b-r1_4.json,663,15066382397283815103,fe3b42865b2581e9,d6430035d071b718,0.224
scenarios/p1-goss-1989/fig2b-r1_4.json,664,1164529944696042829,29a77898d63da6cc,ddee5c9ae3543382,0.918
scenarios/p1-goss-1989/fig2b-r1_4.json,665,7478882441546529549,15929b5a038bcee9,71957798ebc840f8,0.966
scenarios/p1-goss-1989/fig2b-r1_4.json,666,12777397165603186765,8031c8ae5f119c39,dfdf91e552dcc561,0.978
scenarios/p1-goss-1989/fig2b-r1_4.json,667,2180467431793952004,5352f532c32b0c9b,f2fcd4dcb1a43107,0.15
scenarios/p1-goss-1989/fig2b-r1_4.json,668,7665477664729950651,52347a02dcc19e08,142a6ad07d370372,0.904
scenarios/p1-goss-1989/fig2b-r1_4.json,669,10330259746403321845,b98cb7d408e19a80,9eeec90e8abfe36a,0.894
scenarios/p1-goss-1989/fig2b-r1_4.json,670,12356498522511124702,f5bff6c8b087494c,e0d945eae14605a3,0.864
scenarios/p1-goss-1989/fig2b-r1_4.json,671,4690362479566176944,9659df1b50c7517f,d6b66304d7c79559,0.022
scenarios/p1-goss-1989/fig2b-r1_4.json,672,8325883137969908489,9d563ce7826a05b6,8528474f46adfa2b,0.5
scenarios/p1-goss-1989/fig2b-r1_4.json,673,14135815814066645465,5c6ec01efb01c89a,3f0bd1214abc1512,0.998
scenarios/p1-goss-1989/fig2b-r1_4.json,674,7380906549613616995,fe399c234b060abb,ebe5ea6b22e136f3,0.994
scenarios/p1-goss-1989/fig2b-r1_4.json,675,5116450676387232365,42c0c54185ce3fce,0cec02ebb9c8f68a,0.416
scenarios/p1-goss-1989/fig2b-r1_4.json,676,7809451177373313338,1b0966494e3094a7,b9a2abc670478bc8,0.732
scenarios/p1-goss-1989/fig2b-r1_4.json,677,17188360565969603911,189cbd488bf5cc79,6692a00bb30c85a5,0.638
scenarios/p1-goss-1989/fig2b-r1_4.json,678,10215230420319371894,e8f25e71202deb3f,aa35b59fa28ac943,0.9
scenarios/p1-goss-1989/fig2b-r1_4.json,679,6045316276316736732,075bd3f4d422b79f,c83ba700db86b30f,0.988
scenarios/p1-goss-1989/fig2b-r1_4.json,680,16753722256582108128,2495fb89569cdf6d,42a606c82160bbe4,0.908
scenarios/p1-goss-1989/fig2b-r1_4.json,681,438647948761861069,825e54397f1ed9f7,bcb4878036c6a586,0.992
scenarios/p1-goss-1989/fig2b-r1_4.json,682,12611254196655623033,bde5fde3a114ec40,4540264edd7ad6a7,0.016
scenarios/p1-goss-1989/fig2b-r1_4.json,683,12536453971163026896,cb26b60bacbfdeb4,0f591a703958dbc8,0.982
scenarios/p1-goss-1989/fig2b-r1_4.json,684,3231387108054252052,5e0aa0e027f76b4d,6ea7bdb1d5cb31fc,0.97
scenarios/p1-goss-1989/fig2b-r1_4.json,685,9625085997031958806,fa0d6dbd8eeb290e,a95abe1e73cbdece,0.342
scenarios/p1-goss-1989/fig2b-r1_4.json,686,12666189653412173571,1752ccd495361d14,0e0e679e803bf695,0.096
scenarios/p1-goss-1989/fig2b-r1_4.json,687,17768986462658657696,e6d47913b788fb3c,5cb5ac63d83b3058,0.136
scenarios/p1-goss-1989/fig2b-r1_4.json,688,12245805235699483743,d1b6a736d2f2041a,91a8af68e4f19feb,0.018
scenarios/p1-goss-1989/fig2b-r1_4.json,689,3331635295929128539,e511e4602bd73163,c466b2b9f2be7548,0.722
scenarios/p1-goss-1989/fig2b-r1_4.json,690,10594295833453332370,b254c9b48332dae1,b78c6c5808824f94,0.932
scenarios/p1-goss-1989/fig2b-r1_4.json,691,3934750112844996343,9fa68ebe7d7f6bd5,b5eee6d4b7aaf08f,0.01
scenarios/p1-goss-1989/fig2b-r1_4.json,692,17460877436373842487,e1a24bd393a93e63,b097ff683e6be6e9,0.986
scenarios/p1-goss-1989/fig2b-r1_4.json,693,17824784444259333300,494822114946c8a8,0bbaa18133fba6ee,0.224
scenarios/p1-goss-1989/fig2b-r1_4.json,694,3614957661173179801,1409c27a40bcbc45,15fede69d38131ce,0.884
scenarios/p1-goss-1989/fig2b-r1_4.json,695,4120019246857535680,e9d8653411e7b56a,c66f6cca3a6697e5,0.998
scenarios/p1-goss-1989/fig2b-r1_4.json,696,9609385738465022432,8cd55436911b7d9d,e3133b9b1d5e9a87,0.888
scenarios/p1-goss-1989/fig2b-r1_4.json,697,12241933111971139866,abb54219acb4ce83,ddd9a194ae3bc0a0,0.782
scenarios/p1-goss-1989/fig2b-r1_4.json,698,2466936904437485178,06980602eabbb1d5,2b55e8e71045e416,0.886
scenarios/p1-goss-1989/fig2b-r1_4.json,699,16694704061812062984,b7ecfacd921496d1,0d7ef25b74121764,0.744
scenarios/p1-goss-1989/fig2b-r1_4.json,700,4917846372815001163,7c7971e65997ef1a,92c0cd3a69646c28,0.558
scenarios/p1-goss-1989/fig2b-r1_4.json,701,5221096574305014119,b6c83c5a3396a103,278806b9e60cbfdd,0.966
scenarios/p1-goss-1989/fig2b-r1_4.json,702,3024246386724012550,99b0e8f020af7e70,c57b8ecf183cbf5f,0.088
scenarios/p1-goss-1989/fig2b-r1_4.json,703,7428507321532527308,e6e2bfeff1599291,28c9d039ecc6ecaf,0.912
scenarios/p1-goss-1989/fig2b-r1_4.json,704,778049992899976983,4222507667dd0e05,d080606ee4808a99,0.986
scenarios/p1-goss-1989/fig2b-r1_4.json,705,10831736753129060383,ad5bea08648ccb3e,f08ba4fa81fe87af,0.996
scenarios/p1-goss-1989/fig2b-r1_4.json,706,9662016827424691325,2bffcbfc2eeb918f,8e6396e9b9a4f7e3,0.154
scenarios/p1-goss-1989/fig2b-r1_4.json,707,11856718926022349875,f3d64d0aa8e3ed60,52aa43f83f939d3a,0.974
scenarios/p1-goss-1989/fig2b-r1_4.json,708,12650315631533552740,8817c4de88cad0e2,10af6fb581c80398,0.092
scenarios/p1-goss-1989/fig2b-r1_4.json,709,5454873511431784858,9ec4594dff2a0aca,003f99ffd0293a38,0.898
scenarios/p1-goss-1989/fig2b-r1_4.json,710,7410915743138962298,e190bc7a10683d0e,3e5ad14813f4f4f5,0.462
scenarios/p1-goss-1989/fig2b-r1_4.json,711,9032214228749151197,c9bf49e58d0026f9,e840367a0509b43a,0.006
scenarios/p1-goss-1989/fig2b-r1_4.json,712,15791676864525775389,fc920003ed32438c,7b1ac8c3d9df23d0,0.116
scenarios/p1-goss-1989/fig2b-r1_4.json,713,8304014180806795977,6d4c4d273705d708,ece6909df3220cb0,0.952
scenarios/p1-goss-1989/fig2b-r1_4.json,714,13311003272462145256,d6f2219599e4074b,5443932916d0d0e4,0.166
scenarios/p1-goss-1989/fig2b-r1_4.json,715,9588525459979893023,c4e29a4e3b48e590,733fa58af798b496,0.894
scenarios/p1-goss-1989/fig2b-r1_4.json,716,10824775023675030494,12d191dadd355abc,1126917dc9cbe6d8,0.034
scenarios/p1-goss-1989/fig2b-r1_4.json,717,3821512943443291807,ad2cca48822de79f,b8c26af446b89097,0.86
scenarios/p1-goss-1989/fig2b-r1_4.json,718,9544057864913838446,20b489c7b86cc580,ff65cf6b7879e3da,0.906
scenarios/p1-goss-1989/fig2b-r1_4.json,719,7418308593725266259,839f83e4f83df9c1,1de30c4eb544c8f7,0.782
scenarios/p1-goss-1989/fig2b-r1_4.json,720,1989248076308639233,9a2ad05b46654b3c,6b9ed2a5c5b4ec69,0.966
scenarios/p1-goss-1989/fig2b-r1_4.json,721,2328898171585604789,9362153084369cfb,676c2779efacaed8,0.466
scenarios/p1-goss-1989/fig2b-r1_4.json,722,11911226974706816937,13a6b388e40d1a89,6ae191d7184b3738,0.64
scenarios/p1-goss-1989/fig2b-r1_4.json,723,15229804682990843194,b5ab90c77f97ed3b,88da7f9eb08e601a,0.064
scenarios/p1-goss-1989/fig2b-r1_4.json,724,5059586485695733150,dec77956a41c2ea3,9513a9fd879a5a1e,0.98
scenarios/p1-goss-1989/fig2b-r1_4.json,725,14569027763556502139,4c316c44e89758c8,1598c876297f35e4,0.11
scenarios/p1-goss-1989/fig2b-r1_4.json,726,776447675466679316,2550da220185fc37,97b51d049821f1db,0.978
scenarios/p1-goss-1989/fig2b-r1_4.json,727,5080398344103118457,d22b72ec8528bb2a,11ad6f4553dd1662,0.068
scenarios/p1-goss-1989/fig2b-r1_4.json,728,311538561170184603,ca95886a451e7eb6,7f3df34a42887254,0.966
scenarios/p1-goss-1989/fig2b-r1_4.json,729,2293300393046378827,14028557df81a579,92c6fd074f5f09cc,0.998
scenarios/p1-goss-1989/fig2b-r1_4.json,730,16910162044051704501,30ec928211fa44f7,9840069e42e2bdf1,0.906
scenarios/p1-goss-1989/fig2b-r1_4.json,731,16634465278146186727,f8ce33d33bcb9659,4fe3a533d404d388,0.198
scenarios/p1-goss-1989/fig2b-r1_4.json,732,2174550663826809830,ea371c05ad8789c4,dbf607bb30329d53,0.878
scenarios/p1-goss-1989/fig2b-r1_4.json,733,10670575364718022354,1c74e492ce0d1aa2,1ea823f63507f21e,0.972
scenarios/p1-goss-1989/fig2b-r1_4.json,734,8461800307638145454,692d75aaaf232a5f,01b715b28d6e0350,0.976
scenarios/p1-goss-1989/fig2b-r1_4.json,735,11778460834395979930,605616f8295cf062,9cf29c839e18d2f8,0.078
scenarios/p1-goss-1989/fig2b-r1_4.json,736,6508972623361918467,0107cec04678614e,730647d6b40398c9,0.982
scenarios/p1-goss-1989/fig2b-r1_4.json,737,11931811388879809345,7d828ada283391bd,41e39f316fc7b2d7,0.376
scenarios/p1-goss-1989/fig2b-r1_4.json,738,16519594378080328903,71077019afca9f96,f46e0fc2d0889ac2,0.916
scenarios/p1-goss-1989/fig2b-r1_4.json,739,17841530108547878973,1be2a4f4cb33ba56,d2022213aaf7668d,0.956
scenarios/p1-goss-1989/fig2b-r1_4.json,740,17515867424132055932,ca257f3d91a0a7ee,86c5546a0dfa2029,0.122
scenarios/p1-goss-1989/fig2b-r1_4.json,741,14611441104631091491,911b7ff8ca0d60fb,039e355310d79cb2,0.984
scenarios/p1-goss-1989/fig2b-r1_4.json,742,14231063413154171475,f92364a0657cb3ae,74fd9b58077cd6d8,0.962
scenarios/p1-goss-1989/fig2b-r1_4.json,743,1945709929592865485,5a30c462f0bf7c51,eb9aa644bcb5ca11,0.342
scenarios/p1-goss-1989/fig2b-r1_4.json,744,16600080904289784572,51095570b6a6b1d6,3c3276472fc426cc,0.92
scenarios/p1-goss-1989/fig2b-r1_4.json,745,2978873715263796634,f71d57b3017482ea,87be7e97973ef6db,0.876
scenarios/p1-goss-1989/fig2b-r1_4.json,746,15152269312511772352,59636bad67f574de,91bccaf2aaccdd49,0.014
scenarios/p1-goss-1989/fig2b-r1_4.json,747,10079083261158691070,4add4d0dbe5e9b91,66618f79321336c0,0.984
scenarios/p1-goss-1989/fig2b-r1_4.json,748,13615882257086891466,1d10257c0e6f6b7b,901a3c545a01086e,0.214
scenarios/p1-goss-1989/fig2b-r1_4.json,749,11800014552277733891,50a87e0439f28549,b9de24d40a7ff646,0.924
scenarios/p1-goss-1989/fig2b-r1_4.json,750,3593032205251222080,1812884e628e057f,bf066ed9518092c7,0.112
scenarios/p1-goss-1989/fig2b-r1_4.json,751,6137441176856227657,c087b49041838662,d619c9eeb73f185f,0.154
scenarios/p1-goss-1989/fig2b-r1_4.json,752,7960184758715162359,8a7db379ab02ede9,66a1eca9df61636e,0.972
scenarios/p1-goss-1989/fig2b-r1_4.json,753,1628090215651118520,6b0b209e5dad59e4,3d8d83b740b05b8a,0.982
scenarios/p1-goss-1989/fig2b-r1_4.json,754,13837941769013604972,cd67fad03eede064,55d284f9e782e616,0.894
scenarios/p1-goss-1989/fig2b-r1_4.json,755,16012754504961819122,01b89f447c5eded4,06002e563cce2d49,0.948
scenarios/p1-goss-1989/fig2b-r1_4.json,756,12989493488736429123,fa3d9ab677de1441,3362e8123ebdac22,0.934
scenarios/p1-goss-1989/fig2b-r1_4.json,757,13784153782961037870,b0077200ee4070ca,9270163ad9e4b91d,0.16
scenarios/p1-goss-1989/fig2b-r1_4.json,758,8766345928241463920,a17d75759da53b2d,dc1cf1247afe2ded,0.514
scenarios/p1-goss-1989/fig2b-r1_4.json,759,4597087570159049111,df06f3ca2dbf03c9,1269be9d5ac7c087,0.468
scenarios/p1-goss-1989/fig2b-r1_4.json,760,15422549223523936887,d42f6a8975ed7706,3c3664e4f76f6b06,0.862
scenarios/p1-goss-1989/fig2b-r1_4.json,761,17962656280014518552,cf287457f9688d8c,1c6fc06104720d09,0.058
scenarios/p1-goss-1989/fig2b-r1_4.json,762,9348938719692976590,386e5c672eabae51,6a4f169284c0bba6,0.18
scenarios/p1-goss-1989/fig2b-r1_4.json,763,11629421505856201606,0f48e266da857978,72ca0c1ea411e783,0.98
scenarios/p1-goss-1989/fig2b-r1_4.json,764,690122638525687609,ad9697bcfebb41c6,5b4bc98d615230c3,0.372
scenarios/p1-goss-1989/fig2b-r1_4.json,765,6369167743019645983,e251a44cebd2071f,f39b1dbed3d0d5f4,0.056
scenarios/p1-goss-1989/fig2b-r1_4.json,766,15094399127113449179,9495260f4b4e25e3,af673cfb3f534797,0.89
scenarios/p1-goss-1989/fig2b-r1_4.json,767,5964217632901550864,9a59fa0ab76c5d3b,ab597ce282b0ddb7,0.906
scenarios/p1-goss-1989/fig2b-r1_4.json,768,5088631380002041068,14f2ee0d4b3fdf69,03b46cd512e6906c,0.964
scenarios/p1-goss-1989/fig2b-r1_4.json,769,17470856769308700929,4bfb3a41a18072d5,89980ecc21622ae2,0.904
scenarios/p1-goss-1989/fig2b-r1_4.json,770,3176894236041334040,aca09e99317b00f3,e6b6b731a4778758,0.97
scenarios/p1-goss-1989/fig2b-r1_4.json,771,1530559797766047149,94366c524e22f731,20f4ccd4d4fe39dd,0.098
scenarios/p1-goss-1989/fig2b-r1_4.json,772,62123094059529163,71aecc674235ae55,319f81a88faa866c,0.028
scenarios/p1-goss-1989/fig2b-r1_4.json,773,3637873546341480903,1c9d4538ddabf2a0,6e19c1705e0cc901,0.016
scenarios/p1-goss-1989/fig2b-r1_4.json,774,2361632251708496666,6eaeedaa22e8b7c7,17f7a59f7faeea3f,0.038
scenarios/p1-goss-1989/fig2b-r1_4.json,775,7722164507766231215,22f684bbc1b58530,82245109154ccd51,0.106
scenarios/p1-goss-1989/fig2b-r1_4.json,776,2866034804384559274,1041fd71bbbc190f,40311bba0f42ad81,0.994
scenarios/p1-goss-1989/fig2b-r1_4.json,777,4368447085153685080,80a68813ede8f5a2,b8e6504bd7b04804,0.99
scenarios/p1-goss-1989/fig2b-r1_4.json,778,7218257917437606678,b1f3916dbe8a912a,1cd333a0e531946f,0.154
scenarios/p1-goss-1989/fig2b-r1_4.json,779,392630996931140244,c84533dd632616ef,f21b83ec6c69932a,0.898
scenarios/p1-goss-1989/fig2b-r1_4.json,780,13036519591421510515,65910993e4bcbf29,06e0ce4de0cc6819,0.1
scenarios/p1-goss-1989/fig2b-r1_4.json,781,13600620298775881096,d45f8c9cb783e565,d2bb37bf10828609,0.488
scenarios/p1-goss-1989/fig2b-r1_4.json,782,10758508354372184585,0e32935560d83bd9,023ed756a7d46e5c,0.202
scenarios/p1-goss-1989/fig2b-r1_4.json,783,8548921978480998150,4df529deb6bcb19f,b363ff4eb30a4c91,0.01
scenarios/p1-goss-1989/fig2b-r1_4.json,784,6353725771742945049,b048e9cf9c69fc16,558f32c01a9d7d9b,0.94
scenarios/p1-goss-1989/fig2b-r1_4.json,785,10397994103142108533,a23f5fa7201b8c42,7205b6a2b2486570,0.892
scenarios/p1-goss-1989/fig2b-r1_4.json,786,8828983343883877527,ec70a695dfd71ecb,2b9cabbc7876d40c,0.954
scenarios/p1-goss-1989/fig2b-r1_4.json,787,13065299625535770445,ec2a9ce00a612ab1,35881a28c11277ac,0.004
scenarios/p1-goss-1989/fig2b-r1_4.json,788,4113694463486778214,acdccf84048843ff,8de92adda07756f7,0.972
scenarios/p1-goss-1989/fig2b-r1_4.json,789,7916923185396810122,d12ec66bce99438f,260d0a1e3cc2c7ea,0.982
scenarios/p1-goss-1989/fig2b-r1_4.json,790,10782802178013680074,61d46c6fc3764e08,9f9eb965e51fae4d,0.74
scenarios/p1-goss-1989/fig2b-r1_4.json,791,15005668749359472639,8db0e4e677662606,aef8177456a1f5d4,0.15
scenarios/p1-goss-1989/fig2b-r1_4.json,792,16409243696248755089,a73af99178fadad3,ee70737602c01bbb,0.982
scenarios/p1-goss-1989/fig2b-r1_4.json,793,15076828546853185755,700717d547b005ae,879acbb4444a5894,0.064
scenarios/p1-goss-1989/fig2b-r1_4.json,794,17694201670178986411,0137a74ebe2df4bc,50f0308e2df7e8ff,0.958
scenarios/p1-goss-1989/fig2b-r1_4.json,795,5118119216557860525,c7761994d27fa834,1dfdbef4bdb817b1,0.94
scenarios/p1-goss-1989/fig2b-r1_4.json,796,7653829197933801169,855141d05325fe52,2807b49cee8f80dc,0.032
scenarios/p1-goss-1989/fig2b-r1_4.json,797,782928877598970917,18d332ce23105f7b,30d94216f54c8953,0.05
scenarios/p1-goss-1989/fig2b-r1_4.json,798,7104526579970431779,fb2906f8c380730b,c51a44b425ea3777,0.992
scenarios/p1-goss-1989/fig2b-r1_4.json,799,17356169353544243761,cb5506f6883288ff,2668d13c2a48a12f,0.97
scenarios/p1-goss-1989/fig2b-r1_4.json,800,13080548324162306769,c4632667cdc98df9,6dfaac2c0d57925b,0.962
scenarios/p1-goss-1989/fig2b-r1_4.json,801,16769679323157959210,872531c4068984a7,285675f0700e598c,0.912
scenarios/p1-goss-1989/fig2b-r1_4.json,802,18350189214222719053,1f620e61db92cdc4,13111524977d88d7,0.372
scenarios/p1-goss-1989/fig2b-r1_4.json,803,13281247869618180451,b026ecfc0781b8fb,2e4ce6919540546b,1
scenarios/p1-goss-1989/fig2b-r1_4.json,804,2037638068787921940,518d9a92637eeae0,7c5949427a6fdf5a,0.778
scenarios/p1-goss-1989/fig2b-r1_4.json,805,18382158439483883738,396e5162276c4c66,45db509a61dade88,0.314
scenarios/p1-goss-1989/fig2b-r1_4.json,806,7855496493401853399,e2c8f43ce0bb99ef,c6e70320f8e246af,0.944
scenarios/p1-goss-1989/fig2b-r1_4.json,807,4789177997194017892,a939510452015744,8d60bf7a61c31275,0.012
scenarios/p1-goss-1989/fig2b-r1_4.json,808,12255632084243709612,e401f22f350fcd66,2a7d3c2c365572e0,0.06
scenarios/p1-goss-1989/fig2b-r1_4.json,809,10505089717378992897,3841057f693eaed2,8779e2a730fcb09f,0.026
scenarios/p1-goss-1989/fig2b-r1_4.json,810,3849799175510133174,b6b466a5ca5500b0,bacac1b641fe7d77,0.044
scenarios/p1-goss-1989/fig2b-r1_4.json,811,17461858948362074090,5fb7d8407b6a2253,03179440d5ca96f9,0.438
scenarios/p1-goss-1989/fig2b-r1_4.json,812,14702666244508977043,a56d80bbf5a2c3f1,5aea424fd112aa62,0.97
scenarios/p1-goss-1989/fig2b-r1_4.json,813,5009672215940779253,f974c7dd8266e186,e4a4574f1f0d0722,0.952
scenarios/p1-goss-1989/fig2b-r1_4.json,814,3304738723862630091,907ea4d5ec0c08c3,747e7c56ff2b98a7,0.428
scenarios/p1-goss-1989/fig2b-r1_4.json,815,332076052979834246,a26ad559c0f3e4e0,937984a6d33923c7,0.996
scenarios/p1-goss-1989/fig2b-r1_4.json,816,9581114083953722881,ad2ed70c0aa3c1b9,f441d297bf50f9ea,0.068
scenarios/p1-goss-1989/fig2b-r1_4.json,817,13022303482386741625,9140ecaf4e3e9ffe,455652b10b9ba566,0.978
scenarios/p1-goss-1989/fig2b-r1_4.json,818,8690665320566070374,0a6e208ea7a4d1fb,a9df0bf2aad8e2a9,0.084
scenarios/p1-goss-1989/fig2b-r1_4.json,819,16479669404264035292,aa3ff128fd0bb5c6,8b27e946891f7a2f,0.892
scenarios/p1-goss-1989/fig2b-r1_4.json,820,919086139885248065,e13b91d769b9e200,b2f741be4bb4f097,0.026
scenarios/p1-goss-1989/fig2b-r1_4.json,821,14272339284739217785,d09c577cffbcfe38,7b126676c410c4e1,0.09
scenarios/p1-goss-1989/fig2b-r1_4.json,822,15447854759791126776,3c51b6000c646c3f,63d761dc154a4ca0,0.398
scenarios/p1-goss-1989/fig2b-r1_4.json,823,7848696121138058364,3e94bbc8996ada31,266bd9b4822d741d,0.574
scenarios/p1-goss-1989/fig2b-r1_4.json,824,9684669283889008852,c5694b41bb217831,5111246fe0239dd5,0.026
scenarios/p1-goss-1989/fig2b-r1_4.json,825,9562618662074267613,14bddcef6da104bb,0bb9c331b6b16acc,0.484
scenarios/p1-goss-1989/fig2b-r1_4.json,826,5563849073450743408,f7db75a9fa03e459,b6a043a28d1f4405,0.982
scenarios/p1-goss-1989/fig2b-r1_4.json,827,3306255790360856177,60386f70274c5faf,3424b31713659830,0.574
scenarios/p1-goss-1989/fig2b-r1_4.json,828,12093520254490284616,05cfa4efa21be429,b38a9a2cae53ead1,0.972
scenarios/p1-goss-1989/fig2b-r1_4.json,829,11237316401183254334,e6d950947e19f28e,e2a77521054278cf,0.014
scenarios/p1-goss-1989/fig2b-r1_4.json,830,12281639908672265313,ae9aabfce7be3c6c,0ff91edcbda38ce3,0.982
scenarios/p1-goss-1989/fig2b-r1_4.json,831,4688562324919849096,5ea905c168a1a549,c0649c2f412445f5,0.426
scenarios/p1-goss-1989/fig2b-r1_4.json,832,1183275370184940808,c66890f9044be391,a5df0967e8cc6bb3,0.406
scenarios/p1-goss-1989/fig2b-r1_4.json,833,4950422333372850641,b0f65a40ed994f10,f4f9e3f9372cc569,0.494
scenarios/p1-goss-1989/fig2b-r1_4.json,834,3501113784312414979,42b01a2f33828073,53bd0e2f4ee03909,0.272
scenarios/p1-goss-1989/fig2b-r1_4.json,835,15427519945800281393,1a69354c992fc514,ffa65195ae8856c5,0.984
scenarios/p1-goss-1989/fig2b-r1_4.json,836,61800379266750022,c879e059ecb0bd55,1a762581f24a30a3,0.902
scenarios/p1-goss-1989/fig2b-r1_4.json,837,16660710541930060226,b9d6151ad99f5b70,2c9f49955c1e7c8b,0.986
scenarios/p1-goss-1989/fig2b-r1_4.json,838,2287353585661966509,80fe225bb92bb930,c24d35d11edf0523,0.72
scenarios/p1-goss-1989/fig2b-r1_4.json,839,7091126318432697631,4f045bab6198ecca,2baac2e4662f5ae3,0.418
scenarios/p1-goss-1989/fig2b-r1_4.json,840,1345325359239413663,26ec453f9e072825,163adb8f032d6a6f,0.788
scenarios/p1-goss-1989/fig2b-r1_4.json,841,13291646380700944998,a66f930d745d3d04,4dba061a5415005f,0.814
scenarios/p1-goss-1989/fig2b-r1_4.json,842,5726344490582222229,16506483f8e49f6d,fbda70550ac60f08,0.024
scenarios/p1-goss-1989/fig2b-r1_4.json,843,11053709314650534767,2b11bf6ad989f591,4dae1ebaf462ddb8,0.016
scenarios/p1-goss-1989/fig2b-r1_4.json,844,4341511750916724806,38612f6d1555d730,cffd73fb08c2ca2c,0.86
scenarios/p1-goss-1989/fig2b-r1_4.json,845,2336718775444748357,e7f0b46b48690d0e,7a015ea35bf06515,0.57
scenarios/p1-goss-1989/fig2b-r1_4.json,846,4001384533443692462,a4ef9a53563d40fb,d3308e3dfa4db389,0.12
scenarios/p1-goss-1989/fig2b-r1_4.json,847,8657204492575170871,060c4505d4d156e6,b58340a7da984e21,0.95
scenarios/p1-goss-1989/fig2b-r1_4.json,848,14063129300350344885,806c436e96382bba,825f716900b40c0f,0.824
scenarios/p1-goss-1989/fig2b-r1_4.json,849,12904896589263980633,bded8067329a8212,99bd476fe31317fe,0.098
scenarios/p1-goss-1989/fig2b-r1_4.json,850,8208002210583254564,4ca2b63b3b3ef86a,2468f9b9bd0d8aba,0.822
scenarios/p1-goss-1989/fig2b-r1_4.json,851,3027256803234784587,cca507a079b09b50,ca0de7770f4df0e1,0.078
scenarios/p1-goss-1989/fig2b-r1_4.json,852,2237561836014347429,8fc54c7113a68581,2858da210e675da8,0.88
scenarios/p1-goss-1989/fig2b-r1_4.json,853,17331130932139527268,37621c963c796af5,17306905e1a16250,0.05
scenarios/p1-goss-1989/fig2b-r1_4.json,854,14772291613171015620,1d902a4ac5073405,e9cfc12f0e783d79,0.576
scenarios/p1-goss-1989/fig2b-r1_4.json,855,7218587725310559485,37a4e652f3a4450c,4fe8af0d443557dc,0.982
scenarios/p1-goss-1989/fig2b-r1_4.json,856,14460527200220169576,35601d39e5e7c9dc,c22c72b2a4375931,0.354
scenarios/p1-goss-1989/fig2b-r1_4.json,857,1078432179519971772,b3d90aa76cb20d36,bcd00b370a979574,0.854
scenarios/p1-goss-1989/fig2b-r1_4.json,858,16215991618793831403,bc3be679308d61c7,cdab1d7e7cf8fa7f,0.966
scenarios/p1-goss-1989/fig2b-r1_4.json,859,8460111988983715223,ae528175432a25cc,dc09d0472c69487e,0.96
scenarios/p1-goss-1989/fig2b-r1_4.json,860,16515912989080987260,a7e978f45e84d015,2dcaaa6811c40091,0.874
scenarios/p1-goss-1989/fig2b-r1_4.json,861,277023986884804983,5ce9bbf08f88dc86,443a17569f1429b5,0.938
scenarios/p1-goss-1989/fig2b-r1_4.json,862,6805057289295161771,a1b7e7b5707d7605,d7756e2bba3250d0,0.914
scenarios/p1-goss-1989/fig2b-r1_4.json,863,321862681421887543,818a07e7c423ac59,9e5357f8385bd910,0.982
scenarios/p1-goss-1989/fig2b-r1_4.json,864,7655303482099417976,543ec23eb801c16a,f33f428017289806,0.116
scenarios/p1-goss-1989/fig2b-r1_4.json,865,9311918916166122029,d7a6fc0cf5c7ff48,e2b73e4ede3abd56,0.04
scenarios/p1-goss-1989/fig2b-r1_4.json,866,13497785635720609720,53d290a8577bf69b,9cb432c8126849c9,0.866
scenarios/p1-goss-1989/fig2b-r1_4.json,867,13973282107898400933,2df200a493c25629,ae24e966725db77f,0.992
scenarios/p1-goss-1989/fig2b-r1_4.json,868,17188026704233771016,41f4cc9f3dbdfb3f,37c1f8d83c6ea7ac,0.776
scenarios/p1-goss-1989/fig2b-r1_4.json,869,6566954262047396431,d1aa5cb58993e6fc,aba478b341252825,0.828
scenarios/p1-goss-1989/fig2b-r1_4.json,870,17643974842851009704,ed5352f0feae0218,5e97a7c288343d6c,0.944
scenarios/p1-goss-1989/fig2b-r1_4.json,871,7583298422258648810,806f6832eaf00dfb,fc4f56dd877d54c2,0.888
scenarios/p1-goss-1989/fig2b-r1_4.json,872,18349403896687265830,d04b5297b1becb84,5dd8de4730e20fe3,0.09
scenarios/p1-goss-1989/fig2b-r1_4.json,873,18254177369850845479,30889d012cfeb101,3de10db051adeabc,0.952
scenarios/p1-goss-1989/fig2b-r1_4.json,874,17102972309792947077,1b5b0ee2abe68491,85fe999bdd07266c,0.182
scenarios/p1-goss-1989/fig2b-r1_4.json,875,5175726010050921674,a347613e2fe9ecd5,9e50963ef209335f,0.978
scenarios/p1-goss-1989/fig2b-r1_4.json,876,2448374216548623541,3912b1b0ee7a9c53,f7bddf104c1eab96,0.014
scenarios/p1-goss-1989/fig2b-r1_4.json,877,15235455671475333768,d583a22ee233c8f0,6458e7614cca9011,0.048
scenarios/p1-goss-1989/fig2b-r1_4.json,878,13662261907619058676,d4cdae3cb49b8b9b,3cabd42064b3105a,0.638
scenarios/p1-goss-1989/fig2b-r1_4.json,879,2916888287808496160,90d4e79620948fc1,4492ff1c1702093f,0.058
scenarios/p1-goss-1989/fig2b-r1_4.json,880,6896060139446251527,a9bfdce0016b99e1,496c6439ecc2032d,0.04
scenarios/p1-goss-1989/fig2b-r1_4.json,881,5674125430523298744,9b161798f0783dac,c83f233276a0e3df,0.136
scenarios/p1-goss-1989/fig2b-r1_4.json,882,12273380602736398174,99de14973ed44d5a,ed99a5e7cf7967db,0.958
scenarios/p1-goss-1989/fig2b-r1_4.json,883,15869820055900659206,97b18ec14982bd33,fe5877612a98ba14,0.896
scenarios/p1-goss-1989/fig2b-r1_4.json,884,18289810999489156941,e8cf9e16de4bbe15,0f18778e4f539fd4,0.94
scenarios/p1-goss-1989/fig2b-r1_4.json,885,15892651471958866219,b3524f70775f93df,e1cc5742d1ccec31,0.926
scenarios/p1-goss-1989/fig2b-r1_4.json,886,18191676872899608657,e1424a64aadea5cf,98976729a213124c,0.084
scenarios/p1-goss-1989/fig2b-r1_4.json,887,7696229567998297788,a78183c1f426f475,619dd23da5b0f16f,0.99
scenarios/p1-goss-1989/fig2b-r1_4.json,888,8104683939669840316,2168f88ac9ced3e9,7174f573e72b62e9,0.016
scenarios/p1-goss-1989/fig2b-r1_4.json,889,15077403772133494843,4d7496bc59f625df,b41c0cb8b5423646,0.034
scenarios/p1-goss-1989/fig2b-r1_4.json,890,16635025980720835541,8508e7ea14751d0d,f8f37b70c743c807,0.012
scenarios/p1-goss-1989/fig2b-r1_4.json,891,2125447653400628176,fd84766e15289b6c,b950609dd7410538,0.462
scenarios/p1-goss-1989/fig2b-r1_4.json,892,15147281405265943702,20adea17a787643c,cb5907a17e91703f,0.106
scenarios/p1-goss-1989/fig2b-r1_4.json,893,12015855990127712893,2943773cb7f8be65,9cbf1550d17e91d3,0.044
scenarios/p1-goss-1989/fig2b-r1_4.json,894,10376281457615060624,d59805d16b61b902,28c9aefd1b458e28,0.948
scenarios/p1-goss-1989/fig2b-r1_4.json,895,16806659211622899145,f232babba8a48de1,87fa86c725c216bd,0.962
scenarios/p1-goss-1989/fig2b-r1_4.json,896,2704955400519136088,054a27c562b286ee,f242812017bfdadc,0.994
scenarios/p1-goss-1989/fig2b-r1_4.json,897,14125402964126361551,6502685a7eefb1ee,8a56f3db9ebc6421,0.972
scenarios/p1-goss-1989/fig2b-r1_4.json,898,10246024039312286479,68f5ac466b96b4e2,9db62e04af83dd36,0.896
scenarios/p1-goss-1989/fig2b-r1_4.json,899,7323329648107592444,fa2483fceec2e39f,db5299feff4c3f2f,0.242
scenarios/p1-goss-1989/fig2b-r1_4.json,900,10305409460730088470,0b384c02ba4d41bc,b967d242089dc53f,0.988
scenarios/p1-goss-1989/fig2b-r1_4.json,901,16251662929794669254,ada830cfad56a8de,96d34edaf7739746,0.188
scenarios/p1-goss-1989/fig2b-r1_4.json,902,7681933263055191271,cea6ada6df56ae01,a54b0c05827ac5cf,0.872
scenarios/p1-goss-1989/fig2b-r1_4.json,903,5495655806514430755,08f66e37111df525,c8afdfd3a41d591e,0.056
scenarios/p1-goss-1989/fig2b-r1_4.json,904,3925690026239242863,b5bbf3650b883cd9,1a8fd4a4854ee442,0.28
scenarios/p1-goss-1989/fig2b-r1_4.json,905,8703281798466546072,11a51ae97313a97e,002ce229574d6ae8,0.85
scenarios/p1-goss-1989/fig2b-r1_4.json,906,13800292861923406358,628d7a28e75e367c,ea848bccd2e57013,0.52
scenarios/p1-goss-1989/fig2b-r1_4.json,907,15646835496152766494,4fcda132bccaf486,795610fcb07bad09,0.118
scenarios/p1-goss-1989/fig2b-r1_4.json,908,944753350593194351,4d69b8a5db6772ec,439677454f0d66b6,0.034
scenarios/p1-goss-1989/fig2b-r1_4.json,909,400176694170443935,c55717fc62c45f77,c514bf22a57f3dcf,0.876
scenarios/p1-goss-1989/fig2b-r1_4.json,910,2826122660335280304,fdf69ec14a85b6c5,ddab306f4101521c,0.972
scenarios/p1-goss-1989/fig2b-r1_4.json,911,1135859164418539898,b0539c7a5e0d7c18,6e1cb88ce75d6b46,0.418
scenarios/p1-goss-1989/fig2b-r1_4.json,912,8456519371212311060,9ce5ccbdf345cd9c,ea6933f8bc3ac59b,0.966
scenarios/p1-goss-1989/fig2b-r1_4.json,913,8443727336576623262,b338fab0890c236c,c41ac35b5708e272,0.108
scenarios/p1-goss-1989/fig2b-r1_4.json,914,5239159222345609144,38d52c7b789fb1ad,75f67c4191e6076f,0.992
scenarios/p1-goss-1989/fig2b-r1_4.json,915,182230797394616020,4e94864064a11569,c4d5377df3ada747,0.904
scenarios/p1-goss-1989/fig2b-r1_4.json,916,1945848338194938543,eb42a2b05647a6ab,af6434833d6178fa,0.136
scenarios/p1-goss-1989/fig2b-r1_4.json,917,13787481044372913777,7b91b7a587a5091a,3d5d5c1b72bfc099,0.992
scenarios/p1-goss-1989/fig2b-r1_4.json,918,3819046232375403368,724114e3ee557e85,0638f5383d170399,0.946
scenarios/p1-goss-1989/fig2b-r1_4.json,919,9082156187134581409,dd1e74be8ce43555,ab7719f445620fa0,0
scenarios/p1-goss-1989/fig2b-r1_4.json,920,8335694117420872407,9a6c94aa9c83cfc5,1fd125dc84b4de5d,0.822
scenarios/p1-goss-1989/fig2b-r1_4.json,921,8989371051459809559,ed372ce7f4755f15,e13a215fc4ac26d9,0.854
scenarios/p1-goss-1989/fig2b-r1_4.json,922,16239323218540426631,cc06d7fd2654e876,c789d8c4d60a3a66,0.918
scenarios/p1-goss-1989/fig2b-r1_4.json,923,14061677595330034574,1b10bb134416eb35,cbdabd165ebdcfcf,0.092
scenarios/p1-goss-1989/fig2b-r1_4.json,924,13140661401622316968,d1a956233fb3c9c9,7f861d90194ed551,0.03
scenarios/p1-goss-1989/fig2b-r1_4.json,925,12222775435623852542,c7e19c496fda5c97,39e1c8e4a210e294,0.902
scenarios/p1-goss-1989/fig2b-r1_4.json,926,15466357168877703394,67013678a9de42ff,6b0dfd4143e060aa,0.978
scenarios/p1-goss-1989/fig2b-r1_4.json,927,13089736599472535463,6b2358af9a0757bd,8601241f30d8aad1,0.968
scenarios/p1-goss-1989/fig2b-r1_4.json,928,3319905918331604700,558b63df075682a3,9a1dbf65b06b5891,0.958
scenarios/p1-goss-1989/fig2b-r1_4.json,929,10467776327377901529,d5a56d9dc3e153d6,cb9404453c893874,0.068
scenarios/p1-goss-1989/fig2b-r1_4.json,930,6110370852422734275,f1a1565fca722f37,f13bee04a4e90a4d,0.028
scenarios/p1-goss-1989/fig2b-r1_4.json,931,8899335679055450035,31e93c363a691af1,46377d8785dc6554,0.904
scenarios/p1-goss-1989/fig2b-r1_4.json,932,3005804280846856928,4d2a54dc8b93a774,30a3a4e8dffdfc88,0.178
scenarios/p1-goss-1989/fig2b-r1_4.json,933,3317270966384353177,ec877515f3de84c6,8b390850921bae7f,0.998
scenarios/p1-goss-1989/fig2b-r1_4.json,934,15033428268066484373,5f969c0a23b4d56f,d6313b331da13b22,0.428
scenarios/p1-goss-1989/fig2b-r1_4.json,935,8778573114473729728,58a6da17173b5141,e272fedb777b3c7e,0.112
scenarios/p1-goss-1989/fig2b-r1_4.json,936,531153531606565621,4f6baab1e1ca20d3,c768fe0b1f53d433,0.154
scenarios/p1-goss-1989/fig2b-r1_4.json,937,17705014043731313039,632f0d32a9094f9b,ae7b8b7c11d2f860,0.16
scenarios/p1-goss-1989/fig2b-r1_4.json,938,13728419418578665229,089d1e05ae2d1d5c,73024a2743174b74,0.994
scenarios/p1-goss-1989/fig2b-r1_4.json,939,15674491794685758917,6d8342d04dc65fe5,09968be20b338ef3,0.034
scenarios/p1-goss-1989/fig2b-r1_4.json,940,15607871658515016421,4ae12adecf6a5fe8,9aa55355f1220e12,0.124
scenarios/p1-goss-1989/fig2b-r1_4.json,941,12585560221831024720,979db1b2757c89eb,ace23ab57e1632ee,0.846
scenarios/p1-goss-1989/fig2b-r1_4.json,942,713164936852833895,2308bc815c5e18da,70d3c389eb63222b,0.166
scenarios/p1-goss-1989/fig2b-r1_4.json,943,2687143241250813373,d2c02e0f4b121546,0ca9c81fc37c152c,0.65
scenarios/p1-goss-1989/fig2b-r1_4.json,944,10372005214191606787,b78c1ffe38e47022,3742f26994633338,0.05
scenarios/p1-goss-1989/fig2b-r1_4.json,945,1074168279613117724,8c0d6a69af8b7d8a,482f91548d9c3ccd,0.142
scenarios/p1-goss-1989/fig2b-r1_4.json,946,5271270699756097527,e8ef1fa61462d3ad,9bcc9e8ba1859f91,0.98
scenarios/p1-goss-1989/fig2b-r1_4.json,947,7077020367196545266,fe1ccc6e75249a6e,c8fc9a8f3f343c78,0.956
scenarios/p1-goss-1989/fig2b-r1_4.json,948,1886862931232981188,d0739cc1954c6096,29bf566cdcd0e5b0,0.914
scenarios/p1-goss-1989/fig2b-r1_4.json,949,11678275738692560904,76cf832f7ea4d92f,ee22b551acac3b72,0.92
scenarios/p1-goss-1989/fig2b-r1_4.json,950,2754859790317497640,ef9ec1462887298a,fabe31d2f5426671,0.756
scenarios/p1-goss-1989/fig2b-r1_4.json,951,9015615657640460199,008a73d17d16a58c,ff85c62c3dc5f3fe,0.288
scenarios/p1-goss-1989/fig2b-r1_4.json,952,17968387820719703478,e599cd1157cbcc7e,041b37440461a0ba,0.108
scenarios/p1-goss-1989/fig2b-r1_4.json,953,12288350370313358895,1a55b0734d85d9e3,4ef8ab720293443f,0.886
scenarios/p1-goss-1989/fig2b-r1_4.json,954,4624811069317399752,5dbce15ecc082c23,454b3a54b7dae516,0.96
scenarios/p1-goss-1989/fig2b-r1_4.json,955,3797826145729281268,1c6b0e9a016013e6,ebe8b0d763d4bd0e,0.948
scenarios/p1-goss-1989/fig2b-r1_4.json,956,8065209681082283577,6f3d3f498443a1e8,21fccd4e7b00ce6a,0.958
scenarios/p1-goss-1989/fig2b-r1_4.json,957,1205954538646125833,8715e5a73613c6fe,49ef8ff1f6fd9fce,0.008
scenarios/p1-goss-1989/fig2b-r1_4.json,958,5225182240439832728,aa81e99a391a8d9f,d1a3b2f1564128da,0.098
scenarios/p1-goss-1989/fig2b-r1_4.json,959,18305279354051958741,53cb23fd8dafd23d,5cb8626056282019,0.998
scenarios/p1-goss-1989/fig2b-r1_4.json,960,9225937004224864504,2665e75fe24ca479,671ca7625e675e8e,0.044
scenarios/p1-goss-1989/fig2b-r1_4.json,961,10957566798122758338,6714ca123d01804b,5a0f75470c03c9e6,0.962
scenarios/p1-goss-1989/fig2b-r1_4.json,962,10534563364048034643,719ea603eb50b30c,f99bacc2479d03a5,0.904
scenarios/p1-goss-1989/fig2b-r1_4.json,963,10174336995693917703,43c826051e174bd6,26bb09c4707213e7,0.646
scenarios/p1-goss-1989/fig2b-r1_4.json,964,15283298939086287009,b2bf538699d256e4,d28f228a6ea6a30d,0.994
scenarios/p1-goss-1989/fig2b-r1_4.json,965,7369154820125510505,d8d51c019032cb53,6f217c51e8e733c7,0.034
scenarios/p1-goss-1989/fig2b-r1_4.json,966,16366221942279045458,7eae7ced3f5b33da,a5732dc187f22634,0.958
scenarios/p1-goss-1989/fig2b-r1_4.json,967,345330001675320095,5851831c172c182e,2f6969f0afcb142c,0.36
scenarios/p1-goss-1989/fig2b-r1_4.json,968,2926462917857811396,afc5f478584ecbae,05b1d71c9e3bb955,0.958
scenarios/p1-goss-1989/fig2b-r1_4.json,969,8124222763401079104,3957bad31f397bc5,6cb8d14a009b3fc6,0.976
scenarios/p1-goss-1989/fig2b-r1_4.json,970,13708163200924809699,02ae9f3676556dde,78172cf234543c85,0.926
scenarios/p1-goss-1989/fig2b-r1_4.json,971,3409794743493527880,51497c7ea1d59bc3,59757584e04853be,0.372
scenarios/p1-goss-1989/fig2b-r1_4.json,972,8941074884784246570,0a7be10996f61b41,8e7b93d33d98a8be,0.954
scenarios/p1-goss-1989/fig2b-r1_4.json,973,4603534528857392887,053d394a8f32b527,756d221ca7c07bc8,0.974
scenarios/p1-goss-1989/fig2b-r1_4.json,974,17368987804657643851,41b603ff9b17fa37,db7b9bd6940fa66b,0.028
scenarios/p1-goss-1989/fig2b-r1_4.json,975,3959362006954934517,c175bee0197696fe,3d2d68b18de51ade,0.266
scenarios/p1-goss-1989/fig2b-r1_4.json,976,3692626806570072262,e978142255ef3843,1fa1da52b1e34d33,0.954
scenarios/p1-goss-1989/fig2b-r1_4.json,977,9760627373477328886,489de1c46b346ca5,070346df44dd62af,0.386
scenarios/p1-goss-1989/fig2b-r1_4.json,978,15615083425316124258,2c5640a2c743d87a,6d4a5be3c50a3031,0.904
scenarios/p1-goss-1989/fig2b-r1_4.json,979,1048791888868529091,6e9a89b539536dfb,c7c954e763683b16,0.636
scenarios/p1-goss-1989/fig2b-r1_4.json,980,5114307561752448344,6644f23802eed469,afaa0c214f200e80,0.028
scenarios/p1-goss-1989/fig2b-r1_4.json,981,1428152961776298537,bb6ae948b45cea6a,89b1cda41e069d10,0.296
scenarios/p1-goss-1989/fig2b-r1_4.json,982,8037290809217851932,1e88182b6792b438,664a4a474b596699,0.75
scenarios/p1-goss-1989/fig2b-r1_4.json,983,10786629773201211694,aafd37797d011d82,a66bf8c0ca05f6cd,0.834
scenarios/p1-goss-1989/fig2b-r1_4.json,984,3112168075214135318,915d44b87a53da6a,1af718258bb684fd,0.996
scenarios/p1-goss-1989/fig2b-r1_4.json,985,17870256287124193092,b28161f7ce3c3c51,f463e50bb324c768,0.454
scenarios/p1-goss-1989/fig2b-r1_4.json,986,14963796377566204235,a41d358fec8f39a5,2b3b2651085a7b67,0.948
scenarios/p1-goss-1989/fig2b-r1_4.json,987,2716210620960863346,f67957e80448c999,175a337e38c7478b,0.966
scenarios/p1-goss-1989/fig2b-r1_4.json,988,14174064676044954236,5cfbad09cf9719c3,40ec40abd397edc5,0.074
scenarios/p1-goss-1989/fig2b-r1_4.json,989,7120563794051457878,9a59f033c1a79744,71646e690ae27262,0.34
scenarios/p1-goss-1989/fig2b-r1_4.json,990,14414100815295366883,8a322427d41e4335,36863f47aecee918,0.958
scenarios/p1-goss-1989/fig2b-r1_4.json,991,1092659429203528432,9276f517f1f182bb,094042e3c7416141,0.628
scenarios/p1-goss-1989/fig2b-r1_4.json,992,2164578758439319164,41033a00a4df73c0,18520135ed4725b6,0.844
scenarios/p1-goss-1989/fig2b-r1_4.json,993,8095955273341585094,c5d823408ac9e73c,a30171ef2d6a1c69,0.172
scenarios/p1-goss-1989/fig2b-r1_4.json,994,7536414603855717303,ee2cc2879364a5b7,d123fab254236d51,0.094
scenarios/p1-goss-1989/fig2b-r1_4.json,995,7003573847682889428,1f2dade1cba5ca97,30e42e742f7023a6,0.392
scenarios/p1-goss-1989/fig2b-r1_4.json,996,8918097676946416481,1843252875a4a9c8,493405ec36ad4143,0.124
scenarios/p1-goss-1989/fig2b-r1_4.json,997,13392001564334207158,6fb62cb69f0985ae,f86f4394f419d027,0.884
scenarios/p1-goss-1989/fig2b-r1_4.json,998,9120276814270410616,22f3bd1fd3000ff5,8e805ea147504010,0.002
scenarios/p1-goss-1989/fig2b-r1_4.json,999,17602721097030663700,ef5c281344939369,09fbc3d1ead0bd2b,0.978
scenarios/p1-goss-1989/fig2c-r2.json,0,2312232598447777568,f6803ad9d2fe8697,af3e960b3140cf40,0.026
scenarios/p1-goss-1989/fig2c-r2.json,1,15653994942345168839,bb922cac706b5f45,daab28a731c4d74a,0.984
scenarios/p1-goss-1989/fig2c-r2.json,2,9596903935995777997,01718e20d25f492f,4115d670e37d28c1,0.966
scenarios/p1-goss-1989/fig2c-r2.json,3,7078676886350541996,ae63cbbabf1f8b91,2ca23699c530f58a,0.902
scenarios/p1-goss-1989/fig2c-r2.json,4,170989759658648613,5c5a403e25a1d5c2,dd0d906211fe05ad,0.812
scenarios/p1-goss-1989/fig2c-r2.json,5,8201127223909263803,e9b07e372bbc432a,caa7b0f307b8d5e6,0.912
scenarios/p1-goss-1989/fig2c-r2.json,6,17505188272115051029,db2f98fe2fbc2ae6,196526ea93bdddf2,0.97
scenarios/p1-goss-1989/fig2c-r2.json,7,4272468721311353696,56fe9d00c64fc4a8,2e150168312c01f6,0.886
scenarios/p1-goss-1989/fig2c-r2.json,8,14931757519008990707,f7bc3001a15df550,5a9d450472887783,0.792
scenarios/p1-goss-1989/fig2c-r2.json,9,11277827921250650417,eabb5bf1bc164590,442d7614dcb313a7,0.962
scenarios/p1-goss-1989/fig2c-r2.json,10,7700330946237103817,a1fd86a5de606b0e,a7f4aa3abc766971,0.98
scenarios/p1-goss-1989/fig2c-r2.json,11,17298998565975910602,3bc0907c4a08f332,5e45c9f24c901401,0.996
scenarios/p1-goss-1989/fig2c-r2.json,12,15810890023484535677,a31bd67f9bab4d48,1196bd9e7dcbfa6e,0.908
scenarios/p1-goss-1989/fig2c-r2.json,13,12898607194113248800,2b0ad07d0524a3f8,87e741a9cc23af23,0.91
scenarios/p1-goss-1989/fig2c-r2.json,14,16533926923968681179,c31f0b7fe53b546c,d2d30be06ec271b8,0.948
scenarios/p1-goss-1989/fig2c-r2.json,15,4532724931508244292,6ede3fac17b7c3e5,e7f9a8b473144c4a,0.99
scenarios/p1-goss-1989/fig2c-r2.json,16,9433489479735812974,b9a602cd06a0935d,97b48cf068b4cb3f,0.47
scenarios/p1-goss-1989/fig2c-r2.json,17,16485247924827510236,1065fc2a3ffdd487,fcfc34503b45491a,0.92
scenarios/p1-goss-1989/fig2c-r2.json,18,7867767668706415785,d1a87b486cd1b097,30a3357604c30b1f,0.898
scenarios/p1-goss-1989/fig2c-r2.json,19,653521437974342673,25202b014ab1354f,952f4eb6e7461450,0.856
scenarios/p1-goss-1989/fig2c-r2.json,20,1689725022865817711,48a2a8bae71464c3,b05e7bd8cffbc98f,0.98
scenarios/p1-goss-1989/fig2c-r2.json,21,12312427977806730813,78cb942ad3049542,e68875e8dcc7d0d5,0.976
scenarios/p1-goss-1989/fig2c-r2.json,22,14839093230899689871,e6bd7e364fa7ba44,cafb1d717a4288e9,0.97
scenarios/p1-goss-1989/fig2c-r2.json,23,12145290006479282829,e370fb52b78ae75d,46e5640aa2c9fe2e,0.524
scenarios/p1-goss-1989/fig2c-r2.json,24,2537130104717291839,b1af0ce3f80b6479,2b230714bc7b9a17,0.924
scenarios/p1-goss-1989/fig2c-r2.json,25,5173128522816980245,196bf7eb51b89396,203d824657672945,0.97
scenarios/p1-goss-1989/fig2c-r2.json,26,4243627225019564048,d8f5268ae4c975eb,e2bb3abda6a463b6,0.944
scenarios/p1-goss-1989/fig2c-r2.json,27,10759214440570370028,50534dc1adc872b2,3b3ae3d45f026a0a,0.646
scenarios/p1-goss-1989/fig2c-r2.json,28,5915447391374511788,376514b85e4d0c8d,89a5251a33f923f6,0.148
scenarios/p1-goss-1989/fig2c-r2.json,29,16724569915268478280,88878e2ba8d9abe6,7bae8bc545be4c6d,0.866
scenarios/p1-goss-1989/fig2c-r2.json,30,8837745983296110486,cbcb5bdfca3a0a8c,081ea80c59e1a03a,0.352
scenarios/p1-goss-1989/fig2c-r2.json,31,15189778981770887987,2cc466cd40fc1fea,c48ccf56e6ec21c6,0.022
scenarios/p1-goss-1989/fig2c-r2.json,32,6397928650887029530,98af3863f717eb60,0977dd3ca7f2096c,0.2
scenarios/p1-goss-1989/fig2c-r2.json,33,18234481081998190613,608c19df96f5e347,5da54ae920ec9431,0.942
scenarios/p1-goss-1989/fig2c-r2.json,34,13533421467462501828,f217a93fdc117a3b,3c5a3e51e4a232d6,0.78
scenarios/p1-goss-1989/fig2c-r2.json,35,2958600667225992917,aed61327b9534148,ad359dbb130039e7,0.42
scenarios/p1-goss-1989/fig2c-r2.json,36,2601991791433794887,9eaf49098d6fef7e,cf69eeeb0ab68cd1,0.308
scenarios/p1-goss-1989/fig2c-r2.json,37,4995155608599055625,520dbadc1f8b9915,e6f41d09bddf8cd5,0.962
scenarios/p1-goss-1989/fig2c-r2.json,38,2779853719803583546,011bf73bddcade82,8ddf7efaa0ec879f,0.996
scenarios/p1-goss-1989/fig2c-r2.json,39,2064715646288655225,93c06e40973f6813,7ce54dec2f1bbe24,0.756
scenarios/p1-goss-1989/fig2c-r2.json,40,1250266473155769398,702bf79381e472e4,f453e8a01d20d6ba,0.954
scenarios/p1-goss-1989/fig2c-r2.json,41,9657321665400391173,d885c073b4ec06a4,d5cc0a49d9cc6866,0.35
scenarios/p1-goss-1989/fig2c-r2.json,42,15964998580891258615,9cced5234fc12f58,5d5ce6f66ff6bb46,0.896
scenarios/p1-goss-1989/fig2c-r2.json,43,1158713627277205365,91784af2b354d877,d233ea8e187d799a,0.954
scenarios/p1-goss-1989/fig2c-r2.json,44,13953732997769682872,37f7626a56032070,b2d465b5b3b0328e,0.988
scenarios/p1-goss-1989/fig2c-r2.json,45,3848722601877013537,3c7576d586e320f2,94006ed39ee1d7fc,0.882
scenarios/p1-goss-1989/fig2c-r2.json,46,2068894743022182750,daa31d37743e1231,30d40e505b241b4e,0.976
scenarios/p1-goss-1989/fig2c-r2.json,47,17862703533844283328,9d483bff5ace3d2f,4b0b5708ae406d63,0.102
scenarios/p1-goss-1989/fig2c-r2.json,48,14676686317410202745,83f42a603fb06d51,16567b637805b718,0.984
scenarios/p1-goss-1989/fig2c-r2.json,49,3849981628784763824,9deacda37428af66,13a3b725904e7fe8,0.96
scenarios/p1-goss-1989/fig2c-r2.json,50,7856915119419190994,bca05bfd9762332a,192a176482eabb9f,0.012
scenarios/p1-goss-1989/fig2c-r2.json,51,3510132482616396378,42839d666113a71e,2748f8e8af25c415,0.972
scenarios/p1-goss-1989/fig2c-r2.json,52,16306956819789573112,0b98c23c8aa2ff01,87e5f799104671d8,0.924
scenarios/p1-goss-1989/fig2c-r2.json,53,3929927865625333432,4da7999062e798a4,6f7f3d397268b7eb,0.6
scenarios/p1-goss-1989/fig2c-r2.json,54,15183311577406331587,eeda5aa36a4427fe,6f1ea6c6ab2191bd,0.552
scenarios/p1-goss-1989/fig2c-r2.json,55,13815135673470888175,f5405182231748ef,482cc2578233dc06,0.968
scenarios/p1-goss-1989/fig2c-r2.json,56,11339095010151092137,ddc2565c5695dfa3,e02f28af3da35e5b,0.952
scenarios/p1-goss-1989/fig2c-r2.json,57,4160251198332160760,27af757399a690ea,fb58c8744b1d998e,0.972
scenarios/p1-goss-1989/fig2c-r2.json,58,12865259278233705565,b783f8b7d1dbf6c4,274be6510f02ec50,0.992
scenarios/p1-goss-1989/fig2c-r2.json,59,3096258646799035543,4265998f06e9533e,46bdb28f56e81aa4,0.92
scenarios/p1-goss-1989/fig2c-r2.json,60,16134708649641836731,d0c7b2232f2f0963,4dded91702a3727c,0.846
scenarios/p1-goss-1989/fig2c-r2.json,61,1881576063995011526,8e70c044791b098a,15f44b6e5eaad48e,0.938
scenarios/p1-goss-1989/fig2c-r2.json,62,16869214714927047087,e90cf7f3b5548ec3,e21190c8c5ccd18a,0.658
scenarios/p1-goss-1989/fig2c-r2.json,63,12974300046392203920,e963c076256b6f2e,e9c20c7c2e46b1d3,0.346
scenarios/p1-goss-1989/fig2c-r2.json,64,16840307046705801632,4a8034c62b2f4af9,36f26e122bdd5473,0.968
scenarios/p1-goss-1989/fig2c-r2.json,65,14301739102254030271,199adb208ac95dec,6e99a4b3a9501603,0.99
scenarios/p1-goss-1989/fig2c-r2.json,66,8185263141772040973,876603d9ad6e53f1,4841f4b31b7e4310,0.742
scenarios/p1-goss-1989/fig2c-r2.json,67,390576457991593546,e34b94d8455f850f,5a02223b3aeccbf0,0.94
scenarios/p1-goss-1989/fig2c-r2.json,68,17502075571660240275,a7d349a0e6024a58,68d356fc9f649181,0.994
scenarios/p1-goss-1989/fig2c-r2.json,69,619922720691056118,8910abf1e290d4bf,bdf89af0770d607d,0.97
scenarios/p1-goss-1989/fig2c-r2.json,70,4117071611822184276,7800f3977ca6a78a,ae17463af13de634,0.97
scenarios/p1-goss-1989/fig2c-r2.json,71,2171100820832051441,b0b210228231313f,817650b10f2906eb,0.952
scenarios/p1-goss-1989/fig2c-r2.json,72,2305137998873851315,3ec6bb06b27934eb,0fae51fedcacee0f,0.952
scenarios/p1-goss-1989/fig2c-r2.json,73,9485721318436679964,7ea28eda7e3ca77c,5f0d1fef7a136cd2,0.984
scenarios/p1-goss-1989/fig2c-r2.json,74,4802528511065036525,8732d80fa66a38ab,eb8cdd9a7715943c,0.28
scenarios/p1-goss-1989/fig2c-r2.json,75,5575698165263819890,038be6c3c6ee6c01,51685846e96ee568,0.142
scenarios/p1-goss-1989/fig2c-r2.json,76,6152072689291748697,6d800021cdaf4221,94639fc551cb174c,0.36
scenarios/p1-goss-1989/fig2c-r2.json,77,7485725966479355773,a45929c0bd43d8a6,799f139d4c652e54,0.954
scenarios/p1-goss-1989/fig2c-r2.json,78,11662907796003396924,93e9e4e41df5965c,b3cacff497679028,0.502
scenarios/p1-goss-1989/fig2c-r2.json,79,16356950734180135708,8a5675d473d37888,2c8861ec48fae63d,0.998
scenarios/p1-goss-1989/fig2c-r2.json,80,11650255679334069948,fb2c61465895bd84,41821c24b0fc5e11,0.762
scenarios/p1-goss-1989/fig2c-r2.json,81,3668829241100015794,59e08623e7f9d09b,d6940af09413a3c0,0.208
scenarios/p1-goss-1989/fig2c-r2.json,82,5966446575339052814,ed8f9c6e44e7b1cf,d9cd162af4c51719,0.976
scenarios/p1-goss-1989/fig2c-r2.json,83,3466966395745851907,4d4719a8c5b5b918,2b49dcdf895d3ff2,0.9
scenarios/p1-goss-1989/fig2c-r2.json,84,9330340534142791083,5fa982fcefa35d0e,e73e2b149b837449,0.544
scenarios/p1-goss-1989/fig2c-r2.json,85,11886220580376995073,0c0e52864ea958e2,542008fea6aab01b,0.934
scenarios/p1-goss-1989/fig2c-r2.json,86,9734976546010131974,741f2b00f901bf78,23b991caedf1bcfa,0.87
scenarios/p1-goss-1989/fig2c-r2.json,87,16706011882654227658,510f2ea94e523439,5b062bc897f86a90,0.036
scenarios/p1-goss-1989/fig2c-r2.json,88,9576761637437516202,fc7b14af1ffecea6,f20e44d5c312863e,0.936
scenarios/p1-goss-1989/fig2c-r2.json,89,1483599618115705344,f3234d617c44e2e6,c4e280702c34b7e9,0.68
scenarios/p1-goss-1989/fig2c-r2.json,90,3669258679378165220,f43a08605df31881,a1c8b720e35f3064,0.986
scenarios/p1-goss-1989/fig2c-r2.json,91,1073415830604114415,93dc1495eba705d8,8d1ae511e353d250,0.642
scenarios/p1-goss-1989/fig2c-r2.json,92,15620802328590456091,9100b87316f19e35,7faf2db8af196b15,0.012
scenarios/p1-goss-1989/fig2c-r2.json,93,9151361430868834820,1cc74ad7e640e40f,a3e45f4f04e073df,0.898
scenarios/p1-goss-1989/fig2c-r2.json,94,13739411058415706725,6798dc3c7e2dc547,cd6e91c2623b4ab5,0.92
scenarios/p1-goss-1989/fig2c-r2.json,95,9077827114146119006,c4c64be0ca1dd4d2,812c0be4eca1b989,0.83
scenarios/p1-goss-1989/fig2c-r2.json,96,10524504638344154604,2006595243545f89,97caab687be54c29,0.824
scenarios/p1-goss-1989/fig2c-r2.json,97,10973171997039007670,8d8c993c1a2d814b,60652a98163ec125,0.09
scenarios/p1-goss-1989/fig2c-r2.json,98,9335086522734269547,fafd0ce76ae1ccda,bde915cdea83456d,0.984
scenarios/p1-goss-1989/fig2c-r2.json,99,365814994024046891,12acb9f2fc3d76b4,129f9e6ab125c275,0.894
scenarios/p1-goss-1989/fig2c-r2.json,100,1274400054344764145,987d5b99413ae31c,a5e387725c0ab3ca,0.722
scenarios/p1-goss-1989/fig2c-r2.json,101,10598588151481301670,cb78e45e74c12cc3,37dfbdefd200f18b,0.058
scenarios/p1-goss-1989/fig2c-r2.json,102,13310652224613486134,f7ba8dcfa33f2abe,087e50d671bcb463,0.824
scenarios/p1-goss-1989/fig2c-r2.json,103,12547922475732906376,a339fbc86bd8ce0f,489b377989e15b93,0.98
scenarios/p1-goss-1989/fig2c-r2.json,104,13128927776872787898,aed26b9bcd44e41d,b9e78c03dfffa81f,0.996
scenarios/p1-goss-1989/fig2c-r2.json,105,16391044752752962707,b55286f645ba956b,4803108b3b45e8ea,0.976
scenarios/p1-goss-1989/fig2c-r2.json,106,13867819914775245572,aec417ecbd435096,7e4b1f15c30f2026,0.768
scenarios/p1-goss-1989/fig2c-r2.json,107,13657258623271652834,e9b356b5514465e3,821c1738b1ce4be2,0.956
scenarios/p1-goss-1989/fig2c-r2.json,108,14564028529157239574,287579d957f63c21,d524dcee33cd2825,0.07
scenarios/p1-goss-1989/fig2c-r2.json,109,18236068050663904582,7f9cc39aa0394f12,e81520cf5a609a22,0.656
scenarios/p1-goss-1989/fig2c-r2.json,110,169171821244688281,8a4f5f30ebe82dff,505e6202edd7c30c,0.988
scenarios/p1-goss-1989/fig2c-r2.json,111,3755855303383881792,bab36f90ad37a2eb,4ff266f8067b5f5d,0.992
scenarios/p1-goss-1989/fig2c-r2.json,112,3072663277253963221,d1890389fe9e4fab,fbc47f4fb1192a74,0.986
scenarios/p1-goss-1989/fig2c-r2.json,113,2177972754394895330,fdafb1371309a44a,37b3c3cb8da504e7,0.942
scenarios/p1-goss-1989/fig2c-r2.json,114,17323226053394039213,c1638ceaee4d6ad8,4b178f0177926cd3,0.932
scenarios/p1-goss-1989/fig2c-r2.json,115,794109224630541382,5b6427c127a417a6,4e95abcf9ec20d6f,0.04
scenarios/p1-goss-1989/fig2c-r2.json,116,12501323156285742873,0e559b01188045d6,8a7b8a762b4b508c,0.67
scenarios/p1-goss-1989/fig2c-r2.json,117,2268176957758891543,2eaa85902fb80c6c,0fdb3545cd1c8da6,0.968
scenarios/p1-goss-1989/fig2c-r2.json,118,17753077454236465505,9e08c09859197ca7,6273dffea227e072,0.982
scenarios/p1-goss-1989/fig2c-r2.json,119,9094440947023503343,30ac6cb7d600bd69,cc8d0178c052fced,0.006
scenarios/p1-goss-1989/fig2c-r2.json,120,16787020675681032506,ddce75e2e689a715,f77817bcd8bdd86d,0.952
scenarios/p1-goss-1989/fig2c-r2.json,121,6961434795154426118,4e886ae3e649be7a,29b91d27186e224b,0.752
scenarios/p1-goss-1989/fig2c-r2.json,122,8667062417118034638,97f03a8131620ac0,a542bd255fe94e4e,0.874
scenarios/p1-goss-1989/fig2c-r2.json,123,6527443942529065832,7cb2c9e50921fca8,60756ebeb2e90dc3,0.986
scenarios/p1-goss-1989/fig2c-r2.json,124,16339764878897269369,37f87e955f96a2fa,6f603f606594c632,0.988
scenarios/p1-goss-1989/fig2c-r2.json,125,7103502258189894001,13a27012c8699514,7889a74cd7e46a6f,0.22
scenarios/p1-goss-1989/fig2c-r2.json,126,14077784156878122741,6b0d014de6b0e796,b37422daae425d11,0.99
scenarios/p1-goss-1989/fig2c-r2.json,127,14862363530783621587,cd8eada942a6d803,f6662e0ce0f5cb31,0.974
scenarios/p1-goss-1989/fig2c-r2.json,128,5001533555009238615,f57e628b756fa241,ff4223d5cbb613e6,0.968
scenarios/p1-goss-1989/fig2c-r2.json,129,8328107005787908510,887b848ddf6600a9,502cd23ec2f5301b,0.89
scenarios/p1-goss-1989/fig2c-r2.json,130,13243585475359655570,2a43d95e0b6c54f1,4447bdfdfeb9dad6,0.97
scenarios/p1-goss-1989/fig2c-r2.json,131,9729475541610062697,03d0316b9b66fb7d,9631dd8a226be475,0.986
scenarios/p1-goss-1989/fig2c-r2.json,132,8363144109688865052,36a41cebeebda13c,2dfd4a841f16e4e4,0.982
scenarios/p1-goss-1989/fig2c-r2.json,133,17885211775883297769,0df49ce15839fa95,43b227889c7ac24e,0.848
scenarios/p1-goss-1989/fig2c-r2.json,134,13354348117226576684,ccd0ca15d65ebb4d,1d5d58d790d36ce2,0.964
scenarios/p1-goss-1989/fig2c-r2.json,135,6680682182240456724,dcae77808c6b9c76,4b28abe1eebdce26,0.79
scenarios/p1-goss-1989/fig2c-r2.json,136,15697382810820431688,ce167efc7f342e42,df14634703a5b486,0.94
scenarios/p1-goss-1989/fig2c-r2.json,137,15083088417582796100,136aa1d952a79b1d,31f3f68d0ab1ac70,0.682
scenarios/p1-goss-1989/fig2c-r2.json,138,17796974847817185319,04abd205f12b030c,6723c27f9ccf7829,0.588
scenarios/p1-goss-1989/fig2c-r2.json,139,4650815521886171044,14b0ce6b6b16bbdb,5d660412eb2594a2,0.94
scenarios/p1-goss-1989/fig2c-r2.json,140,11511878596856664513,4002fecd743a31d4,eaebb9df68d161dc,0.11
scenarios/p1-goss-1989/fig2c-r2.json,141,16458676533422183569,46d124b542d15c01,77f5e1dc9ef512e7,0.908
scenarios/p1-goss-1989/fig2c-r2.json,142,7228720067491178906,1cb2d57ff984ee81,f54d2cadca69677c,0.904
scenarios/p1-goss-1989/fig2c-r2.json,143,7377343314172677154,779486f10020ea91,d6dbc67371c3baff,0.038
scenarios/p1-goss-1989/fig2c-r2.json,144,14403978440963647420,d1142f0c4e86e1e9,906a362b46cea0ff,0.992
scenarios/p1-goss-1989/fig2c-r2.json,145,8700813535252913918,8675f45a6188fa6f,368bf5cac3999e2a,0.966
scenarios/p1-goss-1989/fig2c-r2.json,146,10040314125540388153,5a7a27a8451e6c46,fd95ed00eb9753c4,0.888
scenarios/p1-goss-1989/fig2c-r2.json,147,10368976297108997486,4a61bb44c31bd38e,193dba03d7cc732f,0.972
scenarios/p1-goss-1989/fig2c-r2.json,148,10234502203672889105,8ebdc7445e8eacc7,ee7a6c8f46608acd,0.878
scenarios/p1-goss-1989/fig2c-r2.json,149,8404633974095767702,f928e5b0c8ea3749,602c1ccf3f179101,0.418
scenarios/p1-goss-1989/fig2c-r2.json,150,472084668321007914,5f882175ce621050,a37b829ce6bc2497,0.916
scenarios/p1-goss-1989/fig2c-r2.json,151,9385748516157255480,b6919549d54251ab,063fb43d47292db9,0.806
scenarios/p1-goss-1989/fig2c-r2.json,152,15589917410569812248,a5fcd776c871a5b7,bfbd69e874a40b29,0.978
scenarios/p1-goss-1989/fig2c-r2.json,153,4415649350764811266,b534f43060ee6ae8,9f8ca713a24d5cc1,0.676
scenarios/p1-goss-1989/fig2c-r2.json,154,1075911781260749161,26acf7e5d6129d68,461bcf75bf08e72a,0.95
scenarios/p1-goss-1989/fig2c-r2.json,155,17489185040967656438,ff9b0160085d93ee,a2a193dab5093cac,0.83
scenarios/p1-goss-1989/fig2c-r2.json,156,290277677498772381,0b4083921b0ceb76,186c014fcd312343,0.948
scenarios/p1-goss-1989/fig2c-r2.json,157,13400583766445338897,76c911b1c0599396,573e56fb2d5a1a07,0.984
scenarios/p1-goss-1989/fig2c-r2.json,158,3836936303846335644,ee325fbdfc9c166f,a79804cfd914d82b,0.902
scenarios/p1-goss-1989/fig2c-r2.json,159,12250630477502871850,58dbdb5ef8b9d6ca,4494ad52df4cb417,0.968
scenarios/p1-goss-1989/fig2c-r2.json,160,13088224759555842235,1db3ddce96a6402b,3a64fc3dd7faa64a,0.95
scenarios/p1-goss-1989/fig2c-r2.json,161,17854029889294857015,1dbebd54717c4e0a,03b490d15c4f9daa,0.976
scenarios/p1-goss-1989/fig2c-r2.json,162,13389161783424250076,71111ad0a3293220,11486cffc4666ca0,0.612
scenarios/p1-goss-1989/fig2c-r2.json,163,3053852329097606027,4fe30a8902349b98,bdd9ac5c253fc0cd,0.724
scenarios/p1-goss-1989/fig2c-r2.json,164,13380993004544769164,b873b9540405b412,f26b7a04a2676ecf,0.948
scenarios/p1-goss-1989/fig2c-r2.json,165,2399890851411590524,c6234bce2b91b25d,3f1f9e600b657cff,0.974
scenarios/p1-goss-1989/fig2c-r2.json,166,9239259095029466894,f7e32cbff4dc1796,3141a02ade3d5426,0.05
scenarios/p1-goss-1989/fig2c-r2.json,167,4464143445847748851,f41edd6bce64a283,8715bee9e55e4a4b,0.99
scenarios/p1-goss-1989/fig2c-r2.json,168,18344487674825816056,4265dc90f4ce267c,6c736536663aa213,0.91
scenarios/p1-goss-1989/fig2c-r2.json,169,17577845502808444346,aa70f101d4ae2807,529b6df679dc5830,0.04
scenarios/p1-goss-1989/fig2c-r2.json,170,14602487345536141069,8129dcb68aba6bb6,17c04de708fb829e,0.434
scenarios/p1-goss-1989/fig2c-r2.json,171,12079892299822295313,ea3ec45ecee2e0c8,6b989f14f42f604d,0.54
scenarios/p1-goss-1989/fig2c-r2.json,172,16862478652346725746,63b41a4a1ab4c0c1,151545cc5f07a6e4,0.016
scenarios/p1-goss-1989/fig2c-r2.json,173,15128038848495459634,11f15eba314f459b,3cb307eaf8335498,0.506
scenarios/p1-goss-1989/fig2c-r2.json,174,10109810457230413523,7d7b3a509ff9c9d1,a2eaba2dfbdc63d6,0.802
scenarios/p1-goss-1989/fig2c-r2.json,175,9538240684618037175,9c14c2c05a56e0a0,707efb5d8e9ea348,0.888
scenarios/p1-goss-1989/fig2c-r2.json,176,15732001066006261878,eb941a0cc392f777,d1ae24221a211c7f,0.986
scenarios/p1-goss-1989/fig2c-r2.json,177,5842101348168745632,3b461a68bf30e435,bb6fa6b2f92a8c59,0.958
scenarios/p1-goss-1989/fig2c-r2.json,178,16122969384773228831,f716ffd83d7f2fd3,d746c590236ed1d8,0.874
scenarios/p1-goss-1989/fig2c-r2.json,179,3037582321425317614,ae97903cbe595ac2,9af1e3ba553abcff,0.872
scenarios/p1-goss-1989/fig2c-r2.json,180,3512833517200585005,bb9a2ae52c0fde45,b2d00ac2a88b0bb3,0.966
scenarios/p1-goss-1989/fig2c-r2.json,181,7874014227790601689,e1d4507e24b3495b,24a6beeafb9c3e1b,0.606
scenarios/p1-goss-1989/fig2c-r2.json,182,3914509596465815403,3ef51d856c0b2762,8e4fb4e8873ae1f1,0.37
scenarios/p1-goss-1989/fig2c-r2.json,183,11190770747610771544,baecd820c30476d4,512e91784a7a09e1,0.14
scenarios/p1-goss-1989/fig2c-r2.json,184,5920858895788178707,2ef92e1beb4f8f1b,2ef180eef3d387bb,0.838
scenarios/p1-goss-1989/fig2c-r2.json,185,11226886976076611872,9bba707a78aec4ad,ba28b14faf5f3ea0,0.952
scenarios/p1-goss-1989/fig2c-r2.json,186,18201814585227705171,68c331649169b8e2,90135d3a0f2e3186,0.048
scenarios/p1-goss-1989/fig2c-r2.json,187,1713379881907570646,bd667f27f9e99260,08b7b178652b8915,0.91
scenarios/p1-goss-1989/fig2c-r2.json,188,10940657684656895923,5fc1dc1d662c45bf,913e6905900b84bc,0.076
scenarios/p1-goss-1989/fig2c-r2.json,189,17063481638482255334,cf41d3cacf2f4fe6,3b8e0b7458644157,0.984
scenarios/p1-goss-1989/fig2c-r2.json,190,13686980511748083580,02410ad5c563515f,7f992f2f1a359224,0.118
scenarios/p1-goss-1989/fig2c-r2.json,191,4041042053375224752,6cfc1dfd2ded2e93,89cf73eb94c7ff0a,0.988
scenarios/p1-goss-1989/fig2c-r2.json,192,16372480322295801864,5ce397f11e7530aa,5b92ea0425061600,0.55
scenarios/p1-goss-1989/fig2c-r2.json,193,14354101912867541510,3715b020e2795676,020c04650b15850c,0.976
scenarios/p1-goss-1989/fig2c-r2.json,194,6279291512986344417,38dd471f59d72e0b,ee9d8f7fd24273bb,0.878
scenarios/p1-goss-1989/fig2c-r2.json,195,18192914999494887945,0bcf725fe7c09a5a,206dce2a6e5e56ed,0.988
scenarios/p1-goss-1989/fig2c-r2.json,196,7374812685752877094,e72bf6b391435b2f,d3bccd6936d3e051,0.972
scenarios/p1-goss-1989/fig2c-r2.json,197,3204649578069208091,a1d5e8a46cbe4836,6b6a89194d8145c5,0.028
scenarios/p1-goss-1989/fig2c-r2.json,198,17192303119930095853,74ce5dcacfddcf5e,fdbaca06417422a6,0.986
scenarios/p1-goss-1989/fig2c-r2.json,199,14458802002011178770,cbcc11abde92c8c6,a6443f8cd6f82f03,0.898
scenarios/p1-goss-1989/fig2c-r2.json,200,2367151956573363713,0f1c97e28774520f,6a7667aed04d4ee3,0.924
scenarios/p1-goss-1989/fig2c-r2.json,201,5222527525952580054,5f0190bfad13bc08,471edf5f6dd868da,0.958
scenarios/p1-goss-1989/fig2c-r2.json,202,17856448817520721834,ced06390915bdda5,804ba987f2a27867,0.918
scenarios/p1-goss-1989/fig2c-r2.json,203,2698397095464329396,38d9830e863229c7,85fc031efe92fe2c,0.578
scenarios/p1-goss-1989/fig2c-r2.json,204,12432959634109802448,ed1d9b644c9e86fb,d2a73d624f0b3227,0.914
scenarios/p1-goss-1989/fig2c-r2.json,205,12305442593558267348,2cb451d72f1cfd29,c8122f41e40acb69,0.282
scenarios/p1-goss-1989/fig2c-r2.json,206,5680518192526910559,3b6389dce68df532,e77b94e04f5d0595,0.96
scenarios/p1-goss-1989/fig2c-r2.json,207,7177815410501151316,1c592e3991f83893,de495717179361b1,0.976
scenarios/p1-goss-1989/fig2c-r2.json,208,1891260441997581325,6f1d346621d6bbeb,3ea316c33ab21060,0.986
scenarios/p1-goss-1989/fig2c-r2.json,209,18206317620537848773,030bbf7a7854f434,11f31c6edfd50589,0.686
scenarios/p1-goss-1989/fig2c-r2.json,210,1938222870403302410,eb667a3f5d4400dc,b344b33833bb6d39,0.972
scenarios/p1-goss-1989/fig2c-r2.json,211,7857084480958756675,3d3e24004f8c2c53,d74153fc5b0dd4da,0.966
scenarios/p1-goss-1989/fig2c-r2.json,212,10788865458059243910,bb5ffb1a73684717,79b45afc55ee3b53,0.878
scenarios/p1-goss-1989/fig2c-r2.json,213,16031802161144836941,92a66d494d4e0d46,130be00bc092dcab,0.976
scenarios/p1-goss-1989/fig2c-r2.json,214,14596130474006622494,d0aafc5d7c0d6147,b93f7e2708b9d3db,0.876
scenarios/p1-goss-1989/fig2c-r2.json,215,15164731225407909192,866271d5b0f77691,a2115c60588dd977,0.986
scenarios/p1-goss-1989/fig2c-r2.json,216,325475999064002257,18d67a80db189cf3,dcc4e2e9273377fe,0.864
scenarios/p1-goss-1989/fig2c-r2.json,217,17702986552976319254,243b1892009357b5,9c525cc44716204c,0.96
scenarios/p1-goss-1989/fig2c-r2.json,218,16267265406890263107,d33332fa0c4f1fd5,ed8c93780e37fff9,0.982
scenarios/p1-goss-1989/fig2c-r2.json,219,6784423080290416658,d6fab5ef220f228f,7d81e769552ac73d,0.99
scenarios/p1-goss-1989/fig2c-r2.json,220,8176869311746504309,619f69a61bdeb250,860c99bf1df6643c,0.044
scenarios/p1-goss-1989/fig2c-r2.json,221,3831578152513418200,35056fd86f2fff9b,93c38b6eb9c52487,0.404
scenarios/p1-goss-1989/fig2c-r2.json,222,6184760540625525542,11619ce5c1e82a0e,28f858284216315a,0.63
scenarios/p1-goss-1989/fig2c-r2.json,223,11278244174335034537,4a6ccc96a59c654a,c2aab8138a3b6cc5,0.994
scenarios/p1-goss-1989/fig2c-r2.json,224,17751840049998882070,5c2cbdcf65a494d4,c02641b4dd007620,0.154
scenarios/p1-goss-1989/fig2c-r2.json,225,15337352328261722091,0cad38bb8b9770d1,723dacdd7043beb8,0.98
scenarios/p1-goss-1989/fig2c-r2.json,226,2937043208724458528,e7ee1b9e6e4f1836,e88d2d908bad5c7f,0.764
scenarios/p1-goss-1989/fig2c-r2.json,227,435970416698058401,c124f2ca8e2727a0,8aa740ba135d1f70,0.97
scenarios/p1-goss-1989/fig2c-r2.json,228,2736365790002868370,10ffdd4c076c81b7,f3615f9bd30ac5ac,0.938
scenarios/p1-goss-1989/fig2c-r2.json,229,5519983976346618719,7c6ea58201a1a62a,376c77f2d8c96c5c,0.994
scenarios/p1-goss-1989/fig2c-r2.json,230,5129313237803670729,685649a21063baee,7655b46956e169c8,0.978
scenarios/p1-goss-1989/fig2c-r2.json,231,6649577911592843861,817fad3d8590e974,70ad626592a942c6,0.984
scenarios/p1-goss-1989/fig2c-r2.json,232,35354831327719438,25768ef8336489a8,3c436a92d0bfab26,0.96
scenarios/p1-goss-1989/fig2c-r2.json,233,16650205089512530209,4d4cdd5791d88b08,94aee9123ff8325c,0.96
scenarios/p1-goss-1989/fig2c-r2.json,234,9565383657084042439,5a1e5ce1a629a3b6,72a09c67995d0032,0.964
scenarios/p1-goss-1989/fig2c-r2.json,235,3140680493000903593,7887f9de1f13e137,e1b3d53e01a88e31,0.954
scenarios/p1-goss-1989/fig2c-r2.json,236,4239875697886588526,0ed130726508dedb,e89ecc738219669c,0.54
scenarios/p1-goss-1989/fig2c-r2.json,237,7959156467661915964,ddf33ca5cc9cd9ab,88cdb9c53cfbc187,0.028
scenarios/p1-goss-1989/fig2c-r2.json,238,15223658093483982548,31cff07c6a127b9f,0aab4fb98eef8ed5,0.334
scenarios/p1-goss-1989/fig2c-r2.json,239,4864969738782736706,ae131c6d8f38a9bf,35a08529f4d3077a,0.88
scenarios/p1-goss-1989/fig2c-r2.json,240,9125329981053168614,fd9ef29dfbe600da,5eceeae1fa05b071,0.774
scenarios/p1-goss-1989/fig2c-r2.json,241,16938978077405446465,990b7005cfd6a828,2a37c733cc42ef15,0.982
scenarios/p1-goss-1989/fig2c-r2.json,242,10432156791865564773,084d852535fe1893,992349c88143d518,0.778
scenarios/p1-goss-1989/fig2c-r2.json,243,15563480564936413703,64ce6cd8db607e07,9daa7a7455ca4a0c,0.954
scenarios/p1-goss-1989/fig2c-r2.json,244,1073647006675900625,8f3add99904d0cb5,bbc8a436b3d7d8d9,0.98
scenarios/p1-goss-1989/fig2c-r2.json,245,10505157426672262376,15c784c4ef8d39b7,efaa827fc1bb04f6,0.296
scenarios/p1-goss-1989/fig2c-r2.json,246,2524762235089194709,e8169246966f22fc,ab2524fec2759e42,0.546
scenarios/p1-goss-1989/fig2c-r2.json,247,7675223155612650610,6f8a57f29251935c,7c9031d34903e01b,0.79
scenarios/p1-goss-1989/fig2c-r2.json,248,3947941658022234923,f400ff233c4e1ad5,75a8c26228af7fd0,0.96
scenarios/p1-goss-1989/fig2c-r2.json,249,9177054087288787586,e1408e461a124491,4f46875b3dc8546b,0.996
scenarios/p1-goss-1989/fig2c-r2.json,250,6158383683732431974,df2116ccca5a3d4f,1409b8479fc6852e,0.608
scenarios/p1-goss-1989/fig2c-r2.json,251,9294134809095734492,85624a9d4301252f,326675e293ec45d3,0.816
scenarios/p1-goss-1989/fig2c-r2.json,252,8039719206036176721,fffa7ec3d9b58827,b37ac86b5050414d,0.912
scenarios/p1-goss-1989/fig2c-r2.json,253,11301239924066776506,10ad85588c91467c,3a17ed69e97b7580,0.96
scenarios/p1-goss-1989/fig2c-r2.json,254,8394560606067800842,69d3bd81ddf13050,fff2fa818e53c9a3,0.918
scenarios/p1-goss-1989/fig2c-r2.json,255,12026044336688163114,309f37eb295540c6,8f8e5f31172b506a,0.992
scenarios/p1-goss-1989/fig2c-r2.json,256,16083958500854278418,fa1780ebe7b744d1,96c28c4e3eb0370f,0.974
scenarios/p1-goss-1989/fig2c-r2.json,257,6427104328673362200,1bbc4ec65545c6dc,9e1a837b7a2edcbd,0.31
scenarios/p1-goss-1989/fig2c-r2.json,258,8168372319099564874,c66a292d97828aa1,59540e7c08b937f1,0.982
scenarios/p1-goss-1989/fig2c-r2.json,259,15871483609971263128,8121b0f4178ce061,c7312eeba98c4ffa,0.06
scenarios/p1-goss-1989/fig2c-r2.json,260,3583981775250814132,031880da2e9eddcf,7f8c9a0382ade711,0.978
scenarios/p1-goss-1989/fig2c-r2.json,261,3962757609684815712,bfd84913759e6d92,e0386e51883ebf69,0.048
scenarios/p1-goss-1989/fig2c-r2.json,262,42577034994449789,258645192285ac2a,c523df2ff40a4470,0.954
scenarios/p1-goss-1989/fig2c-r2.json,263,3313396280337688949,752fc01126ba3e0c,66c344fdab1ffdb1,0.852
scenarios/p1-goss-1989/fig2c-r2.json,264,10315636641320007264,2139ff688d55c000,6b7f2324831d78df,0.994
scenarios/p1-goss-1989/fig2c-r2.json,265,9502870748545681045,8bed82eb390d09ee,394be44509520080,0.67
scenarios/p1-goss-1989/fig2c-r2.json,266,5662240076481479939,97a1ca816aa62350,275c4a677dedbcbb,0.016
scenarios/p1-goss-1989/fig2c-r2.json,267,13964538915306525643,6899fd05ec97facb,8e7bd26a888d994d,0.762
scenarios/p1-goss-1989/fig2c-r2.json,268,11660188779049755045,fcd6582691bcd68c,01aa5495cb4a7b00,0.924
scenarios/p1-goss-1989/fig2c-r2.json,269,5194881412513278469,64c577e509a3fe8e,2a62b6a90b7466b6,0.972
scenarios/p1-goss-1989/fig2c-r2.json,270,2251042827821293102,cde43ff4dbb7b435,ef3c06af30d64020,0.986
scenarios/p1-goss-1989/fig2c-r2.json,271,13263420802847100237,01ff98d124563357,f34e2ec674c48ede,0.138
scenarios/p1-goss-1989/fig2c-r2.json,272,18316375738372510818,94b465dd9316cdcd,b7cacf6c1d1492b1,0.01
scenarios/p1-goss-1989/fig2c-r2.json,273,2449309990111994272,796f4e16c20275be,df5a6409d3f9fc35,0.982
scenarios/p1-goss-1989/fig2c-r2.json,274,9671000739064823823,c8f034b58134719d,faec71f2a4b86351,0.942
scenarios/p1-goss-1989/fig2c-r2.json,275,17124531888348997507,4dbfc4ffcd2f89dd,fd332139050815e2,0.36
scenarios/p1-goss-1989/fig2c-r2.json,276,15463885626478291387,d8d46f401cf3b64d,62211ee6f55441f3,0.98
scenarios/p1-goss-1989/fig2c-r2.json,277,4794348072485890117,b10a079c67b237c8,ee7711b79d6b013f,0.94
scenarios/p1-goss-1989/fig2c-r2.json,278,17350113389311791719,fd7f3b6f6f22b7bd,a4154d3daeb2bf76,0.974
scenarios/p1-goss-1989/fig2c-r2.json,279,10591701987402755700,6df3a794d9715ec5,30217dbe318ef41c,0.742
scenarios/p1-goss-1989/fig2c-r2.json,280,390281836049980513,17ce55aebc5e154f,c5c97b123f7c361c,0.942
scenarios/p1-goss-1989/fig2c-r2.json,281,18081015477113750963,5e37e36a96cb04c9,9f876ccdf24114bb,0.85
scenarios/p1-goss-1989/fig2c-r2.json,282,4797763543524029321,588469844ee1a4c3,93b262a25db9f05f,0.446
scenarios/p1-goss-1989/fig2c-r2.json,283,2709864388719974034,b983018bb5df17af,c47f7a0b24959c90,0.026
scenarios/p1-goss-1989/fig2c-r2.json,284,12140024887508527524,ba51c424d65dfe77,a9a476da2f27af97,0.038
scenarios/p1-goss-1989/fig2c-r2.json,285,2866169676947330676,ab5bb0fcf3d84607,dffd01e2166f8ee6,0.988
scenarios/p1-goss-1989/fig2c-r2.json,286,1213546098817697099,07cc9134d7b5cc77,a4e899f5ac118191,0.98
scenarios/p1-goss-1989/fig2c-r2.json,287,15214881063459395430,939bac29d57d6838,b7b900ccf27fcd91,0.022
scenarios/p1-goss-1989/fig2c-r2.json,288,15400029556474535828,053209113c76ffa1,7c57a62d7d66e70c,0.882
scenarios/p1-goss-1989/fig2c-r2.json,289,8580860910498385170,fb14c6c672eba078,a6289ed577a8765f,0.906
scenarios/p1-goss-1989/fig2c-r2.json,290,17967361435285128172,f4599a472eeab856,7ddb32ffb79026e4,0.978
scenarios/p1-goss-1989/fig2c-r2.json,291,11624658219638192696,9b14cff8c42e616b,0fc6be24b13ae174,0.102
scenarios/p1-goss-1989/fig2c-r2.json,292,7393887601266713054,67f52323b450045e,38c03c94dbbf8b1f,0.4
scenarios/p1-goss-1989/fig2c-r2.json,293,8787602026929917081,bea7f76503d3d245,da13a70c3ea4b570,0.96
scenarios/p1-goss-1989/fig2c-r2.json,294,9879405553251403734,f756ce5e7299eec1,4d3d952e3a3f4caa,0.946
scenarios/p1-goss-1989/fig2c-r2.json,295,291501255167932907,691f73be75063055,f9ef03bfde52b375,0.818
scenarios/p1-goss-1989/fig2c-r2.json,296,11324407991693731410,01f1b1dc79d6d943,e532ce06967b08ff,0.97
scenarios/p1-goss-1989/fig2c-r2.json,297,7266273368520927566,ae76c4d453e85918,90a6205ab368d655,0.882
scenarios/p1-goss-1989/fig2c-r2.json,298,7851425493981058065,846df8303f7cd05f,cb97cd30f3d6a357,0.942
scenarios/p1-goss-1989/fig2c-r2.json,299,3418713978962426443,aea54764adedda0d,40c75fe6078afca1,0.834
scenarios/p1-goss-1989/fig2c-r2.json,300,16740418718730448837,d5de4bae6b3a712d,b5d9e99fcd48c92a,0.152
scenarios/p1-goss-1989/fig2c-r2.json,301,11303163536876254107,219764948c5eb6f4,194aca68273e6cf8,0.992
scenarios/p1-goss-1989/fig2c-r2.json,302,6597229041662644026,fdc71d3c235973d1,4b100cd52688b39e,0.19
scenarios/p1-goss-1989/fig2c-r2.json,303,10119540480723383480,256e14c35e7ab24e,a84801c66965977e,0.022
scenarios/p1-goss-1989/fig2c-r2.json,304,16872412910770131512,e06178a96bd4fd8e,17a952e112b56a5b,0.284
scenarios/p1-goss-1989/fig2c-r2.json,305,235739967791489829,59b37b670ab4d48c,620579ebc40fa95b,0.794
scenarios/p1-goss-1989/fig2c-r2.json,306,4676552581925313556,0ff014e6c50109b8,edec0f1d7e2cf90f,0.846
scenarios/p1-goss-1989/fig2c-r2.json,307,10928743980245167211,943053a272d61419,8957714ea54f8289,0.542
scenarios/p1-goss-1989/fig2c-r2.json,308,13456942685272251458,9266de007d9c47af,9a4f11438686c01d,0.702
scenarios/p1-goss-1989/fig2c-r2.json,309,5010279127312674498,bd99847c50b3ec86,cb29ac4ad1c197e5,0.266
scenarios/p1-goss-1989/fig2c-r2.json,310,18186691819659631999,2f55c0d1a048f700,11ea8f3c6e1646ef,0.99
scenarios/p1-goss-1989/fig2c-r2.json,311,7458708181227431686,09e386c178aac02e,6d93908f954b237b,0.974
scenarios/p1-goss-1989/fig2c-r2.json,312,4612685760829663784,bde4a77bcad2e033,1c51aa9fcf60686c,0.416
scenarios/p1-goss-1989/fig2c-r2.json,313,8399948996752217050,f502fa48a28d248a,2966cdd0e1ec1135,0.946
scenarios/p1-goss-1989/fig2c-r2.json,314,2077434075618830868,a5a7edf0583dbb22,70441395a50339a4,0.206
scenarios/p1-goss-1989/fig2c-r2.json,315,5136552069400539276,9abbcde243cbfa68,39a49e3c2c8bd32d,0.992
scenarios/p1-goss-1989/fig2c-r2.json,316,6107277544116302715,ef98d3f67ef4186f,5bf15d503eb0c038,0.994
scenarios/p1-goss-1989/fig2c-r2.json,317,4049614881694975355,6900fd98ed38b167,700141fcb2c5bf72,0.93
scenarios/p1-goss-1989/fig2c-r2.json,318,2038306845949262483,36b9298d65b64309,a9e40a55df5ce60d,0.946
scenarios/p1-goss-1989/fig2c-r2.json,319,220382068158457546,8c8ff36884db34e4,47235e7cc2e3fe44,0.982
scenarios/p1-goss-1989/fig2c-r2.json,320,15356087352737011187,e3dbe6bd5926ff6a,885428de9290f7b5,0.514
scenarios/p1-goss-1989/fig2c-r2.json,321,859743386615565405,88fc0df075c4dd22,15c4a8abe5c30bea,0.922
scenarios/p1-goss-1989/fig2c-r2.json,322,14088290045057923833,d349d7537ff3f928,df0511942ea02d19,0.978
scenarios/p1-goss-1989/fig2c-r2.json,323,13079663343729502643,3b53ea4899ade180,c15db56ede5b0376,0.994
scenarios/p1-goss-1989/fig2c-r2.json,324,15025433247231076186,ad27d68e93c275ef,9efc9eac949d0731,0.956
scenarios/p1-goss-1989/fig2c-r2.json,325,11871527556491456258,0bd04cd2f5c4dfd6,e2b30e7807282dd7,0.954
scenarios/p1-goss-1989/fig2c-r2.json,326,465952369347412771,613875d3d1a95a10,c614973c55a81479,0.916
scenarios/p1-goss-1989/fig2c-r2.json,327,8434415874693934611,6d4dfb6c5034ec10,a4031e127d11ec06,0
scenarios/p1-goss-1989/fig2c-r2.json,328,7525215856489999539,20baf11c99c4d2f4,ba93a53409a491dd,0.972
scenarios/p1-goss-1989/fig2c-r2.json,329,3165416093517834191,17d5c81e92062334,5e45212b3c969dbc,0.182
scenarios/p1-goss-1989/fig2c-r2.json,330,173864332558575128,a31e76f1b1422d5a,47df083bd2e27105,0.956
scenarios/p1-goss-1989/fig2c-r2.json,331,7295100987295016457,862c8f4dfd331bf7,b5c0f005ab13f758,0.966
scenarios/p1-goss-1989/fig2c-r2.json,332,320845832934265875,caaef7687d917d6a,863bdb2d6e0f7c57,0.978
scenarios/p1-goss-1989/fig2c-r2.json,333,2604691859929427806,b4d79554341dd830,5598afbd82e778ed,0.93
scenarios/p1-goss-1989/fig2c-r2.json,334,13844970462036691030,df6c4c997e7fb033,8a595e0855f8e21e,0.08
scenarios/p1-goss-1989/fig2c-r2.json,335,17329325645289349136,d1acfb8a83ac1b1f,f51979b25a777933,0.976
scenarios/p1-goss-1989/fig2c-r2.json,336,8936874744438303009,5699a30e97ddf6b2,0a80a6ba6e79f6de,0.986
scenarios/p1-goss-1989/fig2c-r2.json,337,11193390822460377030,7908d3929ccfae71,84589b1d8d018614,0.928
scenarios/p1-goss-1989/fig2c-r2.json,338,15072188115749042581,6c66da073a6c9f15,5c033a06e05e149a,0.186
scenarios/p1-goss-1989/fig2c-r2.json,339,10926063512941285611,589d0b6de0fcfcad,f73690add3c93fe2,0.95
scenarios/p1-goss-1989/fig2c-r2.json,340,17559148951172404155,30e5745bd4af549f,6912f609c992dee7,0.186
scenarios/p1-goss-1989/fig2c-r2.json,341,2721255368980732858,36221e9b36484d0e,ee29cad14333bc17,0.61
scenarios/p1-goss-1989/fig2c-r2.json,342,2060190063987510414,92b1aabda78065e0,1a6c232fdf25621e,0.008
scenarios/p1-goss-1989/fig2c-r2.json,343,15799253839459132230,07f592423486d676,130c4b3128de7d1c,0.972
scenarios/p1-goss-1989/fig2c-r2.json,344,9510476100472582922,b1cd122d3be1e6b8,bf8ad4f48f29ce56,0.798
scenarios/p1-goss-1989/fig2c-r2.json,345,11574913969897324531,fa010f83c06b62f7,b3af11abcd6f3d69,0.052
scenarios/p1-goss-1989/fig2c-r2.json,346,1561409187684960025,ccd36c839adf6231,887235c42fa80384,0.884
scenarios/p1-goss-1989/fig2c-r2.json,347,15634793991664890766,fa8e2d4614f93ff8,d30ebf0b34d3c55e,0.964
scenarios/p1-goss-1989/fig2c-r2.json,348,6421092050560477917,a99dca440ed6419b,8df293c19c9b9d02,0.858
scenarios/p1-goss-1989/fig2c-r2.json,349,4548064138078318435,eeca213f25296882,312531155f1c968a,0.818
scenarios/p1-goss-1989/fig2c-r2.json,350,11837686462200122712,6f5de749f8a6e57d,d7d26cef372a36ad,0.042
scenarios/p1-goss-1989/fig2c-r2.json,351,306763593078371989,9be4ef3c6bf2edb6,4e208360c02b6384,0.378
scenarios/p1-goss-1989/fig2c-r2.json,352,10583647543601607967,6b6687c809152401,da8575c0012346c8,0.968
scenarios/p1-goss-1989/fig2c-r2.json,353,11936891714882346840,5c495dc4bf0e81ce,0d9f9121b84c012e,0.992
scenarios/p1-goss-1989/fig2c-r2.json,354,15688117043760114493,9ceba5cf27a2a120,93dd3ba72ee644a9,0.952
scenarios/p1-goss-1989/fig2c-r2.json,355,5852014790381531828,0cb3f1b98aa165ea,47e61bfea529cac5,0.94
scenarios/p1-goss-1989/fig2c-r2.json,356,2459647992568535183,672d8825ef650b7a,b5cde8e6e3616443,0.986
scenarios/p1-goss-1989/fig2c-r2.json,357,8562787784544299262,a088961bc0b7de5e,01be4a13261acc1f,0.3
scenarios/p1-goss-1989/fig2c-r2.json,358,8814054081625456197,9df023de21bbe6c9,a3301c643fe25f36,0.228
scenarios/p1-goss-1989/fig2c-r2.json,359,10411028653331583848,d43e8c6f027dd2b8,956448b7e164fe06,0.992
scenarios/p1-goss-1989/fig2c-r2.json,360,5875391461391128204,bd34555433fa1ba3,86ec862fb7be012b,0.894
scenarios/p1-goss-1989/fig2c-r2.json,361,2955298319994557367,73ec999b19e14d41,84801a94b71c673b,0.912
scenarios/p1-goss-1989/fig2c-r2.json,362,14232007193730035293,904d926738fe8a52,f71e6b06dd979f98,0.98
scenarios/p1-goss-1989/fig2c-r2.json,363,9641150029025265359,28665f3b8d22826e,3ccc0ead9d6b427b,0.998
scenarios/p1-goss-1989/fig2c-r2.json,364,8685602970239008737,8985febd3dd2cff8,95b8a7227189c510,0.07
scenarios/p1-goss-1989/fig2c-r2.json,365,12119441722050517338,466fc0fdbcbe2cbc,251a0acb20e1c525,0.982
scenarios/p1-goss-1989/fig2c-r2.json,366,16976123977889969533,f1887bbb9f3f13bc,ec2575f74f34211e,0.844
scenarios/p1-goss-1989/fig2c-r2.json,367,15414751860834076409,6c70808831904a38,34f893c30979b53b,0.98
scenarios/p1-goss-1989/fig2c-r2.json,368,7237873610255031672,6201a4a6b51ea80c,34ea30988b775140,0.992
scenarios/p1-goss-1989/fig2c-r2.json,369,12356744094735736146,2d5d1949e981df41,a6636a96b8648502,0.914
scenarios/p1-goss-1989/fig2c-r2.json,370,12238555543569146820,22dbce122d9eaf9e,efe49716843071c1,0.952
scenarios/p1-goss-1989/fig2c-r2.json,371,6863388771581255146,60dd53671321008a,161f70542e3b2879,0.918
scenarios/p1-goss-1989/fig2c-r2.json,372,17534312965607523211,9232275120ef2df7,6fe33d7af2957193,0.946
scenarios/p1-goss-1989/fig2c-r2.json,373,5145617487788980547,404d7acd49e6188c,916f8740877445a5,0.068
scenarios/p1-goss-1989/fig2c-r2.json,374,9648731854837365244,087b950d01a525a4,7224a5829c3c8ce9,0.236
scenarios/p1-goss-1989/fig2c-r2.json,375,9833110417936815748,5153045fb9afc59a,63537420e128a4dc,0.04
scenarios/p1-goss-1989/fig2c-r2.json,376,3068522472682240638,02009bb8ad0842e0,81a5fa0dbe29dc46,0.984
scenarios/p1-goss-1989/fig2c-r2.json,377,17495619317754978868,55dd53636265bbc8,c2df7c1fa8a47bfa,0.044
scenarios/p1-goss-1989/fig2c-r2.json,378,238978847523753066,f6a599f2d58cd109,13f73659bcf6d11b,0.772
scenarios/p1-goss-1989/fig2c-r2.json,379,11089426891856522328,cc96bf3ff967999b,7a0e854d7d16e081,0.23
scenarios/p1-goss-1989/fig2c-r2.json,380,16900485074146021744,45fccc71d91aab38,71400c7f2d69f127,0.762
scenarios/p1-goss-1989/fig2c-r2.json,381,12216996513927165659,8e8a42fd784cadb2,cec95723d25478f4,0.93
scenarios/p1-goss-1989/fig2c-r2.json,382,784086128890672328,c578f4ae8aa74c9d,e295d4e43361de0f,0.992
scenarios/p1-goss-1989/fig2c-r2.json,383,944356046794751146,0f65f8f15027f8c4,5f1eaa8535bc9541,0.348
scenarios/p1-goss-1989/fig2c-r2.json,384,8997493533793767876,944fde3140c7166e,39af225308a1cffd,0.952
scenarios/p1-goss-1989/fig2c-r2.json,385,6052349605314616353,1bb552e1f06b3478,53a6c32df9f318e8,0.994
scenarios/p1-goss-1989/fig2c-r2.json,386,12599376348904773661,3ca65e44ea4c3318,3d825728eb3ea4ad,0.89
scenarios/p1-goss-1989/fig2c-r2.json,387,4942156496325075198,5f729cc5e8d7f3ec,9dc64fe123cf2292,0.978
scenarios/p1-goss-1989/fig2c-r2.json,388,2337883788207178485,eae2f47f920480d2,e5ada71e923ec155,0.072
scenarios/p1-goss-1989/fig2c-r2.json,389,1942793198510790873,89ec64032d9f4af4,63a8d30a714cea8a,0.304
scenarios/p1-goss-1989/fig2c-r2.json,390,9470657927823871585,826e6e3c9cc39e59,1f1f342f7771b3cc,0.978
scenarios/p1-goss-1989/fig2c-r2.json,391,1474128730789360070,78d680284b327581,84b9be57601bfa5d,0.446
scenarios/p1-goss-1989/fig2c-r2.json,392,1876295371385181893,64069c5ac2e338ba,f0f51514fabb686e,0.968
scenarios/p1-goss-1989/fig2c-r2.json,393,17414106400395513631,5432cc02fdf50c03,2619a48f79c82344,0.982
scenarios/p1-goss-1989/fig2c-r2.json,394,10725663497950247322,4c40eb851fc0ecb8,639a3e2bda8a31b6,0.914
scenarios/p1-goss-1989/fig2c-r2.json,395,17129308434697066062,730864d28a7380c9,4faa667ee04471b1,0.698
scenarios/p1-goss-1989/fig2c-r2.json,396,4149244004449254545,adcb3949422ece24,f9b90d30d44279c4,0.872
scenarios/p1-goss-1989/fig2c-r2.json,397,18340869622145531548,7e4b2ec674155183,03f9a363beae12e8,0.61
scenarios/p1-goss-1989/fig2c-r2.json,398,67822205586576347,7446047ea776c673,ce07a879eaeb280f,0.924
scenarios/p1-goss-1989/fig2c-r2.json,399,12280798080314069082,e497d0212bd97fb3,0d1e4a5dec7c7a6b,0.888
scenarios/p1-goss-1989/fig2c-r2.json,400,17802583299232599268,b5da02f7929dd235,05e304441640fa46,0.956
scenarios/p1-goss-1989/fig2c-r2.json,401,14677013482068692191,e955227d5c3ec233,93afd87427cc98fb,0.654
scenarios/p1-goss-1989/fig2c-r2.json,402,1251545344072027783,cc8c654add73a911,671151de4d1ebc56,0.074
scenarios/p1-goss-1989/fig2c-r2.json,403,5859068524542455223,d76965498f82b160,8e858f028df71c3d,0.84
scenarios/p1-goss-1989/fig2c-r2.json,404,8476736162068805246,6af987ebe9b9bc61,7d5d059df1d5c385,0.446
scenarios/p1-goss-1989/fig2c-r2.json,405,13975880898346516272,9e430154890e4321,cc4071a5f7616658,0.818
scenarios/p1-goss-1989/fig2c-r2.json,406,17900103115701503530,2361ba35ce9cd1e6,c19d019bdd1b4847,0.986
scenarios/p1-goss-1989/fig2c-r2.json,407,5590013524669629894,418a2270e12592e2,4cc19e86f1ec5559,0.77
scenarios/p1-goss-1989/fig2c-r2.json,408,9386865196773306638,d18c3f021ade7cd7,4bfec5bd4c104558,0.924
scenarios/p1-goss-1989/fig2c-r2.json,409,2598359583859897653,052cc963f3e9ccc9,dca473e417f9ebb4,0.988
scenarios/p1-goss-1989/fig2c-r2.json,410,8450099797488511668,ad629ab8e100a802,5d1b79af0f57945c,0.858
scenarios/p1-goss-1989/fig2c-r2.json,411,16377237263252633140,3ad10d246d3c6c74,53f3f4b8e0ea1461,0.136
scenarios/p1-goss-1989/fig2c-r2.json,412,11068520547074121306,93c328bc451b4224,31b50de94a5cec64,0.024
scenarios/p1-goss-1989/fig2c-r2.json,413,17339299159322563751,38f029051cb97b9b,ec8bc99fd781a20e,0.146
scenarios/p1-goss-1989/fig2c-r2.json,414,5348483626583373667,be7d7c26344f1277,8158ab22082c2e7a,0.952
scenarios/p1-goss-1989/fig2c-r2.json,415,11580241022221825258,d6ec5e7c5e8e3c61,919990c699ea6dd9,0.024
scenarios/p1-goss-1989/fig2c-r2.json,416,17912078617444715918,3658f8d16d72de40,8471cd07ea61a983,0.738
scenarios/p1-goss-1989/fig2c-r2.json,417,17413909142289566668,18079eb535306a8e,df24c1f97d023a4c,0.936
scenarios/p1-goss-1989/fig2c-r2.json,418,923452734387826493,339b03cc0e2afbb3,ae5701047f90fe77,0.454
scenarios/p1-goss-1989/fig2c-r2.json,419,8688281458439980658,b3e0feba11a0ce1b,a66fd81a46e18d1d,0.53
scenarios/p1-goss-1989/fig2c-r2.json,420,14853293227208692792,f6df5174cedc1a2a,b737f67147861f1c,0.782
scenarios/p1-goss-1989/fig2c-r2.json,421,9893070008874104398,246cc3271d74671b,b537bc03bb8c8f43,0.906
scenarios/p1-goss-1989/fig2c-r2.json,422,18009923327859540793,59dcf3cabf7d7843,54f0cb8f754e0c16,0.138
scenarios/p1-goss-1989/fig2c-r2.json,423,18041955100789821501,8be67df06d930110,ebe25e3cbc7ec3e0,0.822
scenarios/p1-goss-1989/fig2c-r2.json,424,17266982748583698602,987e200afb609189,b50f2ec75f49b22c,0.294
scenarios/p1-goss-1989/fig2c-r2.json,425,7720627866691365871,1cff94c0d071ac63,35f275d8b2296706,0.942
scenarios/p1-goss-1989/fig2c-r2.json,426,11812840121913133833,33be6d9b283b7367,85f6ccdf30a0fdf0,0.778
scenarios/p1-goss-1989/fig2c-r2.json,427,5786157937740752046,7e66158e0c3aa1a4,c097b126cc92391e,0.92
scenarios/p1-goss-1989/fig2c-r2.json,428,588482873935975383,161b64bc1fa8e581,78ff444efeff4b1d,0.5
scenarios/p1-goss-1989/fig2c-r2.json,429,14911671873572700736,1d793c08b80e7486,819c8333153c60da,0.91
scenarios/p1-goss-1989/fig2c-r2.json,430,13093008145679454517,7e8e12b4ad46c0fa,78d4bc336723e4c4,0.926
scenarios/p1-goss-1989/fig2c-r2.json,431,17844879921767247359,6bee69c664d76342,5e1b0e25d78e18b9,0.508
scenarios/p1-goss-1989/fig2c-r2.json,432,9228267176230394189,e7710cc2a95e8f7d,7e5778894491cf81,0.294
scenarios/p1-goss-1989/fig2c-r2.json,433,6037936041577029444,b17851635cc23a21,851eb354991e7c77,0.988
scenarios/p1-goss-1989/fig2c-r2.json,434,3659017244803787009,360f87c7bd82b736,8f0f1064f7dd0bcd,0.93
scenarios/p1-goss-1989/fig2c-r2.json,435,10308321222183442309,a07977f6cf12fd11,a1ea02cd41f9ecc5,0.938
scenarios/p1-goss-1989/fig2c-r2.json,436,1861519321499521425,a0f64c9d471ab592,1f41c7c8f43e9142,0.966
scenarios/p1-goss-1989/fig2c-r2.json,437,7854207400892948800,2844f2e6410d5f0a,773763833d7f01eb,0.634
scenarios/p1-goss-1989/fig2c-r2.json,438,6777600836348042918,5a1af8946f13e0de,279b9949d81d5def,0.874
scenarios/p1-goss-1989/fig2c-r2.json,439,13552370422053141148,a6a6b41bb0b914ea,dff66fff11c5b911,0.328
scenarios/p1-goss-1989/fig2c-r2.json,440,13804290956869867699,cbee6fc6495259b8,f7ee045003bf8d4e,0.972
scenarios/p1-goss-1989/fig2c-r2.json,441,738275376666517011,c421b2ee291d836d,f00d1597f8935b17,0.974
scenarios/p1-goss-1989/fig2c-r2.json,442,5571709834585409145,77594fffcc5f7f9d,63e2e1c5cd89c4a6,0.022
scenarios/p1-goss-1989/fig2c-r2.json,443,15749336089862073051,36d90376a86d079b,e7507d2ca02218cd,0.322
scenarios/p1-goss-1989/fig2c-r2.json,444,15516944992778258798,b9fd63b3b7fb77fb,a4c09e0f931b054e,0.95
scenarios/p1-goss-1989/fig2c-r2.json,445,10861961707277939103,edd58e12aeb28139,4e8c5696c2fe2130,0.87
scenarios/p1-goss-1989/fig2c-r2.json,446,2518918827013238421,0978daef13684707,a17068cc30832dc7,0.994
scenarios/p1-goss-1989/fig2c-r2.json,447,2090407729257643484,7243cf23044d4c32,cb23c85a909957df,0.63
scenarios/p1-goss-1989/fig2c-r2.json,448,2757116566368898280,5b1f4576ecc4f4f5,acab4e3dfc13c38e,0.758
scenarios/p1-goss-1989/fig2c-r2.json,449,8264901102989837354,6580bbf525cfca03,78a7a290a8cf2b74,0.984
scenarios/p1-goss-1989/fig2c-r2.json,450,13951227380045772279,26712e50ebeafdb7,6884a875fd7ed512,0.014
scenarios/p1-goss-1989/fig2c-r2.json,451,4902050095675120401,dce820220b2d1e70,8556e3cc491563da,0.902
scenarios/p1-goss-1989/fig2c-r2.json,452,12155925636686081173,5de7dd7d63b97aea,8a171f423a121df8,0.922
scenarios/p1-goss-1989/fig2c-r2.json,453,118043784532644211,97d79d20e707af37,04e29eb7fc0c8719,0.582
scenarios/p1-goss-1989/fig2c-r2.json,454,6250641297844270205,7c43bbc4d54c3c2c,edde6207a3d17f6d,0.264
scenarios/p1-goss-1989/fig2c-r2.json,455,8784842290647443888,0739ab9c4ac0e1af,363d79f376cf60bb,0.018
scenarios/p1-goss-1989/fig2c-r2.json,456,2126244345177943503,15948b73f175db2e,18767b6ee0009a15,0.952
scenarios/p1-goss-1989/fig2c-r2.json,457,414587937448478396,33a640108135fe6e,a9e5b4273848f87f,0.474
scenarios/p1-goss-1989/fig2c-r2.json,458,2961633516241738695,e803bc5c026d05a0,4b48c88392181367,0.942
scenarios/p1-goss-1989/fig2c-r2.json,459,16836404679021999859,acba69fe4c01df33,bf5cd929b69d7683,0.928
scenarios/p1-goss-1989/fig2c-r2.json,460,13588703882529421888,a569ab780c8cc28d,cd97136078b5a098,0.638
scenarios/p1-goss-1989/fig2c-r2.json,461,3062260503760023251,65454044da0d0a14,ffed0acc0ea396c2,0.978
scenarios/p1-goss-1989/fig2c-r2.json,462,5948551269254824805,2cb8d42924430b72,25236a5db4f3911a,0.966
scenarios/p1-goss-1989/fig2c-r2.json,463,50957485394174922,38a65cfa9a5c0dc4,ba03186bea5441ab,0.426
scenarios/p1-goss-1989/fig2c-r2.json,464,15586360695758444834,3fd325f428c82025,c11d56e13050c5ea,0.366
scenarios/p1-goss-1989/fig2c-r2.json,465,15306795698633572734,0f16cae7d2d701d6,0bf9f53dd746542c,0.146
scenarios/p1-goss-1989/fig2c-r2.json,466,15780505180953533655,e4a52d78051c5aff,7d3e9f1161507f89,0.492
scenarios/p1-goss-1989/fig2c-r2.json,467,16818020205970758981,72d3fe74b566340d,89e5586cde2f2f42,0.208
scenarios/p1-goss-1989/fig2c-r2.json,468,10173185620555357632,e5b868523dc327cb,5a3b9ee790b3ff3a,0.044
scenarios/p1-goss-1989/fig2c-r2.json,469,10774917959428448600,bdb54f187453dc76,297991c70952c9cc,0.94
scenarios/p1-goss-1989/fig2c-r2.json,470,14802792949239598961,42c79b8bd374a4dd,ede08037242938bd,0.958
scenarios/p1-goss-1989/fig2c-r2.json,471,7284679988842771119,47da73a149404991,1284703a414c417f,0.208
scenarios/p1-goss-1989/fig2c-r2.json,472,16657652373902105321,a319159e49a80d37,a8ad8d1d82e1f0b8,0.958
scenarios/p1-goss-1989/fig2c-r2.json,473,15088679245339534382,7c200f070d18de47,a78fa465638a7534,0.992
scenarios/p1-goss-1989/fig2c-r2.json,474,13043828076840939015,9fde92fc4b5efc7d,0abe8c256a1d7e35,0.162
scenarios/p1-goss-1989/fig2c-r2.json,475,14096580305639665855,feb63dbd50dbc4b9,d035bc4e78518d9b,0.952
scenarios/p1-goss-1989/fig2c-r2.json,476,11356805041164067681,737e442147ca8a11,f0c5632cf09d1684,0.954
scenarios/p1-goss-1989/fig2c-r2.json,477,4681273778417730625,e330b940747fa81f,8a55b14052f6182a,0.856
scenarios/p1-goss-1989/fig2c-r2.json,478,15012015393970219264,aad000a0182eca9c,5a565585b9fca271,0.986
scenarios/p1-goss-1989/fig2c-r2.json,479,6527526292055422249,9880ed856236a6ec,914c3fccaae706d9,0.19
scenarios/p1-goss-1989/fig2c-r2.json,480,11004973504784297843,bc3b147d1639cdc2,d1c626ca06e27d84,0.992
scenarios/p1-goss-1989/fig2c-r2.json,481,7803501297722746168,5ebe0b08c900db20,97e9ca63f9fec706,0.828
scenarios/p1-goss-1989/fig2c-r2.json,482,7083628126025002809,75590aa251de644b,76b3e44c786c360e,0.958
scenarios/p1-goss-1989/fig2c-r2.json,483,5105897566737862677,978727420f8b1ae2,5e71e2d1993da704,0.916
scenarios/p1-goss-1989/fig2c-r2.json,484,8350158375038671561,185c6d3ac0263962,8d715364ceb246de,0.764
scenarios/p1-goss-1989/fig2c-r2.json,485,13189168567235201317,041a1d4abeacaf12,ca376dfe636eb709,0.098
scenarios/p1-goss-1989/fig2c-r2.json,486,2720725574197250877,34c68b187e697a94,ab65276037b00604,0.672
scenarios/p1-goss-1989/fig2c-r2.json,487,88664630025527015,f1bf9f3c0f8f35a8,c3acafa1d11fa829,0.74
scenarios/p1-goss-1989/fig2c-r2.json,488,5080666769588164443,5753963b94e6e3a9,7415cd6216f2cb3f,0.814
scenarios/p1-goss-1989/fig2c-r2.json,489,3485187059637686133,8e4f36177c110ee2,58ae5aa748d47844,0.27
scenarios/p1-goss-1989/fig2c-r2.json,490,8957158531290067939,29c654bd18e32fb9,0fd55172a44df0ab,0.864
scenarios/p1-goss-1989/fig2c-r2.json,491,7095936368882284417,6d514870bec6e058,fb717453ff99478b,0.994
scenarios/p1-goss-1989/fig2c-r2.json,492,6524451575008356608,4de316bf12f5af80,106bf36370ec274a,0.89
scenarios/p1-goss-1989/fig2c-r2.json,493,5465454692102184428,092d4985c93188fe,c774197243f4294e,0.624
scenarios/p1-goss-1989/fig2c-r2.json,494,13120141853151130272,eeee50b5ecea375e,380c7f3fe7467415,0.048
scenarios/p1-goss-1989/fig2c-r2.json,495,10352407285340753156,c274bd2e9cced8a6,050f20713c5cdb33,0.172
scenarios/p1-goss-1989/fig2c-r2.json,496,4685647354750580372,ba9b8bf112d4a4c9,e87a12b92663a095,0.968
scenarios/p1-goss-1989/fig2c-r2.json,497,7682353128129177244,ffa93488aceb570c,8087fad14c3dcf80,0.972
scenarios/p1-goss-1989/fig2c-r2.json,498,17196247787517943694,e8d782507ea69d60,40481b97038d408a,0.598
scenarios/p1-goss-1989/fig2c-r2.json,499,1913375650222710474,62e53034bb47da7a,42b35d5c212290bd,0.972
scenarios/p1-goss-1989/fig2c-r2.json,500,3480462403698074491,04545e3883ef3eb5,362ffc96e7dada78,0.966
scenarios/p1-goss-1989/fig2c-r2.json,501,8677625248161528671,3eb3bd09f9d4af64,0b8c88512a0c0b49,0.676
scenarios/p1-goss-1989/fig2c-r2.json,502,16002427523335608184,20aef936688f4ec3,a815bd04c169202e,0.218
scenarios/p1-goss-1989/fig2c-r2.json,503,402808411527070439,5452693edafd6dbe,205dd28b44df9ac7,0.538
scenarios/p1-goss-1989/fig2c-r2.json,504,5406596648626160507,5d2ae8f28b3af03b,e987b2a72d1371c1,0.986
scenarios/p1-goss-1989/fig2c-r2.json,505,9816680861089425014,d958c4b40e7f9eb8,f9172f73f3eca015,0.462
scenarios/p1-goss-1989/fig2c-r2.json,506,8306896191422143865,206617e6f06f5e1e,39ad4b70afc3b75f,0.948
scenarios/p1-goss-1989/fig2c-r2.json,507,2543410608136174896,7873ac931db80d72,86d5c42badc79ab6,0.948
scenarios/p1-goss-1989/fig2c-r2.json,508,13145941987565665668,62a677f9f372372a,c27745c4237ae1ba,0.222
scenarios/p1-goss-1989/fig2c-r2.json,509,10467326126152615691,412da3ce6c16fe70,cb19202f3a4a179d,0.898
scenarios/p1-goss-1989/fig2c-r2.json,510,12507370115127693742,c6712772c20d34c8,cfd056c72279a4f3,0.926
scenarios/p1-goss-1989/fig2c-r2.json,511,3786932413069357423,d175d6319efeeef0,2d44d91406d3cd48,0.99
scenarios/p1-goss-1989/fig2c-r2.json,512,5154514987742759503,61ed8cb141cc8d9a,80d950c9c02d1fc5,0.94
scenarios/p1-goss-1989/fig2c-r2.json,513,15087720630370527958,c6bb76b46a58e667,65a00ec204f6707c,0.97
scenarios/p1-goss-1989/fig2c-r2.json,514,7269457084874039191,a1528c12aa0aa912,6fd871b6f1980c37,0.834
scenarios/p1-goss-1989/fig2c-r2.json,515,8531037247968596430,c4fe2fef8d4c2558,7f91aa9a33ffbdb6,0.782
scenarios/p1-goss-1989/fig2c-r2.json,516,4714101389636036516,94ec5b696f8a5e63,80c4371c79322a8a,0.99
scenarios/p1-goss-1989/fig2c-r2.json,517,11754488437798334634,86c1d20662afdf9a,9de7d0c3710d2cfe,0.32
scenarios/p1-goss-1989/fig2c-r2.json,518,1340224154562422847,c94eb8251ee6b298,71d651fcfe81ebfc,0.524
scenarios/p1-goss-1989/fig2c-r2.json,519,5356486315251542519,7938c114b005940f,e9f45588a442d345,0.454
scenarios/p1-goss-1989/fig2c-r2.json,520,5129504455725163112,4659bb686c497583,c05ea6310406160f,0.968
scenarios/p1-goss-1989/fig2c-r2.json,521,9071077673048085511,1c7cf53c0ea9f78f,e286f11683ec5c80,0.128
scenarios/p1-goss-1989/fig2c-r2.json,522,16596704516111607363,696819814856314b,8f67a4d9d2dd7014,0.99
scenarios/p1-goss-1989/fig2c-r2.json,523,9616079685097042005,e744770596488080,2825abb1fa6c220c,0.992
scenarios/p1-goss-1989/fig2c-r2.json,524,9100211793101652855,f606e5fb1718ff55,77a2c9d39cbe8188,0.108
scenarios/p1-goss-1989/fig2c-r2.json,525,10422962422115335456,6e33545490d95df5,6d04352211db79b5,0.992
scenarios/p1-goss-1989/fig2c-r2.json,526,16057191087585878960,44d3f8c11450354e,dfcc94bb6e80bf2b,0.838
scenarios/p1-goss-1989/fig2c-r2.json,527,8201625072263614529,20520682a7f21782,17bd28298ae23f5d,0.888
scenarios/p1-goss-1989/fig2c-r2.json,528,2782989404231070011,cb9c368cc16c43a8,822d0ffed5859a0c,0.994
scenarios/p1-goss-1989/fig2c-r2.json,529,6287553572010710498,5b011f0b6f7643a9,627eaf32b589e3d8,0.97
scenarios/p1-goss-1989/fig2c-r2.json,530,16214479251226975400,9da09cbc19d1ee0d,a8aefc12500594fc,0.988
scenarios/p1-goss-1989/fig2c-r2.json,531,12587657276417861336,adfc29cd8cb71385,f2b236e4e8febfd8,0.95
scenarios/p1-goss-1989/fig2c-r2.json,532,4565855284426499483,1b07fc55b736b420,5df517aead7a457c,0.994
scenarios/p1-goss-1989/fig2c-r2.json,533,9169294262293912814,2200eb423c978998,782ba47fbdd34cbd,0.15
scenarios/p1-goss-1989/fig2c-r2.json,534,10894100078393480298,b1c64118c2dec05c,473121a5041ac4da,0.94
scenarios/p1-goss-1989/fig2c-r2.json,535,4047459221975154181,546358ca20a81cde,910836f46ca9fed8,0.978
scenarios/p1-goss-1989/fig2c-r2.json,536,11346489949155543505,1380304d39380d0d,c04dd1ccb5df286f,0.966
scenarios/p1-goss-1989/fig2c-r2.json,537,12102355252184365722,18b0cce0c49eb07e,a751ba159d4e4722,0.992
scenarios/p1-goss-1989/fig2c-r2.json,538,9688714874620792934,e5e5cbf8b30e396c,669579c656d19fea,0.872
scenarios/p1-goss-1989/fig2c-r2.json,539,15638623233089206877,33bff5d2e1584efd,e9c5d38d5099c37a,0.886
scenarios/p1-goss-1989/fig2c-r2.json,540,6019677231813040520,85c439de2b31c5cf,db448f969ce27fd3,0.996
scenarios/p1-goss-1989/fig2c-r2.json,541,9968818007584661441,48bb7a1f27780882,15afa84a363d462f,0.964
scenarios/p1-goss-1989/fig2c-r2.json,542,15140827502511621384,7de9a947b565c504,ee28f0d980be7385,0.972
scenarios/p1-goss-1989/fig2c-r2.json,543,9574908165618360663,02940476a8f9ceaf,e4610508d38e021f,0.998
scenarios/p1-goss-1989/fig2c-r2.json,544,8177108126365441464,6e5aaf153c7a1619,443febb257846766,0.976
scenarios/p1-goss-1989/fig2c-r2.json,545,1755426553093824180,110f9993a2c9ff9b,8f35bcd9f1ae6a89,0.992
scenarios/p1-goss-1989/fig2c-r2.json,546,12862079862803206112,c9c1eb744c373938,8465f265733b49cd,0.914
scenarios/p1-goss-1989/fig2c-r2.json,547,1091901663931220954,548982927a335436,757c7294cf4323ad,0.704
scenarios/p1-goss-1989/fig2c-r2.json,548,74787406026522107,66be92caa30459ea,49d343454d35e564,0.942
scenarios/p1-goss-1989/fig2c-r2.json,549,14879349269543221292,22ab9458831a79d8,fda300c235c62c54,0.974
scenarios/p1-goss-1989/fig2c-r2.json,550,1635338401167802073,ae6e4c1cc1588b2e,ec5e1f0f1a9c79be,0.916
scenarios/p1-goss-1989/fig2c-r2.json,551,7932458091583204857,058ab1899f866bca,f76ffdd9b2123eb4,0.204
scenarios/p1-goss-1989/fig2c-r2.json,552,11995580840290552579,bc2c8bf752ba9e3f,5b2a6c4b3dba7897,0.13
scenarios/p1-goss-1989/fig2c-r2.json,553,16586150842785490004,3cfb901b73401942,b9e3b4a857edf6f4,0.98
scenarios/p1-goss-1989/fig2c-r2.json,554,17778367732407092201,392c4c234d48e735,ef8a9015afe69177,0.87
scenarios/p1-goss-1989/fig2c-r2.json,555,11181972877370248706,d794d98778d7d101,d68404a6320f3035,0.936
scenarios/p1-goss-1989/fig2c-r2.json,556,12210317161718785885,442023decd9ef78b,d6ee0f1b13f07a4b,0.964
scenarios/p1-goss-1989/fig2c-r2.json,557,9560979988424995068,740a312e608c59ee,f0208fa684662c04,0.982
scenarios/p1-goss-1989/fig2c-r2.json,558,520379079254830021,613f0176e4fcd4c5,6bc6236694db79da,0.168
scenarios/p1-goss-1989/fig2c-r2.json,559,10954793480316370272,e55f2bae8d39a1a0,81a619029fb00084,0.972
scenarios/p1-goss-1989/fig2c-r2.json,560,15772019985178923040,b38112c1d82d66fe,cf8aee9181f17bd8,0.96
scenarios/p1-goss-1989/fig2c-r2.json,561,17090778278502573055,a4d5c783cb3e08a8,18042049eaa8efd7,0.438
scenarios/p1-goss-1989/fig2c-r2.json,562,14334764781511502604,f1aa61142a379309,908d85b025ebff57,0.994
scenarios/p1-goss-1989/fig2c-r2.json,563,960640390592886250,754a7bb8627c8888,9247ca2791c366cd,0.99
scenarios/p1-goss-1989/fig2c-r2.json,564,15529212325588433482,2c6b2652e1cd554b,ccfe7c3db08b7fce,0.946
scenarios/p1-goss-1989/fig2c-r2.json,565,16118176732722432522,a025bdc929e6745a,4743d868f822d696,0.95
scenarios/p1-goss-1989/fig2c-r2.json,566,13230177117572159874,9596977ac2596980,9953a4960d53b290,0.226
scenarios/p1-goss-1989/fig2c-r2.json,567,9128235899773369637,5b5a8ff04829fe2a,55f8aaed8750921c,0.566
scenarios/p1-goss-1989/fig2c-r2.json,568,12065199248175819530,25c8cf3cc9da9a68,a5070b11498f71c3,0.972
scenarios/p1-goss-1989/fig2c-r2.json,569,15185968845141098202,ce57529ef0f757d8,c6d32090301feabf,0.092
scenarios/p1-goss-1989/fig2c-r2.json,570,13635598672036281445,c9651694a129e777,47fbbc2508b88eae,0.806
scenarios/p1-goss-1989/fig2c-r2.json,571,3849021585836367907,2580a904e470bc2e,a6ab253e3ac18547,0.978
scenarios/p1-goss-1989/fig2c-r2.json,572,13080156169005388098,db75b76778a6ecef,eff8294d22db6a92,0.926
scenarios/p1-goss-1989/fig2c-r2.json,573,15819563132031137010,b5c6c736539a138f,5a85f1af3692a39d,0.91
scenarios/p1-goss-1989/fig2c-r2.json,574,11521803249161997271,f819378cf5ab8730,acb25de95ee150c0,0.972
scenarios/p1-goss-1989/fig2c-r2.json,575,573991755213092716,566aaaa299de167a,0bae42f15d843e8b,0.23
scenarios/p1-goss-1989/fig2c-r2.json,576,17969803036496718553,1f7f67301faca681,b7a045e4debb9714,0.47
scenarios/p1-goss-1989/fig2c-r2.json,577,1979176371899652752,20db7c96598ce793,559c74205d6b7981,0.044
scenarios/p1-goss-1989/fig2c-r2.json,578,17276154522476147903,67a951be2d82d454,f5d89618d01178a4,0.792
scenarios/p1-goss-1989/fig2c-r2.json,579,17092950309042087709,a32ca7f626815ba6,19cc8438bd9061bd,0.9
scenarios/p1-goss-1989/fig2c-r2.json,580,14207157987637004445,43dcce2910a9d1a2,20ecb65d18677b69,0.978
scenarios/p1-goss-1989/fig2c-r2.json,581,13472525570235867239,4dcc08e41750d559,5197fdb9e5233851,0.93
scenarios/p1-goss-1989/fig2c-r2.json,582,4432518067821467306,472358468f403103,e88951d149dc660c,0.114
scenarios/p1-goss-1989/fig2c-r2.json,583,637196022818249647,4dff7d13526ff774,84b1c6f346e8fa48,0.97
scenarios/p1-goss-1989/fig2c-r2.json,584,13416950605135404641,26b7dab0140f9034,b870c77633696bbe,0.066
scenarios/p1-goss-1989/fig2c-r2.json,585,14384632870903537145,a1a5816364b24c89,55ed03c02ab1a025,0.984
scenarios/p1-goss-1989/fig2c-r2.json,586,4696101168653993045,87e81b908243e5ae,7650f553717e86ea,0.628
scenarios/p1-goss-1989/fig2c-r2.json,587,14630068025031577909,6f479c40157b75cb,43e6dfbd321bc635,0.982
scenarios/p1-goss-1989/fig2c-r2.json,588,10552896147812226685,79d17da83043d722,4bf081198aad605f,0.678
scenarios/p1-goss-1989/fig2c-r2.json,589,8746562498193646997,52155db3bcc65dcb,bf3efc9265b2ccd9,0.968
scenarios/p1-goss-1989/fig2c-r2.json,590,9684875470269061267,866982e518e7b91d,7ed69da05e3b91eb,0.83
scenarios/p1-goss-1989/fig2c-r2.json,591,18427262853093947270,93204cfcd3706c3f,88f6b5e01a344dd4,0.492
scenarios/p1-goss-1989/fig2c-r2.json,592,2935515589054219938,2bdac73a67df3e58,ac43bea5dc7965e6,0.776
scenarios/p1-goss-1989/fig2c-r2.json,593,3476210703515354680,6315f11f10a689a1,88db041b07c7aa8c,0.992
scenarios/p1-goss-1989/fig2c-r2.json,594,4807626326358715603,64272ff322b59e34,b10fd86a4574e8dc,0.988
scenarios/p1-goss-1989/fig2c-r2.json,595,6897335644955464307,33addc931f620b90,af3ab55fb604999d,0.898
scenarios/p1-goss-1989/fig2c-r2.json,596,4801026157752466139,85036def45853e5a,157d05372030241c,0.284
scenarios/p1-goss-1989/fig2c-r2.json,597,4066662320146974299,60243829ce74fa29,a73c457fc27bf13a,0.242
scenarios/p1-goss-1989/fig2c-r2.json,598,18400238563729200335,29b4b5d749e47790,a2c3d6f301c2b875,0.916
scenarios/p1-goss-1989/fig2c-r2.json,599,8367829410769552368,b88648800278ef5e,9e39750397f38043,0.932
scenarios/p1-goss-1989/fig2c-r2.json,600,1001443778806394809,6e941a0481417e44,832436746d23a57e,0.996
scenarios/p1-goss-1989/fig2c-r2.json,601,5262052542080415690,c4143438a6641653,cb8fc4c900b6c330,0.288
scenarios/p1-goss-1989/fig2c-r2.json,602,13277367726539371385,01786f0ed069d82e,ee6830eb4421b188,0.42
scenarios/p1-goss-1989/fig2c-r2.json,603,16585507423574499082,67c21084943736ad,85cfee0c53207de5,0.992
scenarios/p1-goss-1989/fig2c-r2.json,604,8836911975462638018,107d938bf1edae70,dcd9fbed73dbc049,0.332
scenarios/p1-goss-1989/fig2c-r2.json,605,982408263897503458,8dd08413e011dc42,7a7084a33fbbeef6,0.952
scenarios/p1-goss-1989/fig2c-r2.json,606,12796086591573544470,9a7295e6ca2aad40,f3677b642474a10c,0.986
scenarios/p1-goss-1989/fig2c-r2.json,607,4153339286332822516,d5589acacd5a4e69,f641ccc48e6d8db0,0.988
scenarios/p1-goss-1989/fig2c-r2.json,608,17909045389311797073,cc3d95b92f10334d,2674d099969d51a3,0.054
scenarios/p1-goss-1989/fig2c-r2.json,609,13681381032398129597,9ca713e1ec7f5eae,a28a5f3dc78899a4,0.964
scenarios/p1-goss-1989/fig2c-r2.json,610,15948776164487323372,a49ef2377a547048,e906a5faea7c612f,0.956
scenarios/p1-goss-1989/fig2c-r2.json,611,3998791309230900505,a046931c09e71d69,71757d288f85752f,0.992
scenarios/p1-goss-1989/fig2c-r2.json,612,4967031779290712574,5a38fed74aaa8068,1e9314782e4d98ac,0.942
scenarios/p1-goss-1989/fig2c-r2.json,613,5639785285520674825,dea8e7e40d688f11,ef4f713dc17bfe62,0.91
scenarios/p1-goss-1989/fig2c-r2.json,614,6719850182731116084,67c7c7798a9f4d46,b26d1f6a052235ad,0.988
scenarios/p1-goss-1989/fig2c-r2.json,615,15467497088999715209,f16bf1ea6b0fa13e,640e8d06f10c4b43,0.412
scenarios/p1-goss-1989/fig2c-r2.json,616,12186047661400872122,dabcf45578d64702,604dbeb28dc1ea11,0.572
scenarios/p1-goss-1989/fig2c-r2.json,617,16919738582681734254,e448f58d30e1f147,edb89bbf0572f884,0.942
scenarios/p1-goss-1989/fig2c-r2.json,618,4724544201252324703,ae215fda50023abc,fe6e0bd6401b37b1,0.402
scenarios/p1-goss-1989/fig2c-r2.json,619,9115503856023397108,ed28f269aec1c78e,5be9196bf8dfa624,0.032
scenarios/p1-goss-1989/fig2c-r2.json,620,7135788137240527263,18494e0a4cc30222,eab534a181940790,0.984
scenarios/p1-goss-1989/fig2c-r2.json,621,13399568203364821740,3d8f2a92a3059476,4534c41e17263b8b,0.976
scenarios/p1-goss-1989/fig2c-r2.json,622,7605394569466832063,f8e363c62632d71a,040878345826c5cf,0.636
scenarios/p1-goss-1989/fig2c-r2.json,623,6234229128643276450,2aca894f04d3f402,673669e28e39ebca,0.978
scenarios/p1-goss-1989/fig2c-r2.json,624,2076155304412069611,8c4cdc9ec2d944fa,ce1b8f2e444e275e,0.322
scenarios/p1-goss-1989/fig2c-r2.json,625,15249158736972379463,a1b03d0c72731b1f,7ed155b6b4508db0,0.938
scenarios/p1-goss-1989/fig2c-r2.json,626,18279040282290407621,d9d2a2672650a969,55d61aa4d5c1852d,0.498
scenarios/p1-goss-1989/fig2c-r2.json,627,14328093099966315122,99f0312595296703,f293f86c85880aed,0.61
scenarios/p1-goss-1989/fig2c-r2.json,628,16410157649919231025,a4520639c974e019,5217657095a56364,0.976
scenarios/p1-goss-1989/fig2c-r2.json,629,13023248948568387421,a6252abaf30a087c,ae448ee325e3d8a1,0.848
scenarios/p1-goss-1989/fig2c-r2.json,630,6447604449890517771,45c3965314247179,3dbb8175c2f99d5e,0.994
scenarios/p1-goss-1989/fig2c-r2.json,631,8054754531503100123,8ff51ccf4aaaa04d,eacda04cdb08c565,0.968
scenarios/p1-goss-1989/fig2c-r2.json,632,4909358717304754610,50a1fb131ba00915,e0f0aad0f20af4e3,0.436
scenarios/p1-goss-1989/fig2c-r2.json,633,1040604466828436932,e8799ee58cadfca9,b874da2ab169074b,0.866
scenarios/p1-goss-1989/fig2c-r2.json,634,17041926186937768678,c76c39c1f46501a1,8678cc3fd3271893,0.11
scenarios/p1-goss-1989/fig2c-r2.json,635,8640020884552847384,6691e1e94dbe2725,a05137e2a328896d,0.528
scenarios/p1-goss-1989/fig2c-r2.json,636,12224148185537193722,793f881e61c9fdda,1b6f17665c733f46,0.958
scenarios/p1-goss-1989/fig2c-r2.json,637,6006860775662147852,db1a4a07d3916c06,3778de2149276bcc,0.86
scenarios/p1-goss-1989/fig2c-r2.json,638,12969591638117153753,ad06857189a8d798,4e3ba0a915782d54,0.024
scenarios/p1-goss-1989/fig2c-r2.json,639,18216564763597029625,f30bb3bb16eb800b,fb8f59ac8ade2306,0.99
scenarios/p1-goss-1989/fig2c-r2.json,640,10904162425042416662,0103bdda0880dc49,1e116add837c3c75,0.926
scenarios/p1-goss-1989/fig2c-r2.json,641,14102567777790888340,0f0c77e755634319,96ab6a59283f946e,0.09
scenarios/p1-goss-1989/fig2c-r2.json,642,3350915662794266983,8c30f0ae56521d8a,6e8998057b3d9e9f,0.35
scenarios/p1-goss-1989/fig2c-r2.json,643,18152291830707668063,8eda527770fc93f5,b1e2651bee97be4a,0.818
scenarios/p1-goss-1989/fig2c-r2.json,644,10473851473268058397,59a435f6df65e10b,dfdc3619b7aa76ac,0.16
scenarios/p1-goss-1989/fig2c-r2.json,645,10567956396215590628,f67a1af5ed841a31,2d3690081fbf28bc,0.702
scenarios/p1-goss-1989/fig2c-r2.json,646,5953098040279953912,c23f46f21c4ebcab,5c32a1046ca6e2f9,0.964
scenarios/p1-goss-1989/fig2c-r2.json,647,14470025069504682830,78a929c38e0190cd,a4b6be8e6ce397f6,0.892
scenarios/p1-goss-1989/fig2c-r2.json,648,7531526637989145774,91635febe9495ba5,c458d6ec661f0acf,0.872
scenarios/p1-goss-1989/fig2c-r2.json,649,17018489949445281854,a939cae7cd2ec68c,8f5c6c71c7884677,0.972
scenarios/p1-goss-1989/fig2c-r2.json,650,4543549946749615346,ccc0aa4ba20c3fd7,fc0bd188e08629a8,0.24
scenarios/p1-goss-1989/fig2c-r2.json,651,1062165001243707131,2ea981c8031cc5c2,3e293a2e5b679271,0.592
scenarios/p1-goss-1989/fig2c-r2.json,652,18431676897771197383,392c42eb0dad1969,02fa1f85cd70fa94,0.938
scenarios/p1-goss-1989/fig2c-r2.json,653,209446337761673280,f20bbaba7ec80668,5126b1fb099277c1,0.986
scenarios/p1-goss-1989/fig2c-r2.json,654,5345289336800861109,eb53d32f208a249c,3c31cf97d6244c2a,0.898
scenarios/p1-goss-1989/fig2c-r2.json,655,16000503720249786164,326ac36530a1b33c,8ec3c003dfec0476,0.964
scenarios/p1-goss-1989/fig2c-r2.json,656,17874653542471453399,3c07f0105bd12fa0,ca9a70a788f2c62f,0.914
scenarios/p1-goss-1989/fig2c-r2.json,657,7959687915640314393,3601aab475c087bc,801da003e5bfbe14,0.938
scenarios/p1-goss-1989/fig2c-r2.json,658,13867166618823610095,a4caf458571c2486,2137c2afabbffcae,0.9
scenarios/p1-goss-1989/fig2c-r2.json,659,7904479072538546227,6f28200c607b8dcf,cd9996a2dd8046ee,0.466
scenarios/p1-goss-1989/fig2c-r2.json,660,17319973536943941208,f6d43e4a25c001a6,153f8cea46fd65bb,0.984
scenarios/p1-goss-1989/fig2c-r2.json,661,357525567535997573,160757aefd232e56,493ca82646643eec,0.99
scenarios/p1-goss-1989/fig2c-r2.json,662,14739213022944418184,af1064da7e1996a7,5e6ce6c2f4b03955,0.008
scenarios/p1-goss-1989/fig2c-r2.json,663,15066382397283815103,0fc18d46331856fa,16551d84aa727fdb,0.77
scenarios/p1-goss-1989/fig2c-r2.json,664,1164529944696042829,b3087555a9a03880,b04371c940cedef0,0.946
scenarios/p1-goss-1989/fig2c-r2.json,665,7478882441546529549,a0fa562989061374,0563ed106c3c5809,0.966
scenarios/p1-goss-1989/fig2c-r2.json,666,12777397165603186765,83760cccb83e544a,7c35bd614454e7fb,0.988
scenarios/p1-goss-1989/fig2c-r2.json,667,2180467431793952004,fe2d7d4670c87750,8e1241190dfa4a27,0.854
scenarios/p1-goss-1989/fig2c-r2.json,668,7665477664729950651,8c1e52cd9d297b65,1b62329c17959f1e,0.944
scenarios/p1-goss-1989/fig2c-r2.json,669,10330259746403321845,d69c6b7ad2da9f82,0499240e54b5e349,0.96
scenarios/p1-goss-1989/fig2c-r2.json,670,12356498522511124702,77213c915228afe6,0b7e8abaa5bd7419,0.936
scenarios/p1-goss-1989/fig2c-r2.json,671,4690362479566176944,dbd45c948bf3f771,9c07d8cedc391f20,0.028
scenarios/p1-goss-1989/fig2c-r2.json,672,8325883137969908489,a206ad3b276cb453,908e1e55592cca11,0.676
scenarios/p1-goss-1989/fig2c-r2.json,673,14135815814066645465,029bda36d8af118f,502a861a985a6d52,0.998
scenarios/p1-goss-1989/fig2c-r2.json,674,7380906549613616995,7b7f1ad28c733c94,916e91aaecba96ac,0.996
scenarios/p1-goss-1989/fig2c-r2.json,675,5116450676387232365,ae8c85253703da9e,6e74dd68aaf4212e,0.568
scenarios/p1-goss-1989/fig2c-r2.json,676,7809451177373313338,b739247a3839ccd4,4fca4361ff783b65,0.884
scenarios/p1-goss-1989/fig2c-r2.json,677,17188360565969603911,1ba5136a54e57e2e,4fecebe34484e34b,0.84
scenarios/p1-goss-1989/fig2c-r2.json,678,10215230420319371894,34a0311a4c9e8930,ca5bec866cc6f0ca,0.948
scenarios/p1-goss-1989/fig2c-r2.json,679,6045316276316736732,57dc8eec623d6cb0,9c57fb05e6bdc8c4,0.992
scenarios/p1-goss-1989/fig2c-r2.json,680,16753722256582108128,a4734a91dad2413a,24ad39269e8befd9,0.912
scenarios/p1-goss-1989/fig2c-r2.json,681,438647948761861069,b0fa8c266e34b681,49bc797c7e775dd3,0.994
scenarios/p1-goss-1989/fig2c-r2.json,682,12611254196655623033,64aa69518cab79b9,b81167ad9fa82c70,0.02
scenarios/p1-goss-1989/fig2c-r2.json,683,12536453971163026896,c7b10285ee4ecb97,f201867ec648bfa1,0.988
scenarios/p1-goss-1989/fig2c-r2.json,684,3231387108054252052,84b97fa5060236ab,65426eb1b01c6005,0.978
scenarios/p1-goss-1989/fig2c-r2.json,685,9625085997031958806,23f322bbcedbf06c,5e443f17b2ccf199,0.604
scenarios/p1-goss-1989/fig2c-r2.json,686,12666189653412173571,bc0fd2be61f25db6,2c077c67e9c8a946,0.14
scenarios/p1-goss-1989/fig2c-r2.json,687,17768986462658657696,dfc380234d2a97c6,ce449c8780c20304,0.182
scenarios/p1-goss-1989/fig2c-r2.json,688,12245805235699483743,c058dd31e1fbb266,e3e30438bc0bb98c,0.028
scenarios/p1-goss-1989/fig2c-r2.json,689,3331635295929128539,07d15eff924e08ec,0664581456a16887,0.828
scenarios/p1-goss-1989/fig2c-r2.json,690,10594295833453332370,42af268da018c95a,47b38369662f56ac,0.95
scenarios/p1-goss-1989/fig2c-r2.json,691,3934750112844996343,3d044abefa3604f9,a83a69a2634bb405,0.06
scenarios/p1-goss-1989/fig2c-r2.json,692,17460877436373842487,d07633c68481d35f,d688df4bab2d4ed0,0.986
scenarios/p1-goss-1989/fig2c-r2.json,693,17824784444259333300,7d76f64cd961df4c,3f95fef6d24fee38,0.858
scenarios/p1-goss-1989/fig2c-r2.json,694,3614957661173179801,c9e98a842a6988bc,cfd2b65f6d6ae2f3,0.94
scenarios/p1-goss-1989/fig2c-r2.json,695,4120019246857535680,51d310284986edf4,abfd9fb27a8f5925,0.998
scenarios/p1-goss-1989/fig2c-r2.json,696,9609385738465022432,5814f8532e0a4902,f2c7ae18cb6e8570,0.91
scenarios/p1-goss-1989/fig2c-r2.json,697,12241933111971139866,8508577f7cd4a25f,4ff17927958b435b,0.842
scenarios/p1-goss-1989/fig2c-r2.json,698,2466936904437485178,09e3be957af99e4f,d3516b1bce3bf65e,0.964
scenarios/p1-goss-1989/fig2c-r2.json,699,16694704061812062984,c72a3961e4f03c32,de982683c2404332,0.94
scenarios/p1-goss-1989/fig2c-r2.json,700,4917846372815001163,0490d812bfa59b01,ed0f8b6daf0eb21a,0.868
scenarios/p1-goss-1989/fig2c-r2.json,701,5221096574305014119,e246bab2359a2afc,80ee3d82bb24e6e0,0.97
scenarios/p1-goss-1989/fig2c-r2.json,702,3024246386724012550,378943b2431e0643,58c20945483759b5,0.276
scenarios/p1-goss-1989/fig2c-r2.json,703,7428507321532527308,5ab494a6a4180662,46adafb3b7fb00de,0.986
scenarios/p1-goss-1989/fig2c-r2.json,704,778049992899976983,d4f36dc0482d8ab1,5b0dfcd4b5759e76,0.996
scenarios/p1-goss-1989/fig2c-r2.json,705,10831736753129060383,37ac7b98bb38f5ae,bf2eb11c0ab25f9e,0.998
scenarios/p1-goss-1989/fig2c-r2.json,706,9662016827424691325,6e9fcff50d9c75a2,462b841a1549dc3c,0.714
scenarios/p1-goss-1989/fig2c-r2.json,707,11856718926022349875,637602711e84d4ee,2dc5e2b5608208a4,0.978
scenarios/p1-goss-1989/fig2c-r2.json,708,12650315631533552740,872891a66adebc64,461e4aa4a2faf1aa,0.154
scenarios/p1-goss-1989/fig2c-r2.json,709,5454873511431784858,fd667e9f9183d8a8,8f5651cd0ac1f10c,0.938
scenarios/p1-goss-1989/fig2c-r2.json,710,7410915743138962298,f25b38817c291eb9,a25ec7be7fb4742f,0.716
scenarios/p1-goss-1989/fig2c-r2.json,711,9032214228749151197,058ec44cd772389a,49b7026fc9542971,0.01
scenarios/p1-goss-1989/fig2c-r2.json,712,15791676864525775389,7c795f5784b80557,a342ed0873421c26,0.462
scenarios/p1-goss-1989/fig2c-r2.json,713,8304014180806795977,6edd868c71b57ed1,8061f3677cbd2eb2,0.964
scenarios/p1-goss-1989/fig2c-r2.json,714,13311003272462145256,d6dc2d8ff66ca8ca,c072fdb0f6faa22e,0.498
scenarios/p1-goss-1989/fig2c-r2.json,715,9588525459979893023,a49da067b38f0f7b,11a125c9823ff2ff,0.924
scenarios/p1-goss-1989/fig2c-r2.json,716,10824775023675030494,de23fe0ff88a8004,17e3668fd5faa323,0.146
scenarios/p1-goss-1989/fig2c-r2.json,717,3821512943443291807,b1490476d6ddd2cd,8f43ca2ef1623126,0.878
scenarios/p1-goss-1989/fig2c-r2.json,718,9544057864913838446,28609bb833223013,be6f7005055e41a7,0.952
scenarios/p1-goss-1989/fig2c-r2.json,719,7418308593725266259,66e46bcad88164f5,1888e6f95256e787,0.882
scenarios/p1-goss-1989/fig2c-r2.json,720,1989248076308639233,3d270c224501f4aa,a705d3f43d6cdef1,0.986
scenarios/p1-goss-1989/fig2c-r2.json,721,2328898171585604789,9b6462ec2f9fcce2,f4d2a1244b36b789,0.892
scenarios/p1-goss-1989/fig2c-r2.json,722,11911226974706816937,95f4561a9bdac187,146a3613a6ce482b,0.788
scenarios/p1-goss-1989/fig2c-r2.json,723,15229804682990843194,f70823d058ba3053,db6863924de68ff6,0.074
scenarios/p1-goss-1989/fig2c-r2.json,724,5059586485695733150,57cc17f61d5c334d,82767e9006d7d45e,0.98
scenarios/p1-goss-1989/fig2c-r2.json,725,14569027763556502139,bdd2c2a1855f8785,5efb038835c9a270,0.404
scenarios/p1-goss-1989/fig2c-r2.json,726,776447675466679316,fc8974c9198ec8ba,ddfc4fa592c2edb2,0.994
scenarios/p1-goss-1989/fig2c-r2.json,727,5080398344103118457,8f4f523e64347a59,502286cb05c14438,0.106
scenarios/p1-goss-1989/fig2c-r2.json,728,311538561170184603,8bac6b9fc888b7ed,cb2ed2ac4acf71d9,0.972
scenarios/p1-goss-1989/fig2c-r2.json,729,2293300393046378827,98a9449f710d9a88,89245c6a46fdd70c,0.998
scenarios/p1-goss-1989/fig2c-r2.json,730,16910162044051704501,0b88589efcdb1770,00b6c6589781a517,0.926
scenarios/p1-goss-1989/fig2c-r2.json,731,16634465278146186727,14e474d66b7ba3ca,40e750ff39677546,0.458
scenarios/p1-goss-1989/fig2c-r2.json,732,2174550663826809830,7864f2584ad1dfea,73d5c1ad18462bf8,0.938
scenarios/p1-goss-1989/fig2c-r2.json,733,10670575364718022354,97a68371eea47c3d,e32ddc503cd90eee,0.972
scenarios/p1-goss-1989/fig2c-r2.json,734,8461800307638145454,256096af850bb578,93e2382af29d6130,0.976
scenarios/p1-goss-1989/fig2c-r2.json,735,11778460834395979930,6e86352a32601d3d,3ab23bed2751a44d,0.1
scenarios/p1-goss-1989/fig2c-r2.json,736,6508972623361918467,f219fc8425211d84,67e496634873e51d,0.988
scenarios/p1-goss-1989/fig2c-r2.json,737,11931811388879809345,7e3fc9fe07862cb3,e12c13f30fd5aac5,0.452
scenarios/p1-goss-1989/fig2c-r2.json,738,16519594378080328903,7453d94b62ff5a9a,828259047b745db3,0.95
scenarios/p1-goss-1989/fig2c-r2.json,739,17841530108547878973,d8521c390829a12e,0b8791ebd859b9bd,0.972
scenarios/p1-goss-1989/fig2c-r2.json,740,17515867424132055932,8a0395fbb4fdd8ff,6e16fdde2b77c766,0.662
scenarios/p1-goss-1989/fig2c-r2.json,741,14611441104631091491,fc91a953f07620f6,fd28fda45ef211e3,0.984
scenarios/p1-goss-1989/fig2c-r2.json,742,14231063413154171475,efb0fa368ac95a73,9d92ccfd3dcac5b8,0.962
scenarios/p1-goss-1989/fig2c-r2.json,743,1945709929592865485,a847d57219588e1a,5354d9e7b06b0bde,0.392
scenarios/p1-goss-1989/fig2c-r2.json,744,16600080904289784572,a5aec42cbc9a25f4,1e527b0b81be5134,0.966
scenarios/p1-goss-1989/fig2c-r2.json,745,2978873715263796634,c02e2782fcdd6874,cd188ab2e75f19e2,0.94
scenarios/p1-goss-1989/fig2c-r2.json,746,15152269312511772352,dc76263c1061995c,81a4b5da4fbb671f,0.024
scenarios/p1-goss-1989/fig2c-r2.json,747,10079083261158691070,5bc3fc4b7f95d465,5d8f85a06c3252b4,0.992
scenarios/p1-goss-1989/fig2c-r2.json,748,13615882257086891466,320d4598da7f00d2,34f46d0621254366,0.434
scenarios/p1-goss-1989/fig2c-r2.json,749,11800014552277733891,9231931d6cfdc92a,4e009f6e258cdd9a,0.966
scenarios/p1-goss-1989/fig2c-r2.json,750,3593032205251222080,8d77382ac107dee7,f6329f099f5bcabc,0.728
scenarios/p1-goss-1989/fig2c-r2.json,751,6137441176856227657,96c3551705f9e030,cc3eb256b64dace5,0.246
scenarios/p1-goss-1989/fig2c-r2.json,752,7960184758715162359,b050603369404bef,20f844049d4ecbe6,0.976
scenarios/p1-goss-1989/fig2c-r2.json,753,1628090215651118520,3032f25bf2bd833c,0128b197be9b77bc,0.986
scenarios/p1-goss-1989/fig2c-r2.json,754,13837941769013604972,31d501027ad6bf0c,c0d924ffb6c6eb38,0.904
scenarios/p1-goss-1989/fig2c-r2.json,755,16012754504961819122,c1925bd0fde9f6fe,e6a6d170e387725f,0.952
scenarios/p1-goss-1989/fig2c-r2.json,756,12989493488736429123,4c0d9c0f28cd07fc,20696721f39c0c3c,0.954
scenarios/p1-goss-1989/fig2c-r2.json,757,13784153782961037870,b81a77d3d6aa58d2,e6418906a6718e1e,0.778
scenarios/p1-goss-1989/fig2c-r2.json,758,8766345928241463920,d76b658fcf7d831c,03f3751f6ab6821f,0.804
scenarios/p1-goss-1989/fig2c-r2.json,759,4597087570159049111,15310475e44e1c06,cf145c37add2a195,0.846
scenarios/p1-goss-1989/fig2c-r2.json,760,15422549223523936887,050374e12d66511e,a6eb5abbb793053c,0.918
scenarios/p1-goss-1989/fig2c-r2.json,761,17962656280014518552,0c54a02a20448abb,a6d122530dfd04e5,0.304
scenarios/p1-goss-1989/fig2c-r2.json,762,9348938719692976590,6ce165ad1c4191ac,9507d2c578533b5f,0.382
scenarios/p1-goss-1989/fig2c-r2.json,763,11629421505856201606,9fb31b8e1c0124c5,2e620c78cd722137,0.988
scenarios/p1-goss-1989/fig2c-r2.json,764,690122638525687609,e097a68a2f02505b,95dc8f0cb00e8794,0.746
scenarios/p1-goss-1989/fig2c-r2.json,765,6369167743019645983,e911a09437dabf53,54e7f304616ea5ae,0.182
scenarios/p1-goss-1989/fig2c-r2.json,766,15094399127113449179,a846ae8930f86e99,6712ba10e76d649c,0.958
scenarios/p1-goss-1989/fig2c-r2.json,767,5964217632901550864,bba392f27079bba2,b6b2a719b295f2ce,0.946
scenarios/p1-goss-1989/fig2c-r2.json,768,5088631380002041068,7849f6e72e61b729,85a25e2606ed0bf5,0.966
scenarios/p1-goss-1989/fig2c-r2.json,769,17470856769308700929,9577d0f329f2e091,c93457fbb5d20b95,0.932
scenarios/p1-goss-1989/fig2c-r2.json,770,3176894236041334040,e81ffe01fabd3514,765253de8aa25133,0.972
scenarios/p1-goss-1989/fig2c-r2.json,771,1530559797766047149,b294b50d742d4505,5654bff6a120d33f,0.22
scenarios/p1-goss-1989/fig2c-r2.json,772,62123094059529163,a08274d73d1e0aaf,3ba1351fcb25ca87,0.29
scenarios/p1-goss-1989/fig2c-r2.json,773,3637873546341480903,b3e2178459ec5e2d,7e18ff8f2f92dc2c,0.028
scenarios/p1-goss-1989/fig2c-r2.json,774,2361632251708496666,255b418e27ebcf29,c68eeff8518930ef,0.052
scenarios/p1-goss-1989/fig2c-r2.json,775,7722164507766231215,df21ed155415be0a,fe1d29b4b70a4088,0.322
scenarios/p1-goss-1989/fig2c-r2.json,776,2866034804384559274,5fda9914c74097c0,92c6424af73a70a1,0.994
scenarios/p1-goss-1989/fig2c-r2.json,777,4368447085153685080,3a83594d4d66719a,8efd8c01872cdc44,0.99
scenarios/p1-goss-1989/fig2c-r2.json,778,7218257917437606678,4c71440badbac14c,9e03283ef723497d,0.48
scenarios/p1-goss-1989/fig2c-r2.json,779,392630996931140244,63ec1ee7178d4bd3,95b8ee3086117704,0.916
scenarios/p1-goss-1989/fig2c-r2.json,780,13036519591421510515,c4d1d1653c6f11d9,3113aa4b82000e0e,0.102
scenarios/p1-goss-1989/fig2c-r2.json,781,13600620298775881096,78a4ded3ad135d38,19b1700d6b816596,0.612
scenarios/p1-goss-1989/fig2c-r2.json,782,10758508354372184585,0bd89a30803d7e50,750a3227f3b23ccd,0.824
scenarios/p1-goss-1989/fig2c-r2.json,783,8548921978480998150,e62f8d237a08dc42,92b5099a1d65e9b2,0.03
scenarios/p1-goss-1989/fig2c-r2.json,784,6353725771742945049,60f71367f05f0d46,0586fd6d14ca12cc,0.986
scenarios/p1-goss-1989/fig2c-r2.json,785,10397994103142108533,19286f8fe26b951c,dd02398ef6461907,0.938
scenarios/p1-goss-1989/fig2c-r2.json,786,8828983343883877527,701bb2ea32869e80,8f5e5c47ea7a3042,0.972
scenarios/p1-goss-1989/fig2c-r2.json,787,13065299625535770445,a273276b3976d07e,b4fd275a64066a8f,0.008
scenarios/p1-goss-1989/fig2c-r2.json,788,4113694463486778214,1cf75d5860b36227,dd1f7c319c082790,0.974
scenarios/p1-goss-1989/fig2c-r2.json,789,7916923185396810122,64a75783411c31c5,0474ca1c37c8f773,0.982
scenarios/p1-goss-1989/fig2c-r2.json,790,10782802178013680074,a6bd24de1be26447,32b98e4157009fde,0.806
scenarios/p1-goss-1989/fig2c-r2.json,791,15005668749359472639,8250cf9ecab8f46b,116d780154ccaba1,0.292
scenarios/p1-goss-1989/fig2c-r2.json,792,16409243696248755089,f7e6e394e9237133,ea37e15621afc2a4,0.984
scenarios/p1-goss-1989/fig2c-r2.json,793,15076828546853185755,7ec9679ce87fe48c,ad89ebdfaa93e6da,0.172
scenarios/p1-goss-1989/fig2c-r2.json,794,17694201670178986411,2d7d26457d2b6216,ad1139e9212f8fce,0.966
scenarios/p1-goss-1989/fig2c-r2.json,795,5118119216557860525,148e1326aa7c4090,99a6910534a8f56b,0.952
scenarios/p1-goss-1989/fig2c-r2.json,796,7653829197933801169,2d6e03e3b02e48ea,1d3266e900ec74ab,0.054
scenarios/p1-goss-1989/fig2c-r2.json,797,782928877598970917,013caf75135adff1,069474d55ee139c9,0.11
scenarios/p1-goss-1989/fig2c-r2.json,798,7104526579970431779,42cf85fb03271d87,0e176d7633ad5527,0.992
scenarios/p1-goss-1989/fig2c-r2.json,799,17356169353544243761,2931d772dd8da392,505c54b87505bbdd,0.988
scenarios/p1-goss-1989/fig2c-r2.json,800,13080548324162306769,b8c74d055c4eb922,7de045e0c3eb6d62,0.976
scenarios/p1-goss-1989/fig2c-r2.json,801,16769679323157959210,afb6dd8308cad55d,4390184f82900000,0.952
scenarios/p1-goss-1989/fig2c-r2.json,802,18350189214222719053,f689f524f744be36,f50952b6366492a1,0.646
scenarios/p1-goss-1989/fig2c-r2.json,803,13281247869618180451,01dd995ad2b71209,d90055c6417325cb,1
scenarios/p1-goss-1989/fig2c-r2.json,804,2037638068787921940,fbf964f9286e12fc,82a14d8f6742468c,0.944
scenarios/p1-goss-1989/fig2c-r2.json,805,18382158439483883738,33bdbb475a37efe7,dc69a995c9385d88,0.328
scenarios/p1-goss-1989/fig2c-r2.json,806,7855496493401853399,fc3e6ff137198a8a,2d1d19465e79e09d,0.972
scenarios/p1-goss-1989/fig2c-r2.json,807,4789177997194017892,8dbb81bffb4ad4b4,b5629b1874329820,0.038
scenarios/p1-goss-1989/fig2c-r2.json,808,12255632084243709612,3de845985b15adc8,e398b1d0c8d7eb38,0.318
scenarios/p1-goss-1989/fig2c-r2.json,809,10505089717378992897,8645b1d91abd43d1,38b181c7647549d0,0.144
scenarios/p1-goss-1989/fig2c-r2.json,810,3849799175510133174,c8431695568aef12,6a434c8f17fadab3,0.07
scenarios/p1-goss-1989/fig2c-r2.json,811,17461858948362074090,12570134775b7d0a,b468b08df5edae1b,0.95
scenarios/p1-goss-1989/fig2c-r2.json,812,14702666244508977043,0dad319c9a9122a5,4c6681d12ae98a0e,0.98
scenarios/p1-goss-1989/fig2c-r2.json,813,5009672215940779253,967fbf0b4fa0e28c,a0c9b0c0598d993d,0.956
scenarios/p1-goss-1989/fig2c-r2.json,814,3304738723862630091,810d645eec151b76,c9a2ac75a4f9541f,0.844
scenarios/p1-goss-1989/fig2c-r2.json,815,332076052979834246,856a9bbd7cadd2bb,cb5f49d2908e6b07,0.996
scenarios/p1-goss-1989/fig2c-r2.json,816,9581114083953722881,ebbdf172485632f2,73b02f45356fcb2b,0.142
scenarios/p1-goss-1989/fig2c-r2.json,817,13022303482386741625,87277afda9c66e61,68b246e2ae07a895,0.98
scenarios/p1-goss-1989/fig2c-r2.json,818,8690665320566070374,8ea1e019b71b79a0,1fa5d09b23d33721,0.196
scenarios/p1-goss-1989/fig2c-r2.json,819,16479669404264035292,fb9989b4d56f051e,de8f19a8484640f3,0.95
scenarios/p1-goss-1989/fig2c-r2.json,820,919086139885248065,dd6123dd18d1c240,42603550ac5c17ff,0.028
scenarios/p1-goss-1989/fig2c-r2.json,821,14272339284739217785,6aaf0238bedf75a9,4385b10f49c73c68,0.716
scenarios/p1-goss-1989/fig2c-r2.json,822,15447854759791126776,d9f8a63114791eaa,9a1c1e90089a4fc6,0.66
scenarios/p1-goss-1989/fig2c-r2.json,823,7848696121138058364,6bd20e66b184a762,6dd13ffed1875ec9,0.788
scenarios/p1-goss-1989/fig2c-r2.json,824,9684669283889008852,46b723f7a5debcd9,421a6bd224f44c27,0.06
scenarios/p1-goss-1989/fig2c-r2.json,825,9562618662074267613,48b74ba490cb605e,356da93d5949ffd1,0.766
scenarios/p1-goss-1989/fig2c-r2.json,826,5563849073450743408,f396d3636a9f2a84,1d56bc64c3a23565,0.982
scenarios/p1-goss-1989/fig2c-r2.json,827,3306255790360856177,4cf95b854057292f,ceb9f7d7695de5cb,0.8
scenarios/p1-goss-1989/fig2c-r2.json,828,12093520254490284616,4c9323fa8ec959ce,2c3af63caa459b90,0.982
scenarios/p1-goss-1989/fig2c-r2.json,829,11237316401183254334,4b90557961e0b444,20854c0c8256d87b,0.07
scenarios/p1-goss-1989/fig2c-r2.json,830,12281639908672265313,e91f1b8656dee1e6,e7d3cff9e6784f43,0.982
scenarios/p1-goss-1989/fig2c-r2.json,831,4688562324919849096,4ec5faf666afda3d,a9990c8e50e2a839,0.77
scenarios/p1-goss-1989/fig2c-r2.json,832,1183275370184940808,defa3dd64a87c522,72dce8b89f49656e,0.864
scenarios/p1-goss-1989/fig2c-r2.json,833,4950422333372850641,85474c5f7c907d88,fe063bed4db09fdc,0.842
scenarios/p1-goss-1989/fig2c-r2.json,834,3501113784312414979,97d7129b01c9121b,7ade5a4e7dd2f1b1,0.466
scenarios/p1-goss-1989/fig2c-r2.json,835,15427519945800281393,062172ff7c58937a,b692d10b47ef96ca,0.99
scenarios/p1-goss-1989/fig2c-r2.json,836,61800379266750022,7b22e5452e13ac88,6c75089fe9ec9d07,0.972
scenarios/p1-goss-1989/fig2c-r2.json,837,16660710541930060226,d5e1357eabe113cf,25e878fec3fc6ca5,0.99
scenarios/p1-goss-1989/fig2c-r2.json,838,2287353585661966509,c0b076a85948b534,4594add2705597c7,0.852
scenarios/p1-goss-1989/fig2c-r2.json,839,7091126318432697631,93f3899ec64d860e,530bb37690614a10,0.446
scenarios/p1-goss-1989/fig2c-r2.json,840,1345325359239413663,0fb1da9912afeeec,7af4e08887e3fd09,0.804
scenarios/p1-goss-1989/fig2c-r2.json,841,13291646380700944998,72faec2564d70628,9f29f0283132a2c6,0.846
scenarios/p1-goss-1989/fig2c-r2.json,842,5726344490582222229,de1ed6b5851c5649,3db1a342dba827fc,0.034
scenarios/p1-goss-1989/fig2c-r2.json,843,11053709314650534767,65d7f4afd967ea1b,3ff3a59c950bdc82,0.04
scenarios/p1-goss-1989/fig2c-r2.json,844,4341511750916724806,cb5e887b6d7d14b9,b473e668e5825127,0.89
scenarios/p1-goss-1989/fig2c-r2.json,845,2336718775444748357,a72642175b990042,ce31be45e159fd8f,0.888
scenarios/p1-goss-1989/fig2c-r2.json,846,4001384533443692462,1869511faf82ed32,4469522632e3715e,0.554
scenarios/p1-goss-1989/fig2c-r2.json,847,8657204492575170871,86c8bf8dde1abd30,6f21efe20d6f2fa3,0.954
scenarios/p1-goss-1989/fig2c-r2.json,848,14063129300350344885,899d0405f2570f11,7790534ab9938e15,0.894
scenarios/p1-goss-1989/fig2c-r2.json,849,12904896589263980633,2af9182ecbca1bc8,3cecec9c40802a67,0.352
scenarios/p1-goss-1989/fig2c-r2.json,850,8208002210583254564,55ab76282ddf7588,e8e049fe4eff3db6,0.878
scenarios/p1-goss-1989/fig2c-r2.json,851,3027256803234784587,faf7ae18a573775e,1976b1f25cce62bb,0.24
scenarios/p1-goss-1989/fig2c-r2.json,852,2237561836014347429,376c17393ebaf42a,aae78c8e37c0a199,0.914
scenarios/p1-goss-1989/fig2c-r2.json,853,17331130932139527268,98c84fb9c652de99,d3bc0666f5c0d9ea,0.094
scenarios/p1-goss-1989/fig2c-r2.json,854,14772291613171015620,1a09df83600ce98d,52abeecfd91c164b,0.916
scenarios/p1-goss-1989/fig2c-r2.json,855,7218587725310559485,0d9e51136141fd74,0075bf59b7d0ac33,0.986
scenarios/p1-goss-1989/fig2c-r2.json,856,14460527200220169576,50f8fa6a9d89e7a1,7b17ad9b003b3a2a,0.902
scenarios/p1-goss-1989/fig2c-r2.json,857,1078432179519971772,3e5e3014e2cd7f9e,247ccf66eeb4426f,0.962
scenarios/p1-goss-1989/fig2c-r2.json,858,16215991618793831403,072282dcefa959d2,d8ca155d3c79d0aa,0.988
scenarios/p1-goss-1989/fig2c-r2.json,859,8460111988983715223,5200e053289a988a,f52c2d32d7ea4176,0.976
scenarios/p1-goss-1989/fig2c-r2.json,860,16515912989080987260,d61fdd97d2e2bd3d,7369a2ae39c4bcab,0.878
scenarios/p1-goss-1989/fig2c-r2.json,861,277023986884804983,26b9e8eada5f9901,fa68ec326e28d96b,0.956
scenarios/p1-goss-1989/fig2c-r2.json,862,6805057289295161771,c863bbd2311b0dd3,667e10cb0cf5df1a,0.926
scenarios/p1-goss-1989/fig2c-r2.json,863,321862681421887543,ab05b83a660c730a,8319a0815145367e,0.988
scenarios/p1-goss-1989/fig2c-r2.json,864,7655303482099417976,3870a61fa584f1f8,041478246f704c2e,0.362
scenarios/p1-goss-1989/fig2c-r2.json,865,9311918916166122029,ca7ed1d951937362,dbe3e10d17429c91,0.062
scenarios/p1-goss-1989/fig2c-r2.json,866,13497785635720609720,aa14309ab798b95c,a7e5956f5c654f9c,0.896
scenarios/p1-goss-1989/fig2c-r2.json,867,13973282107898400933,08fa8838ccedd0f5,33ef43a2ad430616,0.994
scenarios/p1-goss-1989/fig2c-r2.json,868,17188026704233771016,0c38dfb124131922,627fc8a0284997b0,0.894
scenarios/p1-goss-1989/fig2c-r2.json,869,6566954262047396431,0cc3e8490d8dc3d2,a55a9241cafafe89,0.902
scenarios/p1-goss-1989/fig2c-r2.json,870,17643974842851009704,91677823999391c1,e1443223ffba88da,0.972
scenarios/p1-goss-1989/fig2c-r2.json,871,7583298422258648810,544be4e75daba087,d453470ff75a04d1,0.934
scenarios/p1-goss-1989/fig2c-r2.json,872,18349403896687265830,3dbd186e9ee7a457,c6a8b3a7dd9d46bb,0.756
scenarios/p1-goss-1989/fig2c-r2.json,873,18254177369850845479,25e2f300458e9614,2a50eb5b3d477efc,0.952
scenarios/p1-goss-1989/fig2c-r2.json,874,17102972309792947077,be2b4d63f17340b7,c3700634f60372d1,0.714
scenarios/p1-goss-1989/fig2c-r2.json,875,5175726010050921674,148abfc074b3e1a5,11069223aa580384,0.996
scenarios/p1-goss-1989/fig2c-r2.json,876,2448374216548623541,7614093b70c4f23c,3a4e46e3edbd2f7a,0.02
scenarios/p1-goss-1989/fig2c-r2.json,877,15235455671475333768,ed7a3e7904429816,198f4b88149ac766,0.094
scenarios/p1-goss-1989/fig2c-r2.json,878,13662261907619058676,635a329e1c44a7b9,a414aa78b946cfab,0.766
scenarios/p1-goss-1989/fig2c-r2.json,879,2916888287808496160,2be980085f95f98a,342f8db195bdf60c,0.746
scenarios/p1-goss-1989/fig2c-r2.json,880,6896060139446251527,fff51fc59842b642,4db03211e878ea49,0.08
scenarios/p1-goss-1989/fig2c-r2.json,881,5674125430523298744,45006b1d6edb30ae,2b01895d44c9272d,0.294
scenarios/p1-goss-1989/fig2c-r2.json,882,12273380602736398174,0dd14bde66484b45,8d861b3db01f4dda,0.972
scenarios/p1-goss-1989/fig2c-r2.json,883,15869820055900659206,43c0c2a7334d6425,64c46c90ca167899,0.976
scenarios/p1-goss-1989/fig2c-r2.json,884,18289810999489156941,c2e35d7e20b7c301,94050e800ee88806,0.96
scenarios/p1-goss-1989/fig2c-r2.json,885,15892651471958866219,1d6378446c61f0b4,6860711ba7739e0e,0.942
scenarios/p1-goss-1989/fig2c-r2.json,886,18191676872899608657,fcd622aca4c9d7a1,54f5985234ffc0a9,0.136
scenarios/p1-goss-1989/fig2c-r2.json,887,7696229567998297788,0f895d9b72c56518,9876c58aa410b819,0.992
scenarios/p1-goss-1989/fig2c-r2.json,888,8104683939669840316,6b24bc4ef1b2d156,3327fdc95d662273,0.044
scenarios/p1-goss-1989/fig2c-r2.json,889,15077403772133494843,5cc3aa9965e6cd13,bd6fafcb1c67b425,0.044
scenarios/p1-goss-1989/fig2c-r2.json,890,16635025980720835541,440f4e4aeb27606a,bf8ae1a2ad35c5b5,0.018
scenarios/p1-goss-1989/fig2c-r2.json,891,2125447653400628176,ef324c8ba4deb763,176eb6cbae84e45a,0.822
scenarios/p1-goss-1989/fig2c-r2.json,892,15147281405265943702,8205e3f04a1c417c,5f3c61bdcd1d9487,0.132
scenarios/p1-goss-1989/fig2c-r2.json,893,12015855990127712893,34bf8a8956700021,9aab53845958b911,0.062
scenarios/p1-goss-1989/fig2c-r2.json,894,10376281457615060624,0b44eb01ab3137a1,98629abc51614664,0.958
scenarios/p1-goss-1989/fig2c-r2.json,895,16806659211622899145,66c07c591218ea97,7fab8d2374d35703,0.976
scenarios/p1-goss-1989/fig2c-r2.json,896,2704955400519136088,297a745e9798ead8,ab98ccf9dcd751ce,0.998
scenarios/p1-goss-1989/fig2c-r2.json,897,14125402964126361551,dc41bd5ffb96841f,b2102af6d32e2715,0.98
scenarios/p1-goss-1989/fig2c-r2.json,898,10246024039312286479,dc97d46074443e20,7d31850a0ba3c1df,0.938
scenarios/p1-goss-1989/fig2c-r2.json,899,7323329648107592444,06e1d4d30e903b6d,3b5e423c178f3c4a,0.346
scenarios/p1-goss-1989/fig2c-r2.json,900,10305409460730088470,91a03c17525798d3,c5ada90a4fe5b577,0.99
scenarios/p1-goss-1989/fig2c-r2.json,901,16251662929794669254,70df62370814a21b,629f28b146a0dfc2,0.404
scenarios/p1-goss-1989/fig2c-r2.json,902,7681933263055191271,13dd42687ce070e3,e1a2dc505e039277,0.984
scenarios/p1-goss-1989/fig2c-r2.json,903,5495655806514430755,c1f85a4b2b1da8a5,e4d90fe2b63d7522,0.132
scenarios/p1-goss-1989/fig2c-r2.json,904,3925690026239242863,5a77d3d6524e431b,107acab7815b9744,0.608
scenarios/p1-goss-1989/fig2c-r2.json,905,8703281798466546072,d7a2076f9721345f,3d371f373059bbed,0.954
scenarios/p1-goss-1989/fig2c-r2.json,906,13800292861923406358,ac23662a270ce1f8,ae786b1bb19e6ef7,0.818
scenarios/p1-goss-1989/fig2c-r2.json,907,15646835496152766494,7c71b3e6bfcba3b0,db81501bdf877f6f,0.82
scenarios/p1-goss-1989/fig2c-r2.json,908,944753350593194351,124c1e6f4e5d6552,bb6e5de6d6638ad6,0.048
scenarios/p1-goss-1989/fig2c-r2.json,909,400176694170443935,f84dc6f54819188c,a4db815cfc65b4c5,0.924
scenarios/p1-goss-1989/fig2c-r2.json,910,2826122660335280304,f4c660db14cf5843,472be323546c4b4b,0.98
scenarios/p1-goss-1989/fig2c-r2.json,911,1135859164418539898,ef3b5a5e532fd151,adfa7253ad03a21a,0.908
scenarios/p1-goss-1989/fig2c-r2.json,912,8456519371212311060,6a824c2d727c7a32,8b517ce05b3be418,0.97
scenarios/p1-goss-1989/fig2c-r2.json,913,8443727336576623262,b510e7d38a4367a2,1dd47ec4370e1619,0.186
scenarios/p1-goss-1989/fig2c-r2.json,914,5239159222345609144,57f30173dff5dba4,1a8acaef6ff26cef,0.992
scenarios/p1-goss-1989/fig2c-r2.json,915,182230797394616020,53ea4d738432b830,db8567fd1472e758,0.91
scenarios/p1-goss-1989/fig2c-r2.json,916,1945848338194938543,65c1200ddccbe6e9,8cd89735c6d4b060,0.38
scenarios/p1-goss-1989/fig2c-r2.json,917,13787481044372913777,29adcbb9d80c90bf,096ff4c29b2ea3d1,0.994
scenarios/p1-goss-1989/fig2c-r2.json,918,3819046232375403368,6f7070ee219d6412,eddb9840b8d1c7b9,0.946
scenarios/p1-goss-1989/fig2c-r2.json,919,9082156187134581409,3083312cc2f35bb0,388f243ec8f5b05e,0.014
scenarios/p1-goss-1989/fig2c-r2.json,920,8335694117420872407,520b73d4fdee6fb9,baa6a6aa0747bb39,0.942
scenarios/p1-goss-1989/fig2c-r2.json,921,8989371051459809559,62b95e2b64d04ded,9b7c4ff41cd6e664,0.884
scenarios/p1-goss-1989/fig2c-r2.json,922,16239323218540426631,0ab192550f01650c,ffb50865fb4b2fdf,0.934
scenarios/p1-goss-1989/fig2c-r2.json,923,14061677595330034574,02afb17ff8f133e7,729b46aab34b0045,0.82
scenarios/p1-goss-1989/fig2c-r2.json,924,13140661401622316968,44e65a55c0b227dc,c88f2dd0e546d15f,0.72
scenarios/p1-goss-1989/fig2c-r2.json,925,12222775435623852542,395867840fbdb455,77f9ac45dcf93b80,0.91
scenarios/p1-goss-1989/fig2c-r2.json,926,15466357168877703394,57c041e92a2b5d5a,0f4a355f4bf543cd,0.982
scenarios/p1-goss-1989/fig2c-r2.json,927,13089736599472535463,440d88b020c7c0d0,16444376bfb9a691,0.986
scenarios/p1-goss-1989/fig2c-r2.json,928,3319905918331604700,ca6e61d48059a1ad,9a921e3e549e69fb,0.978
scenarios/p1-goss-1989/fig2c-r2.json,929,10467776327377901529,08c832b5180bd281,0325a2409335aae8,0.43
scenarios/p1-goss-1989/fig2c-r2.json,930,6110370852422734275,2a3df92bc0740efd,653aca3628a4561b,0.032
scenarios/p1-goss-1989/fig2c-r2.json,931,8899335679055450035,3b86c97b13ad432a,b571beb8c8f8439c,0.92
scenarios/p1-goss-1989/fig2c-r2.json,932,3005804280846856928,b5eac20456ea07fd,d2557cf704ef1167,0.586
scenarios/p1-goss-1989/fig2c-r2.json,933,3317270966384353177,07f84359a7bdffe7,61be4dcf9c2eb86f,0.998
scenarios/p1-goss-1989/fig2c-r2.json,934,15033428268066484373,ae31c2623471b464,bd88392d586ed239,0.692
scenarios/p1-goss-1989/fig2c-r2.json,935,8778573114473729728,0a72718ca32cafa8,552f738d923d12e4,0.242
scenarios/p1-goss-1989/fig2c-r2.json,936,531153531606565621,0e7fe38de4d2d705,88ef3b4a2f352b2b,0.424
scenarios/p1-goss-1989/fig2c-r2.json,937,17705014043731313039,e72adf33ed9dbb6c,4e96ac9a1eb9b69f,0.65
scenarios/p1-goss-1989/fig2c-r2.json,938,13728419418578665229,dbe9daccd249e598,2d6a25cb8d01f554,0.994
scenarios/p1-goss-1989/fig2c-r2.json,939,15674491794685758917,50ba0e690ce1ef82,cca9ede0e4c3056e,0.042
scenarios/p1-goss-1989/fig2c-r2.json,940,15607871658515016421,89af176f67339fe0,0e67d2b1b6f2aa5f,0.324
scenarios/p1-goss-1989/fig2c-r2.json,941,12585560221831024720,d60121cb76fd9d85,41ede0e2a4d52bfc,0.894
scenarios/p1-goss-1989/fig2c-r2.json,942,713164936852833895,ebf0d09615a995f7,f497b52953d01a52,0.544
scenarios/p1-goss-1989/fig2c-r2.json,943,2687143241250813373,7fecd7175ba08cfd,f27a469c386f1356,0.784
scenarios/p1-goss-1989/fig2c-r2.json,944,10372005214191606787,5955c88a042e8d64,65496027897c5c7e,0.172
scenarios/p1-goss-1989/fig2c-r2.json,945,1074168279613117724,90733715743f8d74,07c5719118a32ae0,0.194
scenarios/p1-goss-1989/fig2c-r2.json,946,5271270699756097527,ff6b3f0426fc5124,a18c27853e6c3cae,0.986
scenarios/p1-goss-1989/fig2c-r2.json,947,7077020367196545266,1131dff9678b2c25,1632fb9ca85d513c,0.964
scenarios/p1-goss-1989/fig2c-r2.json,948,1886862931232981188,6eb0a28111ff1c04,da11f065e02682f7,0.952
scenarios/p1-goss-1989/fig2c-r2.json,949,11678275738692560904,432133877e4a13a0,65e7e7852f7808e0,0.97
scenarios/p1-goss-1989/fig2c-r2.json,950,2754859790317497640,4331f867669282c8,3878ca8b1d1c28d3,0.88
scenarios/p1-goss-1989/fig2c-r2.json,951,9015615657640460199,51061ea40a892a5a,36e70894accf57ab,0.654
scenarios/p1-goss-1989/fig2c-r2.json,952,17968387820719703478,863b0f87e7c448c7,7fb3d284817820ca,0.22
scenarios/p1-goss-1989/fig2c-r2.json,953,12288350370313358895,cb7b595460bf54b1,17015a8e6a118d80,0.962
scenarios/p1-goss-1989/fig2c-r2.json,954,4624811069317399752,e4dcc0ecbf939adf,7ef79e1cfbf202b3,0.984
scenarios/p1-goss-1989/fig2c-r2.json,955,3797826145729281268,9d5649d31c47d777,57b6d10a76113a8b,0.964
scenarios/p1-goss-1989/fig2c-r2.json,956,8065209681082283577,43a53cb54c721c57,88a12b535607bfac,0.978
scenarios/p1-goss-1989/fig2c-r2.json,957,1205954538646125833,1f83fdd0ce7997c8,e93513591d9a4689,0.036
scenarios/p1-goss-1989/fig2c-r2.json,958,5225182240439832728,66a0c863a3b07ef0,7a94c5a390ef300d,0.452
scenarios/p1-goss-1989/fig2c-r2.json,959,18305279354051958741,e8f466e22e2a88a8,89aa1a52e08e1f19,0.998
scenarios/p1-goss-1989/fig2c-r2.json,960,9225937004224864504,619895226434ccc2,36d9d538880f6d7a,0.054
scenarios/p1-goss-1989/fig2c-r2.json,961,10957566798122758338,36c94199ad6d83b1,6f37d6808d576bc3,0.976
scenarios/p1-goss-1989/fig2c-r2.json,962,10534563364048034643,f439d2f7becf6a76,68245be63f14c973,0.948
scenarios/p1-goss-1989/fig2c-r2.json,963,10174336995693917703,3047951360084c53,ea69b8f4a1660a43,0.846
scenarios/p1-goss-1989/fig2c-r2.json,964,15283298939086287009,b4297bdb4fcddec1,a1de85f2ceb7c60d,0.994
scenarios/p1-goss-1989/fig2c-r2.json,965,7369154820125510505,92898c7c9e301cf7,92d80e283fd51188,0.102
scenarios/p1-goss-1989/fig2c-r2.json,966,16366221942279045458,30bf705003339cae,5da715b80dd827f9,0.968
scenarios/p1-goss-1989/fig2c-r2.json,967,345330001675320095,75f824c0a408592c,74456e268bff08eb,0.786
scenarios/p1-goss-1989/fig2c-r2.json,968,2926462917857811396,a87c47e16314bf80,c7d0c52adc7e4eee,0.968
scenarios/p1-goss-1989/fig2c-r2.json,969,8124222763401079104,de1c9a7daa25a470,ab754ef36168af19,0.976
scenarios/p1-goss-1989/fig2c-r2.json,970,13708163200924809699,68813f49cbe801e3,d03ed6a661db95c1,0.934
scenarios/p1-goss-1989/fig2c-r2.json,971,3409794743493527880,ebabed5b4e75e7af,0d9a74832e1b24d5,0.558
scenarios/p1-goss-1989/fig2c-r2.json,972,8941074884784246570,73afc3be269877e0,3a1120872af2de43,0.976
scenarios/p1-goss-1989/fig2c-r2.json,973,4603534528857392887,b1dcd422c41e948c,c540220159b0d256,0.982
scenarios/p1-goss-1989/fig2c-r2.json,974,17368987804657643851,8d6fbc716390d0cd,53d432ebd90ea899,0.05
scenarios/p1-goss-1989/fig2c-r2.json,975,3959362006954934517,ee00894ec68314b1,fe576ceb117afae4,0.772
scenarios/p1-goss-1989/fig2c-r2.json,976,3692626806570072262,522df5ed6ab1a083,ef318f767df6f864,0.972
scenarios/p1-goss-1989/fig2c-r2.json,977,9760627373477328886,3365e991085ea193,fae9ba321aa91078,0.882
scenarios/p1-goss-1989/fig2c-r2.json,978,15615083425316124258,937a32c59bbe97b2,a5cf4adb418ac953,0.916
scenarios/p1-goss-1989/fig2c-r2.json,979,1048791888868529091,80a1df0a383e675d,6e57da54ae1177e9,0.912
scenarios/p1-goss-1989/fig2c-r2.json,980,5114307561752448344,c6f480cb786e3e2f,7017bdc88e8fb556,0.086
scenarios/p1-goss-1989/fig2c-r2.json,981,1428152961776298537,eb1dd720b349272f,9b45b02d816e7670,0.748
scenarios/p1-goss-1989/fig2c-r2.json,982,8037290809217851932,43ed9f943defe033,e4d69f9ab0b9661d,0.932
scenarios/p1-goss-1989/fig2c-r2.json,983,10786629773201211694,f5c51d9362df2835,a186ebce52ba6336,0.95
scenarios/p1-goss-1989/fig2c-r2.json,984,3112168075214135318,c5a9bc943b0d4ec3,65d78dbfe41ce4ad,0.996
scenarios/p1-goss-1989/fig2c-r2.json,985,17870256287124193092,0bcc356e0936591d,2e8e6648cf3eba30,0.88
scenarios/p1-goss-1989/fig2c-r2.json,986,14963796377566204235,9c2085f76effe7e3,482c97a6a91f5930,0.976
scenarios/p1-goss-1989/fig2c-r2.json,987,2716210620960863346,49a80eb818160314,70f2114fa5bfc8c7,0.974
scenarios/p1-goss-1989/fig2c-r2.json,988,14174064676044954236,f71900981ba2cefb,4674c04b4fd6b483,0.52
scenarios/p1-goss-1989/fig2c-r2.json,989,7120563794051457878,f994d1de117a60ca,fc2522e2556cfee2,0.696
scenarios/p1-goss-1989/fig2c-r2.json,990,14414100815295366883,1f2367514ce77864,73214397e4fa7b5b,0.968
scenarios/p1-goss-1989/fig2c-r2.json,991,1092659429203528432,0d1d66fbdf23c9a6,55aac5ee697e8c25,0.844
scenarios/p1-goss-1989/fig2c-r2.json,992,2164578758439319164,d9fb688527bb2b58,608e30c5cb5a418b,0.87
scenarios/p1-goss-1989/fig2c-r2.json,993,8095955273341585094,920277eca24ecae6,a0707e03b60fab1d,0.408
scenarios/p1-goss-1989/fig2c-r2.json,994,7536414603855717303,8f4f157405d99699,098fce1eec9944ed,0.118
scenarios/p1-goss-1989/fig2c-r2.json,995,7003573847682889428,20fe08a14feb2105,1100da3275589877,0.454
scenarios/p1-goss-1989/fig2c-r2.json,996,8918097676946416481,c5a83bd1894a3c68,cda61c0f52f7b529,0.336
scenarios/p1-goss-1989/fig2c-r2.json,997,13392001564334207158,01397dba4484deee,a3aba1cf16b998eb,0.926
scenarios/p1-goss-1989/fig2c-r2.json,998,9120276814270410616,752a2958abc4783c,70b50c7e54ff6eab,0.012
scenarios/p1-goss-1989/fig2c-r2.json,999,17602721097030663700,9a0f7f0eab87df4c,ddf7c559f6e1156b,0.978
